gene,log2FC,p_value,FDR
hsa-piR-27572_596565,2.4854268217189155,0.008799720602745613,
hsa-piR-28388_626034,28.543715903058448,0.0039532414916356295,
hsa-piR-29910_632583,-28.543715903058448,0.0039532414916356295,
hsa-piR-32972_744084,-1.8479969017619966,0.006939719108233989,
hsa-piR-33145_752545,1.71620703070182,0.0062485858235586215,
hsa-piR-900_806155,28.83322251958309,0.008259361247472799,
SNORD103A_URS000075CFA2,-2.2341135789055517,0.003444720899856311,
SNORD103B_URS000075CFA2,-2.286334493446783,0.0036024146268835654,
tRNA-Tyr-GTA-4-1,-28.83322251958309,0.00229646362861849,
