gene,log2FC,p_value,FDR,baseMean,lfcSE,stat
SNORD103B_URS000075CFA2,-1.160456326746252,8.261848133898579e-07,0.0019919315850829,27.515862010738733,0.2495492826107035,-4.9290782498596855
SNORD103A_URS000075CFA2,-1.0587860938399103,8.276079714660149e-06,0.0099768140960228,40.83210097694815,0.2495172468352197,-4.457914760507252
hsa-miR-499a-5p,-1.059000977465826,1.2477761498284473e-05,0.0100279609907879,361.7791676942608,0.2444694069246621,-4.369068519839328
