block,modality,feature,model_name,position
RNA_lncRNA,mRNA,KDM5D,mRNA__KDM5D,1
RNA_lncRNA,mRNA,UTY,mRNA__UTY,2
RNA_lncRNA,mRNA,USP9Y,mRNA__USP9Y,3
RNA_lncRNA,mRNA,DDX3Y,mRNA__DDX3Y,4
RNA_lncRNA,mRNA,RPS4Y1,mRNA__RPS4Y1,5
RNA_lncRNA,mRNA,ZFY,mRNA__ZFY,6
RNA_lncRNA,mRNA,EIF1AY,mRNA__EIF1AY,7
RNA_lncRNA,mRNA,GSTM1,mRNA__GSTM1,8
RNA_lncRNA,mRNA,PRKY,mRNA__PRKY,9
RNA_lncRNA,mRNA,NLGN4Y,mRNA__NLGN4Y,10
RNA_lncRNA,mRNA,TBL1Y,mRNA__TBL1Y,11
RNA_lncRNA,mRNA,IGFN1,mRNA__IGFN1,12
RNA_lncRNA,mRNA,SBK2,mRNA__SBK2,13
RNA_lncRNA,mRNA,HMGCS2,mRNA__HMGCS2,14
RNA_lncRNA,mRNA,METTL21C,mRNA__METTL21C,15
RNA_lncRNA,mRNA,IL6,mRNA__IL6,16
RNA_lncRNA,mRNA,GATD3A,mRNA__GATD3A,17
RNA_lncRNA,mRNA,CCDC144A,mRNA__CCDC144A,18
RNA_lncRNA,mRNA,HLA-DRB5,mRNA__HLA-DRB5,19
RNA_lncRNA,mRNA,SIK1,mRNA__SIK1,20
RNA_lncRNA,mRNA,COMP,mRNA__COMP,21
RNA_lncRNA,mRNA,SELE,mRNA__SELE,22
RNA_lncRNA,mRNA,LBP,mRNA__LBP,23
RNA_lncRNA,mRNA,SLC44A5,mRNA__SLC44A5,24
RNA_lncRNA,mRNA,PCDH11Y,mRNA__PCDH11Y,25
RNA_lncRNA,mRNA,ANKRD1,mRNA__ANKRD1,26
RNA_lncRNA,mRNA,C1ORF158,mRNA__C1ORF158,27
RNA_lncRNA,mRNA,U2AF1,mRNA__U2AF1,28
RNA_lncRNA,mRNA,U2AF1L5,mRNA__U2AF1L5,29
RNA_lncRNA,mRNA,DDN,mRNA__DDN,30
RNA_lncRNA,mRNA,CDH16,mRNA__CDH16,31
RNA_lncRNA,mRNA,FOSB,mRNA__FOSB,32
RNA_lncRNA,mRNA,COL1A1,mRNA__COL1A1,33
RNA_lncRNA,mRNA,TBC1D3L,mRNA__TBC1D3L,34
RNA_lncRNA,mRNA,CXCL8,mRNA__CXCL8,35
RNA_lncRNA,mRNA,ATP6V1FNB,mRNA__ATP6V1FNB,36
RNA_lncRNA,mRNA,CYP1A1,mRNA__CYP1A1,37
RNA_lncRNA,mRNA,SCD,mRNA__SCD,38
RNA_lncRNA,mRNA,CILP2,mRNA__CILP2,39
RNA_lncRNA,mRNA,MYH1,mRNA__MYH1,40
RNA_lncRNA,mRNA,AC098850.3,mRNA__AC098850.3,41
RNA_lncRNA,mRNA,CRYM,mRNA__CRYM,42
RNA_lncRNA,mRNA,MT1A,mRNA__MT1A,43
RNA_lncRNA,mRNA,FOSL1,mRNA__FOSL1,44
RNA_lncRNA,mRNA,KERA,mRNA__KERA,45
RNA_lncRNA,mRNA,PVALB,mRNA__PVALB,46
RNA_lncRNA,mRNA,SFRP2,mRNA__SFRP2,47
RNA_lncRNA,mRNA,CSF3,mRNA__CSF3,48
RNA_lncRNA,mRNA,HBA2,mRNA__HBA2,49
RNA_lncRNA,mRNA,HAS1,mRNA__HAS1,50
RNA_lncRNA,mRNA,DIRAS1,mRNA__DIRAS1,51
RNA_lncRNA,mRNA,GOLGA6L4,mRNA__GOLGA6L4,52
RNA_lncRNA,mRNA,CPXM1,mRNA__CPXM1,53
RNA_lncRNA,mRNA,CH25H,mRNA__CH25H,54
RNA_lncRNA,mRNA,DDTL,mRNA__DDTL,55
RNA_lncRNA,mRNA,TLCD3B,mRNA__TLCD3B,56
RNA_lncRNA,mRNA,OPRD1,mRNA__OPRD1,57
RNA_lncRNA,mRNA,SOCS3,mRNA__SOCS3,58
RNA_lncRNA,mRNA,ARL17B,mRNA__ARL17B,59
RNA_lncRNA,mRNA,SFRP5,mRNA__SFRP5,60
RNA_lncRNA,mRNA,ACTN3,mRNA__ACTN3,61
RNA_lncRNA,mRNA,FAM240C,mRNA__FAM240C,62
RNA_lncRNA,mRNA,NPIPB15,mRNA__NPIPB15,63
RNA_lncRNA,mRNA,ADAMTS4,mRNA__ADAMTS4,64
RNA_lncRNA,mRNA,MYBPH,mRNA__MYBPH,65
RNA_lncRNA,mRNA,ARG2,mRNA__ARG2,66
RNA_lncRNA,mRNA,EGR1,mRNA__EGR1,67
RNA_lncRNA,mRNA,ICAM4,mRNA__ICAM4,68
RNA_lncRNA,mRNA,SIM1,mRNA__SIM1,69
RNA_lncRNA,mRNA,CISH,mRNA__CISH,70
RNA_lncRNA,mRNA,SFRP4,mRNA__SFRP4,71
RNA_lncRNA,mRNA,ADIPOQ,mRNA__ADIPOQ,72
RNA_lncRNA,mRNA,CXCL2,mRNA__CXCL2,73
RNA_lncRNA,mRNA,NR4A3,mRNA__NR4A3,74
RNA_lncRNA,mRNA,SERPINA3,mRNA__SERPINA3,75
RNA_lncRNA,mRNA,SPP1,mRNA__SPP1,76
RNA_lncRNA,mRNA,CALML6,mRNA__CALML6,77
RNA_lncRNA,mRNA,LRRC15,mRNA__LRRC15,78
RNA_lncRNA,mRNA,ATRNL1,mRNA__ATRNL1,79
RNA_lncRNA,mRNA,TNMD,mRNA__TNMD,80
RNA_lncRNA,mRNA,ASTL,mRNA__ASTL,81
RNA_lncRNA,mRNA,CCL2,mRNA__CCL2,82
RNA_lncRNA,mRNA,CHI3L1,mRNA__CHI3L1,83
RNA_lncRNA,mRNA,COL3A1,mRNA__COL3A1,84
RNA_lncRNA,mRNA,PRR32,mRNA__PRR32,85
RNA_lncRNA,mRNA,TM4SF19,mRNA__TM4SF19,86
RNA_lncRNA,mRNA,PWP2,mRNA__PWP2,87
RNA_lncRNA,mRNA,PTGS2,mRNA__PTGS2,88
RNA_lncRNA,mRNA,CHRNG,mRNA__CHRNG,89
RNA_lncRNA,mRNA,MXRA5,mRNA__MXRA5,90
RNA_lncRNA,mRNA,KRT80,mRNA__KRT80,91
RNA_lncRNA,mRNA,SAA1,mRNA__SAA1,92
RNA_lncRNA,mRNA,SERF1A,mRNA__SERF1A,93
RNA_lncRNA,mRNA,BDNF,mRNA__BDNF,94
RNA_lncRNA,mRNA,VMO1,mRNA__VMO1,95
RNA_lncRNA,mRNA,ACTC1,mRNA__ACTC1,96
RNA_lncRNA,mRNA,MYLK4,mRNA__MYLK4,97
RNA_lncRNA,mRNA,OSM,mRNA__OSM,98
RNA_lncRNA,mRNA,SAMD11,mRNA__SAMD11,99
RNA_lncRNA,mRNA,NCMAP,mRNA__NCMAP,100
RNA_lncRNA,mRNA,MMP9,mRNA__MMP9,101
RNA_lncRNA,mRNA,GYG2,mRNA__GYG2,102
RNA_lncRNA,mRNA,NPR3,mRNA__NPR3,103
RNA_lncRNA,mRNA,SLPI,mRNA__SLPI,104
RNA_lncRNA,mRNA,SCGB1D2,mRNA__SCGB1D2,105
RNA_lncRNA,mRNA,ATF3,mRNA__ATF3,106
RNA_lncRNA,mRNA,SIK1B,mRNA__SIK1B,107
RNA_lncRNA,mRNA,UTS2R,mRNA__UTS2R,108
RNA_lncRNA,mRNA,MPZ,mRNA__MPZ,109
RNA_lncRNA,mRNA,DUSP2,mRNA__DUSP2,110
RNA_lncRNA,mRNA,CD177,mRNA__CD177,111
RNA_lncRNA,mRNA,JUNB,mRNA__JUNB,112
RNA_lncRNA,mRNA,AHRR,mRNA__AHRR,113
RNA_lncRNA,mRNA,MYH3,mRNA__MYH3,114
RNA_lncRNA,mRNA,AC138969.1,mRNA__AC138969.1,115
RNA_lncRNA,mRNA,TNC,mRNA__TNC,116
RNA_lncRNA,mRNA,CXCL1,mRNA__CXCL1,117
RNA_lncRNA,mRNA,RBP4,mRNA__RBP4,118
RNA_lncRNA,mRNA,CCL3L3,mRNA__CCL3L3,119
RNA_lncRNA,mRNA,RND1,mRNA__RND1,120
RNA_lncRNA,mRNA,HBA1,mRNA__HBA1,121
RNA_lncRNA,mRNA,CCL18,mRNA__CCL18,122
RNA_lncRNA,mRNA,GADD45B,mRNA__GADD45B,123
RNA_lncRNA,mRNA,CHAC1,mRNA__CHAC1,124
RNA_lncRNA,mRNA,HYAL4,mRNA__HYAL4,125
RNA_lncRNA,mRNA,NMRK2,mRNA__NMRK2,126
RNA_lncRNA,mRNA,GREM2,mRNA__GREM2,127
RNA_lncRNA,mRNA,SPON1,mRNA__SPON1,128
RNA_lncRNA,mRNA,MYH8,mRNA__MYH8,129
RNA_lncRNA,mRNA,CIDEC,mRNA__CIDEC,130
RNA_lncRNA,mRNA,MT-ND6,mRNA__MT-ND6,131
RNA_lncRNA,mRNA,TYRP1,mRNA__TYRP1,132
RNA_lncRNA,mRNA,CCL21,mRNA__CCL21,133
RNA_lncRNA,mRNA,PLIN1,mRNA__PLIN1,134
RNA_lncRNA,mRNA,CA14,mRNA__CA14,135
RNA_lncRNA,mRNA,CLDN1,mRNA__CLDN1,136
RNA_lncRNA,mRNA,MAFF,mRNA__MAFF,137
RNA_lncRNA,mRNA,CCL4L2,mRNA__CCL4L2,138
RNA_lncRNA,mRNA,ARC,mRNA__ARC,139
RNA_lncRNA,mRNA,TREM1,mRNA__TREM1,140
RNA_lncRNA,mRNA,SMIM32,mRNA__SMIM32,141
RNA_lncRNA,mRNA,KCNE5,mRNA__KCNE5,142
RNA_lncRNA,mRNA,CCL22,mRNA__CCL22,143
RNA_lncRNA,mRNA,MMP23B,mRNA__MMP23B,144
RNA_lncRNA,mRNA,LRRC3B,mRNA__LRRC3B,145
RNA_lncRNA,mRNA,HSPA6,mRNA__HSPA6,146
RNA_lncRNA,mRNA,ADARB2,mRNA__ADARB2,147
RNA_lncRNA,mRNA,TNFRSF12A,mRNA__TNFRSF12A,148
RNA_lncRNA,mRNA,GDA,mRNA__GDA,149
RNA_lncRNA,mRNA,SHD,mRNA__SHD,150
RNA_lncRNA,mRNA,FCGR3B,mRNA__FCGR3B,151
RNA_lncRNA,mRNA,ANGPTL7,mRNA__ANGPTL7,152
RNA_lncRNA,mRNA,PRND,mRNA__PRND,153
RNA_lncRNA,mRNA,S100A8,mRNA__S100A8,154
RNA_lncRNA,mRNA,SLC19A3,mRNA__SLC19A3,155
RNA_lncRNA,mRNA,MINAR1,mRNA__MINAR1,156
RNA_lncRNA,mRNA,FABP7,mRNA__FABP7,157
RNA_lncRNA,mRNA,SULT1C2,mRNA__SULT1C2,158
RNA_lncRNA,mRNA,KLB,mRNA__KLB,159
RNA_lncRNA,mRNA,PMP2,mRNA__PMP2,160
RNA_lncRNA,mRNA,ANKRD2,mRNA__ANKRD2,161
RNA_lncRNA,mRNA,CDKN1A,mRNA__CDKN1A,162
RNA_lncRNA,mRNA,COL1A2,mRNA__COL1A2,163
RNA_lncRNA,mRNA,PROK2,mRNA__PROK2,164
RNA_lncRNA,mRNA,AREG,mRNA__AREG,165
RNA_lncRNA,mRNA,LCN8,mRNA__LCN8,166
RNA_lncRNA,mRNA,COL22A1,mRNA__COL22A1,167
RNA_lncRNA,mRNA,ALAS2,mRNA__ALAS2,168
RNA_lncRNA,mRNA,LTK,mRNA__LTK,169
RNA_lncRNA,mRNA,ICOSLG,mRNA__ICOSLG,170
RNA_lncRNA,mRNA,HBB,mRNA__HBB,171
RNA_lncRNA,mRNA,THY1,mRNA__THY1,172
RNA_lncRNA,mRNA,GDNF,mRNA__GDNF,173
RNA_lncRNA,mRNA,COL19A1,mRNA__COL19A1,174
RNA_lncRNA,mRNA,CIDEA,mRNA__CIDEA,175
RNA_lncRNA,mRNA,IRX3,mRNA__IRX3,176
RNA_lncRNA,mRNA,XKR9,mRNA__XKR9,177
RNA_lncRNA,mRNA,ITLN1,mRNA__ITLN1,178
RNA_lncRNA,mRNA,LRRC52,mRNA__LRRC52,179
RNA_lncRNA,mRNA,THBS4,mRNA__THBS4,180
RNA_lncRNA,mRNA,FCAR,mRNA__FCAR,181
RNA_lncRNA,mRNA,EGR2,mRNA__EGR2,182
RNA_lncRNA,mRNA,LIF,mRNA__LIF,183
RNA_lncRNA,mRNA,ZNF556,mRNA__ZNF556,184
RNA_lncRNA,mRNA,SLC26A9,mRNA__SLC26A9,185
RNA_lncRNA,mRNA,THBS1,mRNA__THBS1,186
RNA_lncRNA,mRNA,PLA2G2A,mRNA__PLA2G2A,187
RNA_lncRNA,mRNA,PPP1R1B,mRNA__PPP1R1B,188
RNA_lncRNA,mRNA,MT1M,mRNA__MT1M,189
RNA_lncRNA,mRNA,LRG1,mRNA__LRG1,190
RNA_lncRNA,mRNA,PRG4,mRNA__PRG4,191
RNA_lncRNA,mRNA,LEP,mRNA__LEP,192
RNA_lncRNA,mRNA,NPIPB13,mRNA__NPIPB13,193
RNA_lncRNA,mRNA,CLDN19,mRNA__CLDN19,194
RNA_lncRNA,mRNA,TRARG1,mRNA__TRARG1,195
RNA_lncRNA,mRNA,LGALS12,mRNA__LGALS12,196
RNA_lncRNA,mRNA,SLC7A10,mRNA__SLC7A10,197
RNA_lncRNA,mRNA,PPBP,mRNA__PPBP,198
RNA_lncRNA,mRNA,CHAD,mRNA__CHAD,199
RNA_lncRNA,mRNA,S100A9,mRNA__S100A9,200
RNA_lncRNA,mRNA,MFAP3L,mRNA__MFAP3L,201
RNA_lncRNA,mRNA,CCR3,mRNA__CCR3,202
RNA_lncRNA,mRNA,PTX3,mRNA__PTX3,203
RNA_lncRNA,mRNA,SERPINE1,mRNA__SERPINE1,204
RNA_lncRNA,mRNA,SCT,mRNA__SCT,205
RNA_lncRNA,mRNA,CTXND1,mRNA__CTXND1,206
RNA_lncRNA,mRNA,OTUD1,mRNA__OTUD1,207
RNA_lncRNA,mRNA,GPRC5A,mRNA__GPRC5A,208
RNA_lncRNA,mRNA,MLLT11,mRNA__MLLT11,209
RNA_lncRNA,mRNA,S100A12,mRNA__S100A12,210
RNA_lncRNA,mRNA,OR1E1,mRNA__OR1E1,211
RNA_lncRNA,mRNA,PCK1,mRNA__PCK1,212
RNA_lncRNA,mRNA,TDGF1,mRNA__TDGF1,213
RNA_lncRNA,mRNA,NPPC,mRNA__NPPC,214
RNA_lncRNA,mRNA,CCL24,mRNA__CCL24,215
RNA_lncRNA,mRNA,FNDC1,mRNA__FNDC1,216
RNA_lncRNA,mRNA,IRX4,mRNA__IRX4,217
RNA_lncRNA,mRNA,FP565260.3,mRNA__FP565260.3,218
RNA_lncRNA,mRNA,MYC,mRNA__MYC,219
RNA_lncRNA,mRNA,PIEZO2,mRNA__PIEZO2,220
RNA_lncRNA,mRNA,TAS2R43,mRNA__TAS2R43,221
RNA_lncRNA,mRNA,JCHAIN,mRNA__JCHAIN,222
RNA_lncRNA,mRNA,SLC30A2,mRNA__SLC30A2,223
RNA_lncRNA,mRNA,CDH20,mRNA__CDH20,224
RNA_lncRNA,mRNA,MUC22,mRNA__MUC22,225
RNA_lncRNA,mRNA,NYAP2,mRNA__NYAP2,226
RNA_lncRNA,mRNA,ADCYAP1,mRNA__ADCYAP1,227
RNA_lncRNA,mRNA,ZFP36,mRNA__ZFP36,228
RNA_lncRNA,mRNA,TPSD1,mRNA__TPSD1,229
RNA_lncRNA,mRNA,AZGP1,mRNA__AZGP1,230
RNA_lncRNA,mRNA,OR52N5,mRNA__OR52N5,231
RNA_lncRNA,mRNA,ADGRG3,mRNA__ADGRG3,232
RNA_lncRNA,mRNA,CXCL10,mRNA__CXCL10,233
RNA_lncRNA,mRNA,LARGE2,mRNA__LARGE2,234
RNA_lncRNA,mRNA,EGR3,mRNA__EGR3,235
RNA_lncRNA,mRNA,HPDL,mRNA__HPDL,236
RNA_lncRNA,mRNA,NPTX1,mRNA__NPTX1,237
RNA_lncRNA,mRNA,OLR1,mRNA__OLR1,238
RNA_lncRNA,mRNA,FOS,mRNA__FOS,239
RNA_lncRNA,mRNA,ALX4,mRNA__ALX4,240
RNA_lncRNA,mRNA,FXYD4,mRNA__FXYD4,241
RNA_lncRNA,mRNA,ICAM5,mRNA__ICAM5,242
RNA_lncRNA,mRNA,PLCH1,mRNA__PLCH1,243
RNA_lncRNA,mRNA,LAD1,mRNA__LAD1,244
RNA_lncRNA,mRNA,GALNTL6,mRNA__GALNTL6,245
RNA_lncRNA,mRNA,BMP3,mRNA__BMP3,246
RNA_lncRNA,mRNA,OR3A2,mRNA__OR3A2,247
RNA_lncRNA,mRNA,HTR7,mRNA__HTR7,248
RNA_lncRNA,mRNA,IL1B,mRNA__IL1B,249
RNA_lncRNA,mRNA,ST8SIA2,mRNA__ST8SIA2,250
RNA_lncRNA,mRNA,CXCR1,mRNA__CXCR1,251
RNA_lncRNA,mRNA,CCL3,mRNA__CCL3,252
RNA_lncRNA,mRNA,RGPD2,mRNA__RGPD2,253
RNA_lncRNA,mRNA,UGT8,mRNA__UGT8,254
RNA_lncRNA,mRNA,C2CD4B,mRNA__C2CD4B,255
RNA_lncRNA,mRNA,CRABP2,mRNA__CRABP2,256
RNA_lncRNA,mRNA,MYEOV,mRNA__MYEOV,257
RNA_lncRNA,mRNA,PNPLA3,mRNA__PNPLA3,258
RNA_lncRNA,mRNA,SLC2A3,mRNA__SLC2A3,259
RNA_lncRNA,mRNA,CCDC80,mRNA__CCDC80,260
RNA_lncRNA,mRNA,SIGLEC14,mRNA__SIGLEC14,261
RNA_lncRNA,mRNA,FOXD1,mRNA__FOXD1,262
RNA_lncRNA,mRNA,KCNC2,mRNA__KCNC2,263
RNA_lncRNA,mRNA,ASPN,mRNA__ASPN,264
RNA_lncRNA,mRNA,CXCR2,mRNA__CXCR2,265
RNA_lncRNA,mRNA,PADI4,mRNA__PADI4,266
RNA_lncRNA,mRNA,GADD45G,mRNA__GADD45G,267
RNA_lncRNA,mRNA,OGN,mRNA__OGN,268
RNA_lncRNA,mRNA,GAS2L2,mRNA__GAS2L2,269
RNA_lncRNA,mRNA,ADGRV1,mRNA__ADGRV1,270
RNA_lncRNA,mRNA,MT1G,mRNA__MT1G,271
RNA_lncRNA,mRNA,RNF182,mRNA__RNF182,272
RNA_lncRNA,mRNA,AQP9,mRNA__AQP9,273
RNA_lncRNA,mRNA,MMP19,mRNA__MMP19,274
RNA_lncRNA,mRNA,STATH,mRNA__STATH,275
RNA_lncRNA,mRNA,ADGRG7,mRNA__ADGRG7,276
RNA_lncRNA,mRNA,TMSB4Y,mRNA__TMSB4Y,277
RNA_lncRNA,mRNA,RGS1,mRNA__RGS1,278
RNA_lncRNA,mRNA,IL1R2,mRNA__IL1R2,279
RNA_lncRNA,mRNA,PRSS45P,mRNA__PRSS45P,280
RNA_lncRNA,mRNA,ZNF750,mRNA__ZNF750,281
RNA_lncRNA,mRNA,XIRP1,mRNA__XIRP1,282
RNA_lncRNA,mRNA,BGN,mRNA__BGN,283
RNA_lncRNA,mRNA,POSTN,mRNA__POSTN,284
RNA_lncRNA,mRNA,FPR1,mRNA__FPR1,285
RNA_lncRNA,mRNA,CCN4,mRNA__CCN4,286
RNA_lncRNA,mRNA,CCL11,mRNA__CCL11,287
RNA_lncRNA,mRNA,RGS16,mRNA__RGS16,288
RNA_lncRNA,mRNA,F2RL2,mRNA__F2RL2,289
RNA_lncRNA,mRNA,CKB,mRNA__CKB,290
RNA_lncRNA,mRNA,CCL19,mRNA__CCL19,291
RNA_lncRNA,mRNA,AC008397.1,mRNA__AC008397.1,292
RNA_lncRNA,mRNA,KLK1,mRNA__KLK1,293
RNA_lncRNA,mRNA,PLAUR,mRNA__PLAUR,294
RNA_lncRNA,mRNA,TMEM59L,mRNA__TMEM59L,295
RNA_lncRNA,mRNA,TBC1D3E,mRNA__TBC1D3E,296
RNA_lncRNA,mRNA,PFKFB3,mRNA__PFKFB3,297
RNA_lncRNA,mRNA,ASB9,mRNA__ASB9,298
RNA_lncRNA,mRNA,ADAM12,mRNA__ADAM12,299
RNA_lncRNA,mRNA,MYL10,mRNA__MYL10,300
RNA_lncRNA,mRNA,SLC47A2,mRNA__SLC47A2,301
RNA_lncRNA,mRNA,G0S2,mRNA__G0S2,302
RNA_lncRNA,mRNA,DPYSL5,mRNA__DPYSL5,303
RNA_lncRNA,mRNA,HLA-DQB2,mRNA__HLA-DQB2,304
RNA_lncRNA,mRNA,LRTM1,mRNA__LRTM1,305
RNA_lncRNA,mRNA,DRP2,mRNA__DRP2,306
RNA_lncRNA,mRNA,CXADR,mRNA__CXADR,307
RNA_lncRNA,mRNA,IRX2,mRNA__IRX2,308
RNA_lncRNA,mRNA,SLC4A1,mRNA__SLC4A1,309
RNA_lncRNA,mRNA,C9ORF135,mRNA__C9ORF135,310
RNA_lncRNA,mRNA,ARHGDIG,mRNA__ARHGDIG,311
RNA_lncRNA,mRNA,CCN3,mRNA__CCN3,312
RNA_lncRNA,mRNA,FNDC10,mRNA__FNDC10,313
RNA_lncRNA,mRNA,CACNB2,mRNA__CACNB2,314
RNA_lncRNA,mRNA,MROH7-TTC4,mRNA__MROH7-TTC4,315
RNA_lncRNA,mRNA,IL21R,mRNA__IL21R,316
RNA_lncRNA,mRNA,H1-5,mRNA__H1-5,317
RNA_lncRNA,mRNA,ANKRD20A4P,mRNA__ANKRD20A4P,318
RNA_lncRNA,mRNA,KRT31,mRNA__KRT31,319
RNA_lncRNA,mRNA,CCL8,mRNA__CCL8,320
RNA_lncRNA,mRNA,ICAM1,mRNA__ICAM1,321
RNA_lncRNA,mRNA,GTSF1,mRNA__GTSF1,322
RNA_lncRNA,mRNA,FYB2,mRNA__FYB2,323
RNA_lncRNA,mRNA,GGT7,mRNA__GGT7,324
RNA_lncRNA,mRNA,NR4A2,mRNA__NR4A2,325
RNA_lncRNA,mRNA,KRT19,mRNA__KRT19,326
RNA_lncRNA,mRNA,FGF5,mRNA__FGF5,327
RNA_lncRNA,mRNA,COL10A1,mRNA__COL10A1,328
RNA_lncRNA,mRNA,DGAT2,mRNA__DGAT2,329
RNA_lncRNA,mRNA,LUM,mRNA__LUM,330
RNA_lncRNA,mRNA,LAMP5,mRNA__LAMP5,331
RNA_lncRNA,mRNA,H3C3,mRNA__H3C3,332
RNA_lncRNA,mRNA,TRIM58,mRNA__TRIM58,333
RNA_lncRNA,mRNA,GAL3ST2,mRNA__GAL3ST2,334
RNA_lncRNA,mRNA,TMEM252,mRNA__TMEM252,335
RNA_lncRNA,mRNA,OR7D2,mRNA__OR7D2,336
RNA_lncRNA,mRNA,CHIT1,mRNA__CHIT1,337
RNA_lncRNA,mRNA,HP,mRNA__HP,338
RNA_lncRNA,mRNA,CAPN8,mRNA__CAPN8,339
RNA_lncRNA,mRNA,APOBEC3B,mRNA__APOBEC3B,340
RNA_lncRNA,mRNA,HLA-DQA2,mRNA__HLA-DQA2,341
RNA_lncRNA,mRNA,PLK5,mRNA__PLK5,342
RNA_lncRNA,mRNA,HBEGF,mRNA__HBEGF,343
RNA_lncRNA,mRNA,EGFL6,mRNA__EGFL6,344
RNA_lncRNA,mRNA,HCAR2,mRNA__HCAR2,345
RNA_lncRNA,mRNA,ANKRD18B,mRNA__ANKRD18B,346
RNA_lncRNA,mRNA,PDE4C,mRNA__PDE4C,347
RNA_lncRNA,mRNA,F2RL3,mRNA__F2RL3,348
RNA_lncRNA,mRNA,MYMK,mRNA__MYMK,349
RNA_lncRNA,mRNA,IL1RN,mRNA__IL1RN,350
RNA_lncRNA,mRNA,FCER2,mRNA__FCER2,351
RNA_lncRNA,mRNA,FFAR2,mRNA__FFAR2,352
RNA_lncRNA,mRNA,UNCX,mRNA__UNCX,353
RNA_lncRNA,mRNA,GDF15,mRNA__GDF15,354
RNA_lncRNA,mRNA,H3C2,mRNA__H3C2,355
RNA_lncRNA,mRNA,NGFR,mRNA__NGFR,356
RNA_lncRNA,mRNA,AL845331.1,mRNA__AL845331.1,357
RNA_lncRNA,mRNA,SAA2,mRNA__SAA2,358
RNA_lncRNA,mRNA,CLDN6,mRNA__CLDN6,359
RNA_lncRNA,mRNA,SLC16A7,mRNA__SLC16A7,360
RNA_lncRNA,mRNA,GDF7,mRNA__GDF7,361
RNA_lncRNA,mRNA,OR1E2,mRNA__OR1E2,362
RNA_lncRNA,mRNA,SOX3,mRNA__SOX3,363
RNA_lncRNA,mRNA,SLC5A4,mRNA__SLC5A4,364
RNA_lncRNA,mRNA,H3C11,mRNA__H3C11,365
RNA_lncRNA,mRNA,PAX3,mRNA__PAX3,366
RNA_lncRNA,mRNA,SLC11A1,mRNA__SLC11A1,367
RNA_lncRNA,mRNA,PPP1R1C,mRNA__PPP1R1C,368
RNA_lncRNA,mRNA,B4GALNT3,mRNA__B4GALNT3,369
RNA_lncRNA,mRNA,CSF3R,mRNA__CSF3R,370
RNA_lncRNA,mRNA,FA2H,mRNA__FA2H,371
RNA_lncRNA,mRNA,NEU4,mRNA__NEU4,372
RNA_lncRNA,mRNA,CLVS2,mRNA__CLVS2,373
RNA_lncRNA,mRNA,TNFRSF10C,mRNA__TNFRSF10C,374
RNA_lncRNA,mRNA,ARHGAP36,mRNA__ARHGAP36,375
RNA_lncRNA,mRNA,NEFM,mRNA__NEFM,376
RNA_lncRNA,mRNA,TMEM119,mRNA__TMEM119,377
RNA_lncRNA,mRNA,RYR3,mRNA__RYR3,378
RNA_lncRNA,mRNA,CYP26B1,mRNA__CYP26B1,379
RNA_lncRNA,mRNA,CAMK1G,mRNA__CAMK1G,380
RNA_lncRNA,mRNA,TNFSF9,mRNA__TNFSF9,381
RNA_lncRNA,mRNA,CCDC197,mRNA__CCDC197,382
RNA_lncRNA,mRNA,CXCL3,mRNA__CXCL3,383
RNA_lncRNA,mRNA,NWD2,mRNA__NWD2,384
RNA_lncRNA,mRNA,APOBEC3A,mRNA__APOBEC3A,385
RNA_lncRNA,mRNA,KLRG2,mRNA__KLRG2,386
RNA_lncRNA,mRNA,AHSP,mRNA__AHSP,387
RNA_lncRNA,mRNA,TCF24,mRNA__TCF24,388
RNA_lncRNA,mRNA,HCAR3,mRNA__HCAR3,389
RNA_lncRNA,mRNA,CHRNE,mRNA__CHRNE,390
RNA_lncRNA,mRNA,PLGLB1,mRNA__PLGLB1,391
RNA_lncRNA,mRNA,ANGPTL4,mRNA__ANGPTL4,392
RNA_lncRNA,mRNA,NNAT,mRNA__NNAT,393
RNA_lncRNA,mRNA,SLC16A3,mRNA__SLC16A3,394
RNA_lncRNA,mRNA,TNNT2,mRNA__TNNT2,395
RNA_lncRNA,mRNA,SH2D1B,mRNA__SH2D1B,396
RNA_lncRNA,mRNA,COL11A1,mRNA__COL11A1,397
RNA_lncRNA,mRNA,LRRC8E,mRNA__LRRC8E,398
RNA_lncRNA,mRNA,FRMD1,mRNA__FRMD1,399
RNA_lncRNA,mRNA,CYP4F3,mRNA__CYP4F3,400
RNA_lncRNA,mRNA,OGDHL,mRNA__OGDHL,401
RNA_lncRNA,mRNA,LEFTY2,mRNA__LEFTY2,402
RNA_lncRNA,mRNA,GLYAT,mRNA__GLYAT,403
RNA_lncRNA,mRNA,WNT9B,mRNA__WNT9B,404
RNA_lncRNA,mRNA,TUBB4A,mRNA__TUBB4A,405
RNA_lncRNA,mRNA,FAM240A,mRNA__FAM240A,406
RNA_lncRNA,mRNA,PLA2G2D,mRNA__PLA2G2D,407
RNA_lncRNA,mRNA,CEACAM4,mRNA__CEACAM4,408
RNA_lncRNA,mRNA,FGF21,mRNA__FGF21,409
RNA_lncRNA,mRNA,PDZK1IP1,mRNA__PDZK1IP1,410
RNA_lncRNA,mRNA,DKK2,mRNA__DKK2,411
RNA_lncRNA,mRNA,STPG3,mRNA__STPG3,412
RNA_lncRNA,mRNA,DEFB1,mRNA__DEFB1,413
RNA_lncRNA,mRNA,OLIG1,mRNA__OLIG1,414
RNA_lncRNA,mRNA,COLEC11,mRNA__COLEC11,415
RNA_lncRNA,mRNA,MMP25,mRNA__MMP25,416
RNA_lncRNA,mRNA,TMEM70,mRNA__TMEM70,417
RNA_lncRNA,mRNA,P2RX3,mRNA__P2RX3,418
RNA_lncRNA,mRNA,EFNA2,mRNA__EFNA2,419
RNA_lncRNA,mRNA,ESPN,mRNA__ESPN,420
RNA_lncRNA,mRNA,SDC1,mRNA__SDC1,421
RNA_lncRNA,mRNA,ADAMTS2,mRNA__ADAMTS2,422
RNA_lncRNA,mRNA,GNMT,mRNA__GNMT,423
RNA_lncRNA,mRNA,C1ORF105,mRNA__C1ORF105,424
RNA_lncRNA,mRNA,CYP7A1,mRNA__CYP7A1,425
RNA_lncRNA,mRNA,TFPI2,mRNA__TFPI2,426
RNA_lncRNA,mRNA,H3C8,mRNA__H3C8,427
RNA_lncRNA,mRNA,ECEL1,mRNA__ECEL1,428
RNA_lncRNA,mRNA,HEMGN,mRNA__HEMGN,429
RNA_lncRNA,mRNA,ITPKA,mRNA__ITPKA,430
RNA_lncRNA,mRNA,CYTL1,mRNA__CYTL1,431
RNA_lncRNA,mRNA,FOXM1,mRNA__FOXM1,432
RNA_lncRNA,mRNA,CA1,mRNA__CA1,433
RNA_lncRNA,mRNA,LDHAL6A,mRNA__LDHAL6A,434
RNA_lncRNA,mRNA,IL31RA,mRNA__IL31RA,435
RNA_lncRNA,mRNA,TMEM217,mRNA__TMEM217,436
RNA_lncRNA,mRNA,LRP1B,mRNA__LRP1B,437
RNA_lncRNA,mRNA,CFB,mRNA__CFB,438
RNA_lncRNA,mRNA,OR8D4,mRNA__OR8D4,439
RNA_lncRNA,mRNA,EREG,mRNA__EREG,440
RNA_lncRNA,mRNA,SBK3,mRNA__SBK3,441
RNA_lncRNA,mRNA,OR2AT4,mRNA__OR2AT4,442
RNA_lncRNA,mRNA,KLHL10,mRNA__KLHL10,443
RNA_lncRNA,mRNA,C11ORF96,mRNA__C11ORF96,444
RNA_lncRNA,mRNA,NKAIN4,mRNA__NKAIN4,445
RNA_lncRNA,mRNA,AEBP1,mRNA__AEBP1,446
RNA_lncRNA,mRNA,ADAMTS8,mRNA__ADAMTS8,447
RNA_lncRNA,mRNA,SNAI3,mRNA__SNAI3,448
RNA_lncRNA,mRNA,HMOX1,mRNA__HMOX1,449
RNA_lncRNA,mRNA,PCDH8,mRNA__PCDH8,450
RNA_lncRNA,mRNA,CCT8L2,mRNA__CCT8L2,451
RNA_lncRNA,mRNA,CD24,mRNA__CD24,452
RNA_lncRNA,mRNA,APLN,mRNA__APLN,453
RNA_lncRNA,mRNA,MYL4,mRNA__MYL4,454
RNA_lncRNA,mRNA,BHLHA15,mRNA__BHLHA15,455
RNA_lncRNA,mRNA,CTHRC1,mRNA__CTHRC1,456
RNA_lncRNA,mRNA,MAL2,mRNA__MAL2,457
RNA_lncRNA,mRNA,CFHR3,mRNA__CFHR3,458
RNA_lncRNA,mRNA,IL32,mRNA__IL32,459
RNA_lncRNA,mRNA,OR9A2,mRNA__OR9A2,460
RNA_lncRNA,mRNA,COL20A1,mRNA__COL20A1,461
RNA_lncRNA,mRNA,GADD45A,mRNA__GADD45A,462
RNA_lncRNA,mRNA,GPR84,mRNA__GPR84,463
RNA_lncRNA,mRNA,RHD,mRNA__RHD,464
RNA_lncRNA,mRNA,SOHLH1,mRNA__SOHLH1,465
RNA_lncRNA,mRNA,CCL13,mRNA__CCL13,466
RNA_lncRNA,mRNA,CLEC12A,mRNA__CLEC12A,467
RNA_lncRNA,mRNA,FAM178B,mRNA__FAM178B,468
RNA_lncRNA,mRNA,TAC4,mRNA__TAC4,469
RNA_lncRNA,mRNA,HEPACAM,mRNA__HEPACAM,470
RNA_lncRNA,mRNA,CSNKA2IP,mRNA__CSNKA2IP,471
RNA_lncRNA,mRNA,ADGRE3,mRNA__ADGRE3,472
RNA_lncRNA,mRNA,IL23A,mRNA__IL23A,473
RNA_lncRNA,mRNA,LOX,mRNA__LOX,474
RNA_lncRNA,mRNA,ALDH3A1,mRNA__ALDH3A1,475
RNA_lncRNA,mRNA,OPRK1,mRNA__OPRK1,476
RNA_lncRNA,mRNA,MMP3,mRNA__MMP3,477
RNA_lncRNA,mRNA,BCL2A1,mRNA__BCL2A1,478
RNA_lncRNA,mRNA,ADGRF4,mRNA__ADGRF4,479
RNA_lncRNA,mRNA,ASCL5,mRNA__ASCL5,480
RNA_lncRNA,mRNA,HBM,mRNA__HBM,481
RNA_lncRNA,mRNA,IGSF22,mRNA__IGSF22,482
RNA_lncRNA,mRNA,TRPM5,mRNA__TRPM5,483
RNA_lncRNA,mRNA,ANKRD33B,mRNA__ANKRD33B,484
RNA_lncRNA,mRNA,RASD1,mRNA__RASD1,485
RNA_lncRNA,mRNA,GRIN1,mRNA__GRIN1,486
RNA_lncRNA,mRNA,OR3A1,mRNA__OR3A1,487
RNA_lncRNA,mRNA,GBX2,mRNA__GBX2,488
RNA_lncRNA,mRNA,C10ORF62,mRNA__C10ORF62,489
RNA_lncRNA,mRNA,NNMT,mRNA__NNMT,490
RNA_lncRNA,mRNA,MORN3,mRNA__MORN3,491
RNA_lncRNA,mRNA,PLGLB2,mRNA__PLGLB2,492
RNA_lncRNA,mRNA,KRT81,mRNA__KRT81,493
RNA_lncRNA,mRNA,THBD,mRNA__THBD,494
RNA_lncRNA,mRNA,TREM2,mRNA__TREM2,495
RNA_lncRNA,mRNA,ARSI,mRNA__ARSI,496
RNA_lncRNA,mRNA,MKRN2OS,mRNA__MKRN2OS,497
RNA_lncRNA,mRNA,CRABP1,mRNA__CRABP1,498
RNA_lncRNA,mRNA,PKLR,mRNA__PKLR,499
RNA_lncRNA,mRNA,C4ORF45,mRNA__C4ORF45,500
RNA_lncRNA,mRNA,SOX10,mRNA__SOX10,501
RNA_lncRNA,mRNA,CACNG7,mRNA__CACNG7,502
RNA_lncRNA,mRNA,H2BC17,mRNA__H2BC17,503
RNA_lncRNA,mRNA,SPDYE16,mRNA__SPDYE16,504
RNA_lncRNA,mRNA,RIMS1,mRNA__RIMS1,505
RNA_lncRNA,mRNA,H3C12,mRNA__H3C12,506
RNA_lncRNA,mRNA,AL049839.2,mRNA__AL049839.2,507
RNA_lncRNA,mRNA,ETV4,mRNA__ETV4,508
RNA_lncRNA,mRNA,MFSD2A,mRNA__MFSD2A,509
RNA_lncRNA,mRNA,ATP2B3,mRNA__ATP2B3,510
RNA_lncRNA,mRNA,FAM83B,mRNA__FAM83B,511
RNA_lncRNA,mRNA,AUNIP,mRNA__AUNIP,512
RNA_lncRNA,mRNA,DHDH,mRNA__DHDH,513
RNA_lncRNA,mRNA,GOLGA6L6,mRNA__GOLGA6L6,514
RNA_lncRNA,mRNA,ELN,mRNA__ELN,515
RNA_lncRNA,mRNA,ADAMTS14,mRNA__ADAMTS14,516
RNA_lncRNA,mRNA,FP565260.1,mRNA__FP565260.1,517
RNA_lncRNA,mRNA,SCN5A,mRNA__SCN5A,518
RNA_lncRNA,mRNA,KLRC1,mRNA__KLRC1,519
RNA_lncRNA,mRNA,MSLN,mRNA__MSLN,520
RNA_lncRNA,mRNA,LGR5,mRNA__LGR5,521
RNA_lncRNA,mRNA,MRAP,mRNA__MRAP,522
RNA_lncRNA,mRNA,LDHC,mRNA__LDHC,523
RNA_lncRNA,mRNA,TIMD4,mRNA__TIMD4,524
RNA_lncRNA,mRNA,PRUNE2,mRNA__PRUNE2,525
RNA_lncRNA,mRNA,CHGB,mRNA__CHGB,526
RNA_lncRNA,mRNA,KRT23,mRNA__KRT23,527
RNA_lncRNA,mRNA,PEAK3,mRNA__PEAK3,528
RNA_lncRNA,mRNA,AIPL1,mRNA__AIPL1,529
RNA_lncRNA,mRNA,UCHL1,mRNA__UCHL1,530
RNA_lncRNA,mRNA,CRYBB2,mRNA__CRYBB2,531
RNA_lncRNA,mRNA,PRODH,mRNA__PRODH,532
RNA_lncRNA,mRNA,FOXL2NB,mRNA__FOXL2NB,533
RNA_lncRNA,mRNA,RPS28,mRNA__RPS28,534
RNA_lncRNA,mRNA,AC005833.1,mRNA__AC005833.1,535
RNA_lncRNA,mRNA,FAM71A,mRNA__FAM71A,536
RNA_lncRNA,mRNA,ISL2,mRNA__ISL2,537
RNA_lncRNA,mRNA,SLC2A1,mRNA__SLC2A1,538
RNA_lncRNA,mRNA,LYPD1,mRNA__LYPD1,539
RNA_lncRNA,mRNA,BEX2,mRNA__BEX2,540
RNA_lncRNA,mRNA,KCNN1,mRNA__KCNN1,541
RNA_lncRNA,mRNA,COL14A1,mRNA__COL14A1,542
RNA_lncRNA,mRNA,PF4,mRNA__PF4,543
RNA_lncRNA,mRNA,MUSTN1,mRNA__MUSTN1,544
RNA_lncRNA,mRNA,TNFAIP6,mRNA__TNFAIP6,545
RNA_lncRNA,mRNA,BDKRB1,mRNA__BDKRB1,546
RNA_lncRNA,mRNA,LIPE,mRNA__LIPE,547
RNA_lncRNA,mRNA,FMOD,mRNA__FMOD,548
RNA_lncRNA,mRNA,UPK1B,mRNA__UPK1B,549
RNA_lncRNA,mRNA,COL8A2,mRNA__COL8A2,550
RNA_lncRNA,mRNA,TRPV3,mRNA__TRPV3,551
RNA_lncRNA,mRNA,INHBE,mRNA__INHBE,552
RNA_lncRNA,mRNA,OR4P4,mRNA__OR4P4,553
RNA_lncRNA,mRNA,NUTM2G,mRNA__NUTM2G,554
RNA_lncRNA,mRNA,IER3,mRNA__IER3,555
RNA_lncRNA,mRNA,GGN,mRNA__GGN,556
RNA_lncRNA,mRNA,TMEM107,mRNA__TMEM107,557
RNA_lncRNA,mRNA,CAMSAP3,mRNA__CAMSAP3,558
RNA_lncRNA,mRNA,CLEC4E,mRNA__CLEC4E,559
RNA_lncRNA,mRNA,MMP1,mRNA__MMP1,560
RNA_lncRNA,mRNA,CD69,mRNA__CD69,561
RNA_lncRNA,mRNA,HS3ST2,mRNA__HS3ST2,562
RNA_lncRNA,mRNA,LEMD1,mRNA__LEMD1,563
RNA_lncRNA,mRNA,IQCM,mRNA__IQCM,564
RNA_lncRNA,mRNA,SPOCK3,mRNA__SPOCK3,565
RNA_lncRNA,mRNA,KIF18B,mRNA__KIF18B,566
RNA_lncRNA,mRNA,RTP2,mRNA__RTP2,567
RNA_lncRNA,mRNA,MYCL,mRNA__MYCL,568
RNA_lncRNA,mRNA,MYOZ2,mRNA__MYOZ2,569
RNA_lncRNA,mRNA,CERKL,mRNA__CERKL,570
RNA_lncRNA,mRNA,MYL6B,mRNA__MYL6B,571
RNA_lncRNA,mRNA,SYNGR3,mRNA__SYNGR3,572
RNA_lncRNA,mRNA,CEACAM5,mRNA__CEACAM5,573
RNA_lncRNA,mRNA,IFIT1B,mRNA__IFIT1B,574
RNA_lncRNA,mRNA,CCNO,mRNA__CCNO,575
RNA_lncRNA,mRNA,AL928654.3,mRNA__AL928654.3,576
RNA_lncRNA,mRNA,VNN3,mRNA__VNN3,577
RNA_lncRNA,mRNA,MAP7D2,mRNA__MAP7D2,578
RNA_lncRNA,mRNA,SERPINA5,mRNA__SERPINA5,579
RNA_lncRNA,mRNA,CGA,mRNA__CGA,580
RNA_lncRNA,mRNA,CPNE7,mRNA__CPNE7,581
RNA_lncRNA,mRNA,FUT6,mRNA__FUT6,582
RNA_lncRNA,mRNA,NPIPB2,mRNA__NPIPB2,583
RNA_lncRNA,mRNA,TUBB3,mRNA__TUBB3,584
RNA_lncRNA,mRNA,IL20RA,mRNA__IL20RA,585
RNA_lncRNA,mRNA,SLC5A1,mRNA__SLC5A1,586
RNA_lncRNA,mRNA,NKD2,mRNA__NKD2,587
RNA_lncRNA,mRNA,MOGAT3,mRNA__MOGAT3,588
RNA_lncRNA,mRNA,OR52N1,mRNA__OR52N1,589
RNA_lncRNA,mRNA,SULT6B1,mRNA__SULT6B1,590
RNA_lncRNA,mRNA,CXCL9,mRNA__CXCL9,591
RNA_lncRNA,mRNA,C4BPB,mRNA__C4BPB,592
RNA_lncRNA,mRNA,CEACAM3,mRNA__CEACAM3,593
RNA_lncRNA,mRNA,CSRNP1,mRNA__CSRNP1,594
RNA_lncRNA,mRNA,TSGA10IP,mRNA__TSGA10IP,595
RNA_lncRNA,mRNA,GPR88,mRNA__GPR88,596
RNA_lncRNA,mRNA,CDH7,mRNA__CDH7,597
RNA_lncRNA,mRNA,HJURP,mRNA__HJURP,598
RNA_lncRNA,mRNA,AC109583.1,mRNA__AC109583.1,599
RNA_lncRNA,mRNA,CFAP47,mRNA__CFAP47,600
RNA_lncRNA,mRNA,GAL3ST3,mRNA__GAL3ST3,601
RNA_lncRNA,mRNA,PRAMEF19,mRNA__PRAMEF19,602
RNA_lncRNA,mRNA,ASGR1,mRNA__ASGR1,603
RNA_lncRNA,mRNA,OR2W3,mRNA__OR2W3,604
RNA_lncRNA,mRNA,CFAP61,mRNA__CFAP61,605
RNA_lncRNA,mRNA,HCAR1,mRNA__HCAR1,606
RNA_lncRNA,mRNA,FPR2,mRNA__FPR2,607
RNA_lncRNA,mRNA,RNF17,mRNA__RNF17,608
RNA_lncRNA,mRNA,TUBB1,mRNA__TUBB1,609
RNA_lncRNA,mRNA,LHCGR,mRNA__LHCGR,610
RNA_lncRNA,mRNA,NKX3-2,mRNA__NKX3-2,611
RNA_lncRNA,mRNA,EDIL3,mRNA__EDIL3,612
RNA_lncRNA,mRNA,GATA4,mRNA__GATA4,613
RNA_lncRNA,mRNA,AL160272.2,mRNA__AL160272.2,614
RNA_lncRNA,mRNA,NPY,mRNA__NPY,615
RNA_lncRNA,mRNA,SHISAL1,mRNA__SHISAL1,616
RNA_lncRNA,mRNA,AP1M2,mRNA__AP1M2,617
RNA_lncRNA,mRNA,CHRFAM7A,mRNA__CHRFAM7A,618
RNA_lncRNA,mRNA,CHRNA1,mRNA__CHRNA1,619
RNA_lncRNA,mRNA,DNER,mRNA__DNER,620
RNA_lncRNA,mRNA,SOAT2,mRNA__SOAT2,621
RNA_lncRNA,mRNA,KEL,mRNA__KEL,622
RNA_lncRNA,mRNA,GDF5,mRNA__GDF5,623
RNA_lncRNA,mRNA,SH2D5,mRNA__SH2D5,624
RNA_lncRNA,mRNA,CDH22,mRNA__CDH22,625
RNA_lncRNA,mRNA,ZIC3,mRNA__ZIC3,626
RNA_lncRNA,mRNA,TP53TG3D,mRNA__TP53TG3D,627
RNA_lncRNA,mRNA,NLRP6,mRNA__NLRP6,628
RNA_lncRNA,mRNA,POU4F3,mRNA__POU4F3,629
RNA_lncRNA,mRNA,OR1M1,mRNA__OR1M1,630
RNA_lncRNA,mRNA,NR4A1,mRNA__NR4A1,631
RNA_lncRNA,mRNA,SPANXB1,mRNA__SPANXB1,632
RNA_lncRNA,mRNA,SPAM1,mRNA__SPAM1,633
RNA_lncRNA,mRNA,CASKIN1,mRNA__CASKIN1,634
RNA_lncRNA,mRNA,CXCL6,mRNA__CXCL6,635
RNA_lncRNA,mRNA,GNG4,mRNA__GNG4,636
RNA_lncRNA,mRNA,GJB2,mRNA__GJB2,637
RNA_lncRNA,mRNA,SLC2A7,mRNA__SLC2A7,638
RNA_lncRNA,mRNA,TMEM130,mRNA__TMEM130,639
RNA_lncRNA,mRNA,PI3,mRNA__PI3,640
RNA_lncRNA,mRNA,AC008397.2,mRNA__AC008397.2,641
RNA_lncRNA,mRNA,OR2A42,mRNA__OR2A42,642
RNA_lncRNA,mRNA,ADIG,mRNA__ADIG,643
RNA_lncRNA,mRNA,OR4K1,mRNA__OR4K1,644
RNA_lncRNA,mRNA,FAM9B,mRNA__FAM9B,645
RNA_lncRNA,mRNA,ANGPT4,mRNA__ANGPT4,646
RNA_lncRNA,mRNA,TIGD4,mRNA__TIGD4,647
RNA_lncRNA,mRNA,DLX5,mRNA__DLX5,648
RNA_lncRNA,mRNA,FMO1,mRNA__FMO1,649
RNA_lncRNA,mRNA,RUNDC3A,mRNA__RUNDC3A,650
RNA_lncRNA,mRNA,SERPINA1,mRNA__SERPINA1,651
RNA_lncRNA,mRNA,GZMM,mRNA__GZMM,652
RNA_lncRNA,mRNA,POU1F1,mRNA__POU1F1,653
RNA_lncRNA,mRNA,ARSL,mRNA__ARSL,654
RNA_lncRNA,mRNA,ADGRF2,mRNA__ADGRF2,655
RNA_lncRNA,mRNA,MMRN1,mRNA__MMRN1,656
RNA_lncRNA,mRNA,CFAP73,mRNA__CFAP73,657
RNA_lncRNA,mRNA,SIX3,mRNA__SIX3,658
RNA_lncRNA,mRNA,PNMA8C,mRNA__PNMA8C,659
RNA_lncRNA,mRNA,CDH19,mRNA__CDH19,660
RNA_lncRNA,mRNA,HTR6,mRNA__HTR6,661
RNA_lncRNA,mRNA,CCL14,mRNA__CCL14,662
RNA_lncRNA,mRNA,SPATA31E1,mRNA__SPATA31E1,663
RNA_lncRNA,mRNA,MISP,mRNA__MISP,664
RNA_lncRNA,mRNA,SH2D6,mRNA__SH2D6,665
RNA_lncRNA,mRNA,OSTN,mRNA__OSTN,666
RNA_lncRNA,mRNA,ADAMTS16,mRNA__ADAMTS16,667
RNA_lncRNA,mRNA,GLT1D1,mRNA__GLT1D1,668
RNA_lncRNA,mRNA,PAX8,mRNA__PAX8,669
RNA_lncRNA,mRNA,APOLD1,mRNA__APOLD1,670
RNA_lncRNA,mRNA,SULT2A1,mRNA__SULT2A1,671
RNA_lncRNA,mRNA,HCN1,mRNA__HCN1,672
RNA_lncRNA,mRNA,PROK1,mRNA__PROK1,673
RNA_lncRNA,mRNA,HAGHL,mRNA__HAGHL,674
RNA_lncRNA,mRNA,GPR62,mRNA__GPR62,675
RNA_lncRNA,mRNA,GALNT9,mRNA__GALNT9,676
RNA_lncRNA,mRNA,UPK3A,mRNA__UPK3A,677
RNA_lncRNA,mRNA,APOB,mRNA__APOB,678
RNA_lncRNA,mRNA,ABRA,mRNA__ABRA,679
RNA_lncRNA,mRNA,HTR2C,mRNA__HTR2C,680
RNA_lncRNA,mRNA,SOX1,mRNA__SOX1,681
RNA_lncRNA,mRNA,ARHGEF35,mRNA__ARHGEF35,682
RNA_lncRNA,mRNA,TACSTD2,mRNA__TACSTD2,683
RNA_lncRNA,mRNA,TMEM82,mRNA__TMEM82,684
RNA_lncRNA,mRNA,TUBB8,mRNA__TUBB8,685
RNA_lncRNA,mRNA,AIRE,mRNA__AIRE,686
RNA_lncRNA,mRNA,OR9Q1,mRNA__OR9Q1,687
RNA_lncRNA,mRNA,ADCY8,mRNA__ADCY8,688
RNA_lncRNA,mRNA,MMP12,mRNA__MMP12,689
RNA_lncRNA,mRNA,AC097636.1,mRNA__AC097636.1,690
RNA_lncRNA,mRNA,SPDYE3,mRNA__SPDYE3,691
RNA_lncRNA,mRNA,GHRHR,mRNA__GHRHR,692
RNA_lncRNA,mRNA,IL36A,mRNA__IL36A,693
RNA_lncRNA,mRNA,BTG2,mRNA__BTG2,694
RNA_lncRNA,mRNA,CLCNKB,mRNA__CLCNKB,695
RNA_lncRNA,mRNA,OSBPL3,mRNA__OSBPL3,696
RNA_lncRNA,mRNA,ALOX12,mRNA__ALOX12,697
RNA_lncRNA,mRNA,FAM163B,mRNA__FAM163B,698
RNA_lncRNA,mRNA,ANXA9,mRNA__ANXA9,699
RNA_lncRNA,mRNA,SEPTIN3,mRNA__SEPTIN3,700
RNA_lncRNA,mRNA,PRSS8,mRNA__PRSS8,701
RNA_lncRNA,mRNA,SH3GL3,mRNA__SH3GL3,702
RNA_lncRNA,mRNA,CHRDL2,mRNA__CHRDL2,703
RNA_lncRNA,mRNA,PENK,mRNA__PENK,704
RNA_lncRNA,mRNA,MT2A,mRNA__MT2A,705
RNA_lncRNA,mRNA,PRSS35,mRNA__PRSS35,706
RNA_lncRNA,mRNA,PSCA,mRNA__PSCA,707
RNA_lncRNA,mRNA,SIM2,mRNA__SIM2,708
RNA_lncRNA,mRNA,FAM163A,mRNA__FAM163A,709
RNA_lncRNA,mRNA,CTXN3,mRNA__CTXN3,710
RNA_lncRNA,mRNA,RPRML,mRNA__RPRML,711
RNA_lncRNA,mRNA,MSTN,mRNA__MSTN,712
RNA_lncRNA,mRNA,ANGPTL8,mRNA__ANGPTL8,713
RNA_lncRNA,mRNA,GJD4,mRNA__GJD4,714
RNA_lncRNA,mRNA,FAM9C,mRNA__FAM9C,715
RNA_lncRNA,mRNA,ADAMTS18,mRNA__ADAMTS18,716
RNA_lncRNA,mRNA,PTCRA,mRNA__PTCRA,717
RNA_lncRNA,mRNA,ZBTB32,mRNA__ZBTB32,718
RNA_lncRNA,mRNA,FGFBP1,mRNA__FGFBP1,719
RNA_lncRNA,mRNA,GPRIN2,mRNA__GPRIN2,720
RNA_lncRNA,mRNA,DNAH11,mRNA__DNAH11,721
RNA_lncRNA,mRNA,LGI1,mRNA__LGI1,722
RNA_lncRNA,mRNA,TDO2,mRNA__TDO2,723
RNA_lncRNA,mRNA,C1QTNF9B,mRNA__C1QTNF9B,724
RNA_lncRNA,mRNA,MAT1A,mRNA__MAT1A,725
RNA_lncRNA,mRNA,GSDMC,mRNA__GSDMC,726
RNA_lncRNA,mRNA,FGFBP2,mRNA__FGFBP2,727
RNA_lncRNA,mRNA,CABP5,mRNA__CABP5,728
RNA_lncRNA,mRNA,ANTXRL,mRNA__ANTXRL,729
RNA_lncRNA,mRNA,FAM153B,mRNA__FAM153B,730
RNA_lncRNA,mRNA,LGALS9C,mRNA__LGALS9C,731
RNA_lncRNA,mRNA,TRIM40,mRNA__TRIM40,732
RNA_lncRNA,mRNA,LHX1,mRNA__LHX1,733
RNA_lncRNA,mRNA,CTLA4,mRNA__CTLA4,734
RNA_lncRNA,mRNA,SLC30A3,mRNA__SLC30A3,735
RNA_lncRNA,mRNA,ARFGEF3,mRNA__ARFGEF3,736
RNA_lncRNA,mRNA,TNR,mRNA__TNR,737
RNA_lncRNA,mRNA,ZAR1,mRNA__ZAR1,738
RNA_lncRNA,mRNA,SP6,mRNA__SP6,739
RNA_lncRNA,mRNA,NT5DC4,mRNA__NT5DC4,740
RNA_lncRNA,mRNA,GPR82,mRNA__GPR82,741
RNA_lncRNA,mRNA,NPAS1,mRNA__NPAS1,742
RNA_lncRNA,mRNA,TMEM31,mRNA__TMEM31,743
RNA_lncRNA,mRNA,H3C7,mRNA__H3C7,744
RNA_lncRNA,mRNA,SFTPC,mRNA__SFTPC,745
RNA_lncRNA,mRNA,OR4K5,mRNA__OR4K5,746
RNA_lncRNA,mRNA,HOXD1,mRNA__HOXD1,747
RNA_lncRNA,mRNA,TMEM171,mRNA__TMEM171,748
RNA_lncRNA,mRNA,KLK11,mRNA__KLK11,749
RNA_lncRNA,mRNA,SDS,mRNA__SDS,750
RNA_lncRNA,mRNA,SPACA3,mRNA__SPACA3,751
RNA_lncRNA,mRNA,NPFFR2,mRNA__NPFFR2,752
RNA_lncRNA,mRNA,SERPINB2,mRNA__SERPINB2,753
RNA_lncRNA,mRNA,NR0B2,mRNA__NR0B2,754
RNA_lncRNA,mRNA,GCGR,mRNA__GCGR,755
RNA_lncRNA,mRNA,GTF2H2,mRNA__GTF2H2,756
RNA_lncRNA,mRNA,CYP4F11,mRNA__CYP4F11,757
RNA_lncRNA,mRNA,B3GNT4,mRNA__B3GNT4,758
RNA_lncRNA,mRNA,PDE3B,mRNA__PDE3B,759
RNA_lncRNA,mRNA,TERT,mRNA__TERT,760
RNA_lncRNA,mRNA,LBX2,mRNA__LBX2,761
RNA_lncRNA,mRNA,DCX,mRNA__DCX,762
RNA_lncRNA,mRNA,GPR37L1,mRNA__GPR37L1,763
RNA_lncRNA,mRNA,MKX,mRNA__MKX,764
RNA_lncRNA,mRNA,LHX3,mRNA__LHX3,765
RNA_lncRNA,mRNA,LGALS2,mRNA__LGALS2,766
RNA_lncRNA,mRNA,ITGAX,mRNA__ITGAX,767
RNA_lncRNA,mRNA,TMEM262,mRNA__TMEM262,768
RNA_lncRNA,mRNA,ETV7,mRNA__ETV7,769
RNA_lncRNA,mRNA,DKKL1,mRNA__DKKL1,770
RNA_lncRNA,mRNA,KRT24,mRNA__KRT24,771
RNA_lncRNA,mRNA,SLC13A2,mRNA__SLC13A2,772
RNA_lncRNA,mRNA,ERICH5,mRNA__ERICH5,773
RNA_lncRNA,mRNA,OTP,mRNA__OTP,774
RNA_lncRNA,mRNA,FAM181A,mRNA__FAM181A,775
RNA_lncRNA,mRNA,FAM205C,mRNA__FAM205C,776
RNA_lncRNA,mRNA,TIFAB,mRNA__TIFAB,777
RNA_lncRNA,mRNA,CYP2A13,mRNA__CYP2A13,778
RNA_lncRNA,mRNA,HPD,mRNA__HPD,779
RNA_lncRNA,mRNA,RD3,mRNA__RD3,780
RNA_lncRNA,mRNA,RESP18,mRNA__RESP18,781
RNA_lncRNA,mRNA,MAB21L4,mRNA__MAB21L4,782
RNA_lncRNA,mRNA,AC011498.4,mRNA__AC011498.4,783
RNA_lncRNA,mRNA,NUTM2B,mRNA__NUTM2B,784
RNA_lncRNA,mRNA,TKTL1,mRNA__TKTL1,785
RNA_lncRNA,mRNA,C17ORF107,mRNA__C17ORF107,786
RNA_lncRNA,mRNA,OR56B1,mRNA__OR56B1,787
RNA_lncRNA,mRNA,TIGD3,mRNA__TIGD3,788
RNA_lncRNA,mRNA,CCL4,mRNA__CCL4,789
RNA_lncRNA,mRNA,CCL16,mRNA__CCL16,790
RNA_lncRNA,mRNA,PNPLA5,mRNA__PNPLA5,791
RNA_lncRNA,mRNA,CRB2,mRNA__CRB2,792
RNA_lncRNA,mRNA,PLEKHG6,mRNA__PLEKHG6,793
RNA_lncRNA,mRNA,B3GNT3,mRNA__B3GNT3,794
RNA_lncRNA,mRNA,SEMA4A,mRNA__SEMA4A,795
RNA_lncRNA,mRNA,NPIPB7,mRNA__NPIPB7,796
RNA_lncRNA,mRNA,KDM4F,mRNA__KDM4F,797
RNA_lncRNA,mRNA,C2ORF15,mRNA__C2ORF15,798
RNA_lncRNA,mRNA,CA9,mRNA__CA9,799
RNA_lncRNA,mRNA,ENPP7,mRNA__ENPP7,800
RNA_lncRNA,mRNA,HOXD9,mRNA__HOXD9,801
RNA_lncRNA,mRNA,POM121L2,mRNA__POM121L2,802
RNA_lncRNA,mRNA,CA5A,mRNA__CA5A,803
RNA_lncRNA,mRNA,KRT75,mRNA__KRT75,804
RNA_lncRNA,mRNA,IBSP,mRNA__IBSP,805
RNA_lncRNA,mRNA,HK2,mRNA__HK2,806
RNA_lncRNA,mRNA,TAFA5,mRNA__TAFA5,807
RNA_lncRNA,mRNA,GOLGA8H,mRNA__GOLGA8H,808
RNA_lncRNA,mRNA,CPNE6,mRNA__CPNE6,809
RNA_lncRNA,mRNA,CCDC200,mRNA__CCDC200,810
RNA_lncRNA,mRNA,SNCB,mRNA__SNCB,811
RNA_lncRNA,mRNA,DBH,mRNA__DBH,812
RNA_lncRNA,mRNA,SIX6,mRNA__SIX6,813
RNA_lncRNA,mRNA,HPR,mRNA__HPR,814
RNA_lncRNA,mRNA,RSPH10B2,mRNA__RSPH10B2,815
RNA_lncRNA,mRNA,FASLG,mRNA__FASLG,816
RNA_lncRNA,mRNA,TMEM95,mRNA__TMEM95,817
RNA_lncRNA,mRNA,MROH7,mRNA__MROH7,818
RNA_lncRNA,mRNA,ANKRD40CL,mRNA__ANKRD40CL,819
RNA_lncRNA,mRNA,AQP4,mRNA__AQP4,820
RNA_lncRNA,mRNA,VGF,mRNA__VGF,821
RNA_lncRNA,mRNA,RNASE7,mRNA__RNASE7,822
RNA_lncRNA,mRNA,TREML1,mRNA__TREML1,823
RNA_lncRNA,mRNA,SH3GL2,mRNA__SH3GL2,824
RNA_lncRNA,mRNA,TAC1,mRNA__TAC1,825
RNA_lncRNA,mRNA,C3ORF22,mRNA__C3ORF22,826
RNA_lncRNA,mRNA,CPN2,mRNA__CPN2,827
RNA_lncRNA,mRNA,FBXO2,mRNA__FBXO2,828
RNA_lncRNA,mRNA,CALCA,mRNA__CALCA,829
RNA_lncRNA,mRNA,ZSCAN5C,mRNA__ZSCAN5C,830
RNA_lncRNA,mRNA,ARL5C,mRNA__ARL5C,831
RNA_lncRNA,mRNA,UGT2B28,mRNA__UGT2B28,832
RNA_lncRNA,mRNA,RUNX1,mRNA__RUNX1,833
RNA_lncRNA,mRNA,SLC7A13,mRNA__SLC7A13,834
RNA_lncRNA,mRNA,MTRNR2L8,mRNA__MTRNR2L8,835
RNA_lncRNA,mRNA,RAB25,mRNA__RAB25,836
RNA_lncRNA,mRNA,PABPN1L,mRNA__PABPN1L,837
RNA_lncRNA,mRNA,LDLRAD1,mRNA__LDLRAD1,838
RNA_lncRNA,mRNA,PM20D1,mRNA__PM20D1,839
RNA_lncRNA,mRNA,LCN10,mRNA__LCN10,840
RNA_lncRNA,mRNA,IER2,mRNA__IER2,841
RNA_lncRNA,mRNA,SNAI1,mRNA__SNAI1,842
RNA_lncRNA,mRNA,FABP6,mRNA__FABP6,843
RNA_lncRNA,mRNA,PLAAT2,mRNA__PLAAT2,844
RNA_lncRNA,mRNA,PIANP,mRNA__PIANP,845
RNA_lncRNA,mRNA,RTL1,mRNA__RTL1,846
RNA_lncRNA,mRNA,CPA4,mRNA__CPA4,847
RNA_lncRNA,mRNA,DLL3,mRNA__DLL3,848
RNA_lncRNA,mRNA,CLDN10,mRNA__CLDN10,849
RNA_lncRNA,mRNA,KCNH6,mRNA__KCNH6,850
RNA_lncRNA,mRNA,MAB21L2,mRNA__MAB21L2,851
RNA_lncRNA,mRNA,AL590132.1,mRNA__AL590132.1,852
RNA_lncRNA,mRNA,TNFRSF9,mRNA__TNFRSF9,853
RNA_lncRNA,mRNA,EPB42,mRNA__EPB42,854
RNA_lncRNA,mRNA,LYPD4,mRNA__LYPD4,855
RNA_lncRNA,mRNA,OR6N2,mRNA__OR6N2,856
RNA_lncRNA,mRNA,OPTC,mRNA__OPTC,857
RNA_lncRNA,mRNA,NUP210L,mRNA__NUP210L,858
RNA_lncRNA,mRNA,FAM133A,mRNA__FAM133A,859
RNA_lncRNA,mRNA,CATIP,mRNA__CATIP,860
RNA_lncRNA,mRNA,BEX5,mRNA__BEX5,861
RNA_lncRNA,mRNA,ELSPBP1,mRNA__ELSPBP1,862
RNA_lncRNA,mRNA,C5ORF47,mRNA__C5ORF47,863
RNA_lncRNA,mRNA,S100B,mRNA__S100B,864
RNA_lncRNA,mRNA,GZMH,mRNA__GZMH,865
RNA_lncRNA,mRNA,A3GALT2,mRNA__A3GALT2,866
RNA_lncRNA,mRNA,MIP,mRNA__MIP,867
RNA_lncRNA,mRNA,C21ORF62,mRNA__C21ORF62,868
RNA_lncRNA,mRNA,CALR3,mRNA__CALR3,869
RNA_lncRNA,mRNA,KRT78,mRNA__KRT78,870
RNA_lncRNA,mRNA,F7,mRNA__F7,871
RNA_lncRNA,mRNA,AC010980.1,mRNA__AC010980.1,872
RNA_lncRNA,mRNA,POTEG,mRNA__POTEG,873
RNA_lncRNA,mRNA,IL36G,mRNA__IL36G,874
RNA_lncRNA,mRNA,OTX1,mRNA__OTX1,875
RNA_lncRNA,mRNA,GUCA1C,mRNA__GUCA1C,876
RNA_lncRNA,mRNA,CRYBB3,mRNA__CRYBB3,877
RNA_lncRNA,mRNA,LRRC10,mRNA__LRRC10,878
RNA_lncRNA,mRNA,ACP7,mRNA__ACP7,879
RNA_lncRNA,mRNA,HTN3,mRNA__HTN3,880
RNA_lncRNA,mRNA,PKMYT1,mRNA__PKMYT1,881
RNA_lncRNA,mRNA,CBLL2,mRNA__CBLL2,882
RNA_lncRNA,mRNA,CYP2D6,mRNA__CYP2D6,883
RNA_lncRNA,mRNA,NODAL,mRNA__NODAL,884
RNA_lncRNA,mRNA,FAM72B,mRNA__FAM72B,885
RNA_lncRNA,mRNA,NBPF26,mRNA__NBPF26,886
RNA_lncRNA,mRNA,AC139491.7,mRNA__AC139491.7,887
RNA_lncRNA,mRNA,ZNF723,mRNA__ZNF723,888
RNA_lncRNA,mRNA,CHRNA2,mRNA__CHRNA2,889
RNA_lncRNA,mRNA,TENT5D,mRNA__TENT5D,890
RNA_lncRNA,mRNA,MAGEC3,mRNA__MAGEC3,891
RNA_lncRNA,mRNA,MYH6,mRNA__MYH6,892
RNA_lncRNA,mRNA,PCSK1N,mRNA__PCSK1N,893
RNA_lncRNA,mRNA,GCNT7,mRNA__GCNT7,894
RNA_lncRNA,mRNA,PSG1,mRNA__PSG1,895
RNA_lncRNA,mRNA,DKK1,mRNA__DKK1,896
RNA_lncRNA,mRNA,AQP6,mRNA__AQP6,897
RNA_lncRNA,mRNA,CAPN6,mRNA__CAPN6,898
RNA_lncRNA,mRNA,FAM90A1,mRNA__FAM90A1,899
RNA_lncRNA,mRNA,PPDPFL,mRNA__PPDPFL,900
RNA_lncRNA,mRNA,AANAT,mRNA__AANAT,901
RNA_lncRNA,mRNA,GOLGA6L22,mRNA__GOLGA6L22,902
RNA_lncRNA,mRNA,FFAR4,mRNA__FFAR4,903
RNA_lncRNA,mRNA,EPHX3,mRNA__EPHX3,904
RNA_lncRNA,mRNA,CABP7,mRNA__CABP7,905
RNA_lncRNA,mRNA,DCSTAMP,mRNA__DCSTAMP,906
RNA_lncRNA,mRNA,RAB19,mRNA__RAB19,907
RNA_lncRNA,mRNA,CIB4,mRNA__CIB4,908
RNA_lncRNA,mRNA,GOLGA8O,mRNA__GOLGA8O,909
RNA_lncRNA,mRNA,KCNJ13,mRNA__KCNJ13,910
RNA_lncRNA,mRNA,DMRT1,mRNA__DMRT1,911
RNA_lncRNA,mRNA,PPM1E,mRNA__PPM1E,912
RNA_lncRNA,mRNA,CHRND,mRNA__CHRND,913
RNA_lncRNA,mRNA,FABP1,mRNA__FABP1,914
RNA_lncRNA,mRNA,CUX2,mRNA__CUX2,915
RNA_lncRNA,mRNA,COL5A1,mRNA__COL5A1,916
RNA_lncRNA,mRNA,POU3F1,mRNA__POU3F1,917
RNA_lncRNA,mRNA,NEUROD2,mRNA__NEUROD2,918
RNA_lncRNA,mRNA,NFIL3,mRNA__NFIL3,919
RNA_lncRNA,mRNA,SLC45A3,mRNA__SLC45A3,920
RNA_lncRNA,mRNA,SMN2,mRNA__SMN2,921
RNA_lncRNA,mRNA,CHST6,mRNA__CHST6,922
RNA_lncRNA,mRNA,ACTBL2,mRNA__ACTBL2,923
RNA_lncRNA,mRNA,CHP2,mRNA__CHP2,924
RNA_lncRNA,mRNA,GUCY2D,mRNA__GUCY2D,925
RNA_lncRNA,mRNA,NEURL3,mRNA__NEURL3,926
RNA_lncRNA,mRNA,RDH8,mRNA__RDH8,927
RNA_lncRNA,mRNA,GAL,mRNA__GAL,928
RNA_lncRNA,mRNA,TMEM244,mRNA__TMEM244,929
RNA_lncRNA,mRNA,SEPTIN12,mRNA__SEPTIN12,930
RNA_lncRNA,mRNA,SLC22A31,mRNA__SLC22A31,931
RNA_lncRNA,mRNA,THRSP,mRNA__THRSP,932
RNA_lncRNA,mRNA,DMRTA2,mRNA__DMRTA2,933
RNA_lncRNA,mRNA,GNAT1,mRNA__GNAT1,934
RNA_lncRNA,mRNA,MS4A8,mRNA__MS4A8,935
RNA_lncRNA,mRNA,MTNR1B,mRNA__MTNR1B,936
RNA_lncRNA,mRNA,ALOX15B,mRNA__ALOX15B,937
RNA_lncRNA,mRNA,DNAH3,mRNA__DNAH3,938
RNA_lncRNA,mRNA,ADH1A,mRNA__ADH1A,939
RNA_lncRNA,mRNA,NPY2R,mRNA__NPY2R,940
RNA_lncRNA,mRNA,XKR3,mRNA__XKR3,941
RNA_lncRNA,mRNA,SLC10A4,mRNA__SLC10A4,942
RNA_lncRNA,mRNA,SLC39A12,mRNA__SLC39A12,943
RNA_lncRNA,mRNA,FKBP2,mRNA__FKBP2,944
RNA_lncRNA,mRNA,OR13C3,mRNA__OR13C3,945
RNA_lncRNA,mRNA,CHRNB3,mRNA__CHRNB3,946
RNA_lncRNA,mRNA,RSPO1,mRNA__RSPO1,947
RNA_lncRNA,mRNA,FAM72A,mRNA__FAM72A,948
RNA_lncRNA,mRNA,AC008687.4,mRNA__AC008687.4,949
RNA_lncRNA,mRNA,SLC7A4,mRNA__SLC7A4,950
RNA_lncRNA,mRNA,C10ORF82,mRNA__C10ORF82,951
RNA_lncRNA,mRNA,TROAP,mRNA__TROAP,952
RNA_lncRNA,mRNA,POTEM,mRNA__POTEM,953
RNA_lncRNA,mRNA,SELL,mRNA__SELL,954
RNA_lncRNA,mRNA,PF4V1,mRNA__PF4V1,955
RNA_lncRNA,mRNA,MAOA,mRNA__MAOA,956
RNA_lncRNA,mRNA,OR4S2,mRNA__OR4S2,957
RNA_lncRNA,mRNA,BTNL3,mRNA__BTNL3,958
RNA_lncRNA,mRNA,CRHR2,mRNA__CRHR2,959
RNA_lncRNA,mRNA,CD79A,mRNA__CD79A,960
RNA_lncRNA,mRNA,ODF3,mRNA__ODF3,961
RNA_lncRNA,mRNA,COL26A1,mRNA__COL26A1,962
RNA_lncRNA,mRNA,AMER3,mRNA__AMER3,963
RNA_lncRNA,mRNA,GJB7,mRNA__GJB7,964
RNA_lncRNA,mRNA,ONECUT3,mRNA__ONECUT3,965
RNA_lncRNA,mRNA,NAT16,mRNA__NAT16,966
RNA_lncRNA,mRNA,ACP5,mRNA__ACP5,967
RNA_lncRNA,mRNA,OR56B2P,mRNA__OR56B2P,968
RNA_lncRNA,mRNA,LTB,mRNA__LTB,969
RNA_lncRNA,mRNA,NUTM2A,mRNA__NUTM2A,970
RNA_lncRNA,mRNA,FOXF1,mRNA__FOXF1,971
RNA_lncRNA,mRNA,FAM216B,mRNA__FAM216B,972
RNA_lncRNA,mRNA,DEPDC1B,mRNA__DEPDC1B,973
RNA_lncRNA,mRNA,CCDC163,mRNA__CCDC163,974
RNA_lncRNA,mRNA,FOXL2,mRNA__FOXL2,975
RNA_lncRNA,mRNA,OR12D3,mRNA__OR12D3,976
RNA_lncRNA,mRNA,JPH3,mRNA__JPH3,977
RNA_lncRNA,mRNA,C10ORF105,mRNA__C10ORF105,978
RNA_lncRNA,mRNA,CCL26,mRNA__CCL26,979
RNA_lncRNA,mRNA,LINGO2,mRNA__LINGO2,980
RNA_lncRNA,mRNA,IFNG,mRNA__IFNG,981
RNA_lncRNA,mRNA,UBE2C,mRNA__UBE2C,982
RNA_lncRNA,mRNA,RBP2,mRNA__RBP2,983
RNA_lncRNA,mRNA,CYLC1,mRNA__CYLC1,984
RNA_lncRNA,mRNA,CROCC2,mRNA__CROCC2,985
RNA_lncRNA,mRNA,IHH,mRNA__IHH,986
RNA_lncRNA,mRNA,HIPK4,mRNA__HIPK4,987
RNA_lncRNA,mRNA,H2BC9,mRNA__H2BC9,988
RNA_lncRNA,mRNA,RIPPLY1,mRNA__RIPPLY1,989
RNA_lncRNA,mRNA,SPEGNB,mRNA__SPEGNB,990
RNA_lncRNA,mRNA,KLHDC7A,mRNA__KLHDC7A,991
RNA_lncRNA,mRNA,C4B,mRNA__C4B,992
RNA_lncRNA,mRNA,NHLH2,mRNA__NHLH2,993
RNA_lncRNA,mRNA,CCNB2,mRNA__CCNB2,994
RNA_lncRNA,mRNA,PAX4,mRNA__PAX4,995
RNA_lncRNA,mRNA,PTK6,mRNA__PTK6,996
RNA_lncRNA,mRNA,INSC,mRNA__INSC,997
RNA_lncRNA,mRNA,PLPPR5,mRNA__PLPPR5,998
RNA_lncRNA,mRNA,ZNF722P,mRNA__ZNF722P,999
RNA_lncRNA,mRNA,CIBAR2,mRNA__CIBAR2,1000
RNA_lncRNA,mRNA,PSD2,mRNA__PSD2,1001
RNA_lncRNA,mRNA,RIIAD1,mRNA__RIIAD1,1002
RNA_lncRNA,mRNA,EDA2R,mRNA__EDA2R,1003
RNA_lncRNA,mRNA,LRTM2,mRNA__LRTM2,1004
RNA_lncRNA,mRNA,FNDC8,mRNA__FNDC8,1005
RNA_lncRNA,mRNA,FOLR1,mRNA__FOLR1,1006
RNA_lncRNA,mRNA,KCNRG,mRNA__KCNRG,1007
RNA_lncRNA,mRNA,GSTT2B,mRNA__GSTT2B,1008
RNA_lncRNA,mRNA,SYT8,mRNA__SYT8,1009
RNA_lncRNA,mRNA,SLC5A2,mRNA__SLC5A2,1010
RNA_lncRNA,mRNA,CD83,mRNA__CD83,1011
RNA_lncRNA,mRNA,TCTE1,mRNA__TCTE1,1012
RNA_lncRNA,mRNA,CDT1,mRNA__CDT1,1013
RNA_lncRNA,mRNA,FAM166C,mRNA__FAM166C,1014
RNA_lncRNA,mRNA,MT3,mRNA__MT3,1015
RNA_lncRNA,mRNA,PLCH2,mRNA__PLCH2,1016
RNA_lncRNA,mRNA,SLC38A1,mRNA__SLC38A1,1017
RNA_lncRNA,mRNA,CHRNA4,mRNA__CHRNA4,1018
RNA_lncRNA,mRNA,CLEC4M,mRNA__CLEC4M,1019
RNA_lncRNA,mRNA,GSTT4,mRNA__GSTT4,1020
RNA_lncRNA,mRNA,CYP1A2,mRNA__CYP1A2,1021
RNA_lncRNA,mRNA,STAR,mRNA__STAR,1022
RNA_lncRNA,mRNA,AS3MT,mRNA__AS3MT,1023
RNA_lncRNA,mRNA,E2F2,mRNA__E2F2,1024
RNA_lncRNA,mRNA,OR2M3,mRNA__OR2M3,1025
RNA_lncRNA,mRNA,C7,mRNA__C7,1026
RNA_lncRNA,mRNA,GSX1,mRNA__GSX1,1027
RNA_lncRNA,mRNA,MSLNL,mRNA__MSLNL,1028
RNA_lncRNA,mRNA,FAM170B,mRNA__FAM170B,1029
RNA_lncRNA,mRNA,GCNT2,mRNA__GCNT2,1030
RNA_lncRNA,mRNA,CFAP299,mRNA__CFAP299,1031
RNA_lncRNA,mRNA,KCNA1,mRNA__KCNA1,1032
RNA_lncRNA,mRNA,S1PR4,mRNA__S1PR4,1033
RNA_lncRNA,mRNA,CD300E,mRNA__CD300E,1034
RNA_lncRNA,mRNA,DMRTC2,mRNA__DMRTC2,1035
RNA_lncRNA,mRNA,SLC35G6,mRNA__SLC35G6,1036
RNA_lncRNA,mRNA,ANXA8,mRNA__ANXA8,1037
RNA_lncRNA,mRNA,OR4Q3,mRNA__OR4Q3,1038
RNA_lncRNA,mRNA,LY6G6C,mRNA__LY6G6C,1039
RNA_lncRNA,mRNA,DPRX,mRNA__DPRX,1040
RNA_lncRNA,mRNA,TREML2,mRNA__TREML2,1041
RNA_lncRNA,mRNA,ST6GAL2,mRNA__ST6GAL2,1042
RNA_lncRNA,mRNA,FLRT3,mRNA__FLRT3,1043
RNA_lncRNA,mRNA,RIMBP2,mRNA__RIMBP2,1044
RNA_lncRNA,mRNA,GOLGA8S,mRNA__GOLGA8S,1045
RNA_lncRNA,mRNA,WNT9A,mRNA__WNT9A,1046
RNA_lncRNA,mRNA,CCKBR,mRNA__CCKBR,1047
RNA_lncRNA,mRNA,NUDT11,mRNA__NUDT11,1048
RNA_lncRNA,mRNA,CMTM2,mRNA__CMTM2,1049
RNA_lncRNA,mRNA,MT1E,mRNA__MT1E,1050
RNA_lncRNA,mRNA,OR2T11,mRNA__OR2T11,1051
RNA_lncRNA,mRNA,WFDC3,mRNA__WFDC3,1052
RNA_lncRNA,mRNA,EBI3,mRNA__EBI3,1053
RNA_lncRNA,mRNA,MARCHF4,mRNA__MARCHF4,1054
RNA_lncRNA,mRNA,WDR38,mRNA__WDR38,1055
RNA_lncRNA,mRNA,OOEP,mRNA__OOEP,1056
RNA_lncRNA,mRNA,IFI30,mRNA__IFI30,1057
RNA_lncRNA,mRNA,C15ORF48,mRNA__C15ORF48,1058
RNA_lncRNA,mRNA,TRPV5,mRNA__TRPV5,1059
RNA_lncRNA,mRNA,CLC,mRNA__CLC,1060
RNA_lncRNA,mRNA,FAM43B,mRNA__FAM43B,1061
RNA_lncRNA,mRNA,ZSCAN4,mRNA__ZSCAN4,1062
RNA_lncRNA,mRNA,GPR55,mRNA__GPR55,1063
RNA_lncRNA,mRNA,DNAAF3,mRNA__DNAAF3,1064
RNA_lncRNA,mRNA,VNN2,mRNA__VNN2,1065
RNA_lncRNA,mRNA,GJB1,mRNA__GJB1,1066
RNA_lncRNA,mRNA,TCTEX1D4,mRNA__TCTEX1D4,1067
RNA_lncRNA,mRNA,PRAMEF1,mRNA__PRAMEF1,1068
RNA_lncRNA,mRNA,CCKAR,mRNA__CCKAR,1069
RNA_lncRNA,mRNA,RTL3,mRNA__RTL3,1070
RNA_lncRNA,mRNA,USP41,mRNA__USP41,1071
RNA_lncRNA,mRNA,RAET1G,mRNA__RAET1G,1072
RNA_lncRNA,mRNA,POTEB3,mRNA__POTEB3,1073
RNA_lncRNA,mRNA,DPYS,mRNA__DPYS,1074
RNA_lncRNA,mRNA,ACTG2,mRNA__ACTG2,1075
RNA_lncRNA,mRNA,PRR36,mRNA__PRR36,1076
RNA_lncRNA,mRNA,AMT,mRNA__AMT,1077
RNA_lncRNA,mRNA,FCN2,mRNA__FCN2,1078
RNA_lncRNA,mRNA,OR4K14,mRNA__OR4K14,1079
RNA_lncRNA,mRNA,C1QTNF12,mRNA__C1QTNF12,1080
RNA_lncRNA,mRNA,OR5B12,mRNA__OR5B12,1081
RNA_lncRNA,mRNA,CREB3L3,mRNA__CREB3L3,1082
RNA_lncRNA,mRNA,H3C13,mRNA__H3C13,1083
RNA_lncRNA,mRNA,VSX2,mRNA__VSX2,1084
RNA_lncRNA,mRNA,LDLRAD2,mRNA__LDLRAD2,1085
RNA_lncRNA,mRNA,ZCCHC12,mRNA__ZCCHC12,1086
RNA_lncRNA,mRNA,ULBP2,mRNA__ULBP2,1087
RNA_lncRNA,mRNA,TAS2R9,mRNA__TAS2R9,1088
RNA_lncRNA,mRNA,FSD1,mRNA__FSD1,1089
RNA_lncRNA,mRNA,AC099489.1,mRNA__AC099489.1,1090
RNA_lncRNA,mRNA,SEC14L4,mRNA__SEC14L4,1091
RNA_lncRNA,mRNA,NMS,mRNA__NMS,1092
RNA_lncRNA,mRNA,NLRP4,mRNA__NLRP4,1093
RNA_lncRNA,mRNA,CCNI2,mRNA__CCNI2,1094
RNA_lncRNA,mRNA,NR0B1,mRNA__NR0B1,1095
RNA_lncRNA,mRNA,RXFP2,mRNA__RXFP2,1096
RNA_lncRNA,mRNA,F12,mRNA__F12,1097
RNA_lncRNA,mRNA,OOSP3,mRNA__OOSP3,1098
RNA_lncRNA,mRNA,CD300LB,mRNA__CD300LB,1099
RNA_lncRNA,mRNA,TSSK2,mRNA__TSSK2,1100
RNA_lncRNA,mRNA,WNT6,mRNA__WNT6,1101
RNA_lncRNA,mRNA,SIGLEC12,mRNA__SIGLEC12,1102
RNA_lncRNA,mRNA,TBX10,mRNA__TBX10,1103
RNA_lncRNA,mRNA,RFPL2,mRNA__RFPL2,1104
RNA_lncRNA,mRNA,SIRPB1,mRNA__SIRPB1,1105
RNA_lncRNA,mRNA,LGALS16,mRNA__LGALS16,1106
RNA_lncRNA,mRNA,TRPV6,mRNA__TRPV6,1107
RNA_lncRNA,mRNA,C2ORF72,mRNA__C2ORF72,1108
RNA_lncRNA,mRNA,ZSCAN10,mRNA__ZSCAN10,1109
RNA_lncRNA,mRNA,TBC1D21,mRNA__TBC1D21,1110
RNA_lncRNA,mRNA,SHISA3,mRNA__SHISA3,1111
RNA_lncRNA,mRNA,TEX45,mRNA__TEX45,1112
RNA_lncRNA,mRNA,GIP,mRNA__GIP,1113
RNA_lncRNA,mRNA,FIBCD1,mRNA__FIBCD1,1114
RNA_lncRNA,mRNA,IL13,mRNA__IL13,1115
RNA_lncRNA,mRNA,LAMP3,mRNA__LAMP3,1116
RNA_lncRNA,mRNA,QRFPR,mRNA__QRFPR,1117
RNA_lncRNA,mRNA,UGT2B11,mRNA__UGT2B11,1118
RNA_lncRNA,mRNA,ZNF730,mRNA__ZNF730,1119
RNA_lncRNA,mRNA,MFAP2,mRNA__MFAP2,1120
RNA_lncRNA,mRNA,BFSP2,mRNA__BFSP2,1121
RNA_lncRNA,mRNA,GRHL3,mRNA__GRHL3,1122
RNA_lncRNA,mRNA,NXPH1,mRNA__NXPH1,1123
RNA_lncRNA,mRNA,CYP2A6,mRNA__CYP2A6,1124
RNA_lncRNA,mRNA,CXORF21,mRNA__CXORF21,1125
RNA_lncRNA,mRNA,ZCCHC18,mRNA__ZCCHC18,1126
RNA_lncRNA,mRNA,APOA2,mRNA__APOA2,1127
RNA_lncRNA,mRNA,P4HA3,mRNA__P4HA3,1128
RNA_lncRNA,mRNA,CD164L2,mRNA__CD164L2,1129
RNA_lncRNA,mRNA,CALML3,mRNA__CALML3,1130
RNA_lncRNA,mRNA,FOXE3,mRNA__FOXE3,1131
RNA_lncRNA,mRNA,PADI6,mRNA__PADI6,1132
RNA_lncRNA,mRNA,CCDC78,mRNA__CCDC78,1133
RNA_lncRNA,mRNA,TSPYL6,mRNA__TSPYL6,1134
RNA_lncRNA,mRNA,FAM83C,mRNA__FAM83C,1135
RNA_lncRNA,mRNA,BDKRB2,mRNA__BDKRB2,1136
RNA_lncRNA,mRNA,TTC9,mRNA__TTC9,1137
RNA_lncRNA,mRNA,ZFP57,mRNA__ZFP57,1138
RNA_lncRNA,mRNA,RAET1L,mRNA__RAET1L,1139
RNA_lncRNA,mRNA,PHEX,mRNA__PHEX,1140
RNA_lncRNA,mRNA,SMPDL3B,mRNA__SMPDL3B,1141
RNA_lncRNA,mRNA,LRFN2,mRNA__LRFN2,1142
RNA_lncRNA,mRNA,DPEP3,mRNA__DPEP3,1143
RNA_lncRNA,mRNA,SPATA32,mRNA__SPATA32,1144
RNA_lncRNA,mRNA,HTR1D,mRNA__HTR1D,1145
RNA_lncRNA,mRNA,BLID,mRNA__BLID,1146
RNA_lncRNA,mRNA,SLC2A14,mRNA__SLC2A14,1147
RNA_lncRNA,mRNA,CDX2,mRNA__CDX2,1148
RNA_lncRNA,mRNA,ALX3,mRNA__ALX3,1149
RNA_lncRNA,mRNA,OR2A1,mRNA__OR2A1,1150
RNA_lncRNA,mRNA,MASP2,mRNA__MASP2,1151
RNA_lncRNA,mRNA,CEACAM16,mRNA__CEACAM16,1152
RNA_lncRNA,mRNA,CBLC,mRNA__CBLC,1153
RNA_lncRNA,mRNA,KCNB2,mRNA__KCNB2,1154
RNA_lncRNA,mRNA,DLX6,mRNA__DLX6,1155
RNA_lncRNA,mRNA,FAM83E,mRNA__FAM83E,1156
RNA_lncRNA,mRNA,PRDM12,mRNA__PRDM12,1157
RNA_lncRNA,mRNA,SPRR3,mRNA__SPRR3,1158
RNA_lncRNA,mRNA,CEACAM20,mRNA__CEACAM20,1159
RNA_lncRNA,mRNA,TAF7L,mRNA__TAF7L,1160
RNA_lncRNA,mRNA,PRKACG,mRNA__PRKACG,1161
RNA_lncRNA,mRNA,TUBAL3,mRNA__TUBAL3,1162
RNA_lncRNA,mRNA,KANK4,mRNA__KANK4,1163
RNA_lncRNA,mRNA,SPINK2,mRNA__SPINK2,1164
RNA_lncRNA,mRNA,OPN4,mRNA__OPN4,1165
RNA_lncRNA,mRNA,TMEM114,mRNA__TMEM114,1166
RNA_lncRNA,mRNA,HTR3A,mRNA__HTR3A,1167
RNA_lncRNA,mRNA,ZNF80,mRNA__ZNF80,1168
RNA_lncRNA,mRNA,IRX6,mRNA__IRX6,1169
RNA_lncRNA,mRNA,CFHR1,mRNA__CFHR1,1170
RNA_lncRNA,mRNA,SLC6A7,mRNA__SLC6A7,1171
RNA_lncRNA,mRNA,FOXI3,mRNA__FOXI3,1172
RNA_lncRNA,mRNA,GOLGA6L2,mRNA__GOLGA6L2,1173
RNA_lncRNA,mRNA,CCDC27,mRNA__CCDC27,1174
RNA_lncRNA,mRNA,HOXC12,mRNA__HOXC12,1175
RNA_lncRNA,mRNA,IGFBP1,mRNA__IGFBP1,1176
RNA_lncRNA,mRNA,CLEC18B,mRNA__CLEC18B,1177
RNA_lncRNA,mRNA,POTEF,mRNA__POTEF,1178
RNA_lncRNA,mRNA,DAND5,mRNA__DAND5,1179
RNA_lncRNA,mRNA,CALHM1,mRNA__CALHM1,1180
RNA_lncRNA,mRNA,KCNA4,mRNA__KCNA4,1181
RNA_lncRNA,mRNA,NXPH4,mRNA__NXPH4,1182
RNA_lncRNA,mRNA,SSX7,mRNA__SSX7,1183
RNA_lncRNA,mRNA,ARSF,mRNA__ARSF,1184
RNA_lncRNA,mRNA,KRT40,mRNA__KRT40,1185
RNA_lncRNA,mRNA,SAMD15,mRNA__SAMD15,1186
RNA_lncRNA,mRNA,CPA5,mRNA__CPA5,1187
RNA_lncRNA,mRNA,BPIFB6,mRNA__BPIFB6,1188
RNA_lncRNA,mRNA,EDN3,mRNA__EDN3,1189
RNA_lncRNA,mRNA,C20ORF173,mRNA__C20ORF173,1190
RNA_lncRNA,mRNA,FRG2C,mRNA__FRG2C,1191
RNA_lncRNA,mRNA,EXTL1,mRNA__EXTL1,1192
RNA_lncRNA,mRNA,MRGPRX1,mRNA__MRGPRX1,1193
RNA_lncRNA,mRNA,MRGPRX2,mRNA__MRGPRX2,1194
RNA_lncRNA,mRNA,LRRC18,mRNA__LRRC18,1195
RNA_lncRNA,mRNA,APOL5,mRNA__APOL5,1196
RNA_lncRNA,mRNA,TRIM73,mRNA__TRIM73,1197
RNA_lncRNA,mRNA,IL24,mRNA__IL24,1198
RNA_lncRNA,mRNA,B4GALNT4,mRNA__B4GALNT4,1199
RNA_lncRNA,mRNA,ABCG4,mRNA__ABCG4,1200
RNA_lncRNA,mRNA,LCN2,mRNA__LCN2,1201
RNA_lncRNA,mRNA,ANP32D,mRNA__ANP32D,1202
RNA_lncRNA,mRNA,METTL11B,mRNA__METTL11B,1203
RNA_lncRNA,mRNA,KIF20A,mRNA__KIF20A,1204
RNA_lncRNA,mRNA,UROC1,mRNA__UROC1,1205
RNA_lncRNA,mRNA,GPR37,mRNA__GPR37,1206
RNA_lncRNA,mRNA,MUC5B,mRNA__MUC5B,1207
RNA_lncRNA,mRNA,OR2AE1,mRNA__OR2AE1,1208
RNA_lncRNA,mRNA,SMIM24,mRNA__SMIM24,1209
RNA_lncRNA,mRNA,PCP4,mRNA__PCP4,1210
RNA_lncRNA,mRNA,NDP,mRNA__NDP,1211
RNA_lncRNA,mRNA,TFAP2C,mRNA__TFAP2C,1212
RNA_lncRNA,mRNA,EVPL,mRNA__EVPL,1213
RNA_lncRNA,mRNA,MEFV,mRNA__MEFV,1214
RNA_lncRNA,mRNA,RAX2,mRNA__RAX2,1215
RNA_lncRNA,mRNA,LRRIQ4,mRNA__LRRIQ4,1216
RNA_lncRNA,mRNA,IL4I1,mRNA__IL4I1,1217
RNA_lncRNA,mRNA,PRAMEF15,mRNA__PRAMEF15,1218
RNA_lncRNA,mRNA,SYNDIG1,mRNA__SYNDIG1,1219
RNA_lncRNA,mRNA,FAM83H,mRNA__FAM83H,1220
RNA_lncRNA,mRNA,PNP,mRNA__PNP,1221
RNA_lncRNA,mRNA,TEX37,mRNA__TEX37,1222
RNA_lncRNA,mRNA,WNT2,mRNA__WNT2,1223
RNA_lncRNA,mRNA,GDPD2,mRNA__GDPD2,1224
RNA_lncRNA,mRNA,AQP10,mRNA__AQP10,1225
RNA_lncRNA,mRNA,KCNJ9,mRNA__KCNJ9,1226
RNA_lncRNA,mRNA,RRM2,mRNA__RRM2,1227
RNA_lncRNA,mRNA,GOLGA6B,mRNA__GOLGA6B,1228
RNA_lncRNA,mRNA,SMIM18,mRNA__SMIM18,1229
RNA_lncRNA,mRNA,ISL1,mRNA__ISL1,1230
RNA_lncRNA,mRNA,GLRA3,mRNA__GLRA3,1231
RNA_lncRNA,mRNA,FABP9,mRNA__FABP9,1232
RNA_lncRNA,mRNA,MMP7,mRNA__MMP7,1233
RNA_lncRNA,mRNA,CDHR5,mRNA__CDHR5,1234
RNA_lncRNA,mRNA,RAB41,mRNA__RAB41,1235
RNA_lncRNA,mRNA,AARD,mRNA__AARD,1236
RNA_lncRNA,mRNA,CTXN2,mRNA__CTXN2,1237
RNA_lncRNA,mRNA,CHRNA6,mRNA__CHRNA6,1238
RNA_lncRNA,mRNA,DMBT1,mRNA__DMBT1,1239
RNA_lncRNA,mRNA,GEM,mRNA__GEM,1240
RNA_lncRNA,mRNA,CRX,mRNA__CRX,1241
RNA_lncRNA,mRNA,EN2,mRNA__EN2,1242
RNA_lncRNA,mRNA,RHAG,mRNA__RHAG,1243
RNA_lncRNA,mRNA,SCUBE1,mRNA__SCUBE1,1244
RNA_lncRNA,mRNA,BNC1,mRNA__BNC1,1245
RNA_lncRNA,mRNA,ACAN,mRNA__ACAN,1246
RNA_lncRNA,mRNA,ASGR2,mRNA__ASGR2,1247
RNA_lncRNA,mRNA,TSPAN5,mRNA__TSPAN5,1248
RNA_lncRNA,mRNA,PLAAT5,mRNA__PLAAT5,1249
RNA_lncRNA,mRNA,LMTK3,mRNA__LMTK3,1250
RNA_lncRNA,mRNA,EXOC1L,mRNA__EXOC1L,1251
RNA_lncRNA,mRNA,OR8G1,mRNA__OR8G1,1252
RNA_lncRNA,mRNA,TUBA4B,mRNA__TUBA4B,1253
RNA_lncRNA,mRNA,CXCR3,mRNA__CXCR3,1254
RNA_lncRNA,mRNA,KRT35,mRNA__KRT35,1255
RNA_lncRNA,mRNA,ZFR2,mRNA__ZFR2,1256
RNA_lncRNA,mRNA,MATK,mRNA__MATK,1257
RNA_lncRNA,mRNA,OR6C75,mRNA__OR6C75,1258
RNA_lncRNA,mRNA,EPOP,mRNA__EPOP,1259
RNA_lncRNA,mRNA,DAZL,mRNA__DAZL,1260
RNA_lncRNA,mRNA,MEIOB,mRNA__MEIOB,1261
RNA_lncRNA,mRNA,SYCE1,mRNA__SYCE1,1262
RNA_lncRNA,mRNA,PDE6H,mRNA__PDE6H,1263
RNA_lncRNA,mRNA,DSC3,mRNA__DSC3,1264
RNA_lncRNA,mRNA,DNAJC5G,mRNA__DNAJC5G,1265
RNA_lncRNA,mRNA,CDH3,mRNA__CDH3,1266
RNA_lncRNA,mRNA,S100Z,mRNA__S100Z,1267
RNA_lncRNA,mRNA,TNFSF14,mRNA__TNFSF14,1268
RNA_lncRNA,mRNA,OR3A3,mRNA__OR3A3,1269
RNA_lncRNA,mRNA,CCDC187,mRNA__CCDC187,1270
RNA_lncRNA,mRNA,B3GALT1,mRNA__B3GALT1,1271
RNA_lncRNA,mRNA,BLK,mRNA__BLK,1272
RNA_lncRNA,mRNA,CBY2,mRNA__CBY2,1273
RNA_lncRNA,mRNA,PROKR2,mRNA__PROKR2,1274
RNA_lncRNA,mRNA,SLC39A5,mRNA__SLC39A5,1275
RNA_lncRNA,mRNA,WNT8B,mRNA__WNT8B,1276
RNA_lncRNA,mRNA,WFDC10B,mRNA__WFDC10B,1277
RNA_lncRNA,mRNA,KCNK2,mRNA__KCNK2,1278
RNA_lncRNA,mRNA,STC1,mRNA__STC1,1279
RNA_lncRNA,mRNA,SRARP,mRNA__SRARP,1280
RNA_lncRNA,mRNA,CLDN14,mRNA__CLDN14,1281
RNA_lncRNA,mRNA,CYP24A1,mRNA__CYP24A1,1282
RNA_lncRNA,mRNA,SMIM33,mRNA__SMIM33,1283
RNA_lncRNA,mRNA,CDC20,mRNA__CDC20,1284
RNA_lncRNA,mRNA,TLDC2,mRNA__TLDC2,1285
RNA_lncRNA,mRNA,WDR62,mRNA__WDR62,1286
RNA_lncRNA,mRNA,WFDC11,mRNA__WFDC11,1287
RNA_lncRNA,mRNA,S1PR5,mRNA__S1PR5,1288
RNA_lncRNA,mRNA,ZNF705G,mRNA__ZNF705G,1289
RNA_lncRNA,mRNA,SPIC,mRNA__SPIC,1290
RNA_lncRNA,mRNA,AQP2,mRNA__AQP2,1291
RNA_lncRNA,mRNA,TERB2,mRNA__TERB2,1292
RNA_lncRNA,mRNA,KRTDAP,mRNA__KRTDAP,1293
RNA_lncRNA,mRNA,TNFSF18,mRNA__TNFSF18,1294
RNA_lncRNA,mRNA,WNT7B,mRNA__WNT7B,1295
RNA_lncRNA,mRNA,TREH,mRNA__TREH,1296
RNA_lncRNA,mRNA,C4A,mRNA__C4A,1297
RNA_lncRNA,mRNA,ARHGAP8,mRNA__ARHGAP8,1298
RNA_lncRNA,mRNA,TEKT2,mRNA__TEKT2,1299
RNA_lncRNA,mRNA,CDH10,mRNA__CDH10,1300
RNA_lncRNA,mRNA,SYCE2,mRNA__SYCE2,1301
RNA_lncRNA,mRNA,CFHR2,mRNA__CFHR2,1302
RNA_lncRNA,mRNA,SLC5A11,mRNA__SLC5A11,1303
RNA_lncRNA,mRNA,OR14L1P,mRNA__OR14L1P,1304
RNA_lncRNA,mRNA,CALHM4,mRNA__CALHM4,1305
RNA_lncRNA,mRNA,DDX11,mRNA__DDX11,1306
RNA_lncRNA,mRNA,SMAD9,mRNA__SMAD9,1307
RNA_lncRNA,mRNA,CENPA,mRNA__CENPA,1308
RNA_lncRNA,mRNA,ENDOU,mRNA__ENDOU,1309
RNA_lncRNA,mRNA,SPNS3,mRNA__SPNS3,1310
RNA_lncRNA,mRNA,MAP1LC3C,mRNA__MAP1LC3C,1311
RNA_lncRNA,mRNA,AC068580.4,mRNA__AC068580.4,1312
RNA_lncRNA,mRNA,MPIG6B,mRNA__MPIG6B,1313
RNA_lncRNA,mRNA,TERB1,mRNA__TERB1,1314
RNA_lncRNA,mRNA,PRSS58,mRNA__PRSS58,1315
RNA_lncRNA,mRNA,C17ORF99,mRNA__C17ORF99,1316
RNA_lncRNA,mRNA,TGM6,mRNA__TGM6,1317
RNA_lncRNA,mRNA,SYT6,mRNA__SYT6,1318
RNA_lncRNA,mRNA,KRT14,mRNA__KRT14,1319
RNA_lncRNA,mRNA,DYNAP,mRNA__DYNAP,1320
RNA_lncRNA,mRNA,RGS2,mRNA__RGS2,1321
RNA_lncRNA,mRNA,AGXT,mRNA__AGXT,1322
RNA_lncRNA,mRNA,WDR86,mRNA__WDR86,1323
RNA_lncRNA,mRNA,MRGPRX4,mRNA__MRGPRX4,1324
RNA_lncRNA,mRNA,OLFML2B,mRNA__OLFML2B,1325
RNA_lncRNA,mRNA,ALB,mRNA__ALB,1326
RNA_lncRNA,mRNA,PPEF1,mRNA__PPEF1,1327
RNA_lncRNA,mRNA,OR2AG2,mRNA__OR2AG2,1328
RNA_lncRNA,mRNA,STAC2,mRNA__STAC2,1329
RNA_lncRNA,mRNA,TBX22,mRNA__TBX22,1330
RNA_lncRNA,mRNA,OR7D4,mRNA__OR7D4,1331
RNA_lncRNA,mRNA,GMCL2,mRNA__GMCL2,1332
RNA_lncRNA,mRNA,SLC46A2,mRNA__SLC46A2,1333
RNA_lncRNA,mRNA,SYT13,mRNA__SYT13,1334
RNA_lncRNA,mRNA,ARHGAP40,mRNA__ARHGAP40,1335
RNA_lncRNA,mRNA,ALOX12B,mRNA__ALOX12B,1336
RNA_lncRNA,mRNA,SHISA7,mRNA__SHISA7,1337
RNA_lncRNA,mRNA,IVL,mRNA__IVL,1338
RNA_lncRNA,mRNA,POU2F3,mRNA__POU2F3,1339
RNA_lncRNA,mRNA,CAMKV,mRNA__CAMKV,1340
RNA_lncRNA,mRNA,AC025287.4,mRNA__AC025287.4,1341
RNA_lncRNA,mRNA,UGT2A1,mRNA__UGT2A1,1342
RNA_lncRNA,mRNA,KRT7,mRNA__KRT7,1343
RNA_lncRNA,mRNA,PPM1N,mRNA__PPM1N,1344
RNA_lncRNA,mRNA,KRT36,mRNA__KRT36,1345
RNA_lncRNA,mRNA,RIBC2,mRNA__RIBC2,1346
RNA_lncRNA,mRNA,SLAMF9,mRNA__SLAMF9,1347
RNA_lncRNA,mRNA,IRF1,mRNA__IRF1,1348
RNA_lncRNA,mRNA,FAM180B,mRNA__FAM180B,1349
RNA_lncRNA,mRNA,PRRX2,mRNA__PRRX2,1350
RNA_lncRNA,mRNA,TMIGD2,mRNA__TMIGD2,1351
RNA_lncRNA,mRNA,SLC36A3,mRNA__SLC36A3,1352
RNA_lncRNA,mRNA,ZSCAN5B,mRNA__ZSCAN5B,1353
RNA_lncRNA,mRNA,OR51D1,mRNA__OR51D1,1354
RNA_lncRNA,mRNA,EVX1,mRNA__EVX1,1355
RNA_lncRNA,mRNA,CFAP100,mRNA__CFAP100,1356
RNA_lncRNA,mRNA,KLHL4,mRNA__KLHL4,1357
RNA_lncRNA,mRNA,PIMREG,mRNA__PIMREG,1358
RNA_lncRNA,mRNA,STX19,mRNA__STX19,1359
RNA_lncRNA,mRNA,UGT1A4,mRNA__UGT1A4,1360
RNA_lncRNA,mRNA,TFF3,mRNA__TFF3,1361
RNA_lncRNA,mRNA,EDN2,mRNA__EDN2,1362
RNA_lncRNA,mRNA,ABCC12,mRNA__ABCC12,1363
RNA_lncRNA,mRNA,GLYATL3,mRNA__GLYATL3,1364
RNA_lncRNA,mRNA,FGF20,mRNA__FGF20,1365
RNA_lncRNA,mRNA,LMLN2,mRNA__LMLN2,1366
RNA_lncRNA,mRNA,GJC3,mRNA__GJC3,1367
RNA_lncRNA,mRNA,GPRC5D,mRNA__GPRC5D,1368
RNA_lncRNA,mRNA,OVOL1,mRNA__OVOL1,1369
RNA_lncRNA,mRNA,IL13RA2,mRNA__IL13RA2,1370
RNA_lncRNA,mRNA,OR14J1,mRNA__OR14J1,1371
RNA_lncRNA,mRNA,CNGA4,mRNA__CNGA4,1372
RNA_lncRNA,mRNA,NME9,mRNA__NME9,1373
RNA_lncRNA,mRNA,DHCR24,mRNA__DHCR24,1374
RNA_lncRNA,mRNA,FOXD4L4,mRNA__FOXD4L4,1375
RNA_lncRNA,mRNA,CRYBB1,mRNA__CRYBB1,1376
RNA_lncRNA,mRNA,ZNF648,mRNA__ZNF648,1377
RNA_lncRNA,mRNA,TSGA13,mRNA__TSGA13,1378
RNA_lncRNA,mRNA,OR4C11,mRNA__OR4C11,1379
RNA_lncRNA,mRNA,ACOT12,mRNA__ACOT12,1380
RNA_lncRNA,mRNA,OR2D2,mRNA__OR2D2,1381
RNA_lncRNA,mRNA,AWAT1,mRNA__AWAT1,1382
RNA_lncRNA,mRNA,CKMT1A,mRNA__CKMT1A,1383
RNA_lncRNA,mRNA,PPP3R2,mRNA__PPP3R2,1384
RNA_lncRNA,mRNA,MED12L,mRNA__MED12L,1385
RNA_lncRNA,mRNA,TEX26,mRNA__TEX26,1386
RNA_lncRNA,mRNA,BHLHE22,mRNA__BHLHE22,1387
RNA_lncRNA,mRNA,GATA5,mRNA__GATA5,1388
RNA_lncRNA,mRNA,AHSG,mRNA__AHSG,1389
RNA_lncRNA,mRNA,CYS1,mRNA__CYS1,1390
RNA_lncRNA,mRNA,HS6ST2,mRNA__HS6ST2,1391
RNA_lncRNA,mRNA,IFITM10,mRNA__IFITM10,1392
RNA_lncRNA,mRNA,CCDC63,mRNA__CCDC63,1393
RNA_lncRNA,mRNA,ASPG,mRNA__ASPG,1394
RNA_lncRNA,mRNA,TMEM151B,mRNA__TMEM151B,1395
RNA_lncRNA,mRNA,ZSWIM2,mRNA__ZSWIM2,1396
RNA_lncRNA,mRNA,DMRTB1,mRNA__DMRTB1,1397
RNA_lncRNA,mRNA,HTR1E,mRNA__HTR1E,1398
RNA_lncRNA,mRNA,CA7,mRNA__CA7,1399
RNA_lncRNA,mRNA,TMEM221,mRNA__TMEM221,1400
RNA_lncRNA,mRNA,SIAH3,mRNA__SIAH3,1401
RNA_lncRNA,mRNA,COL6A6,mRNA__COL6A6,1402
RNA_lncRNA,mRNA,FOXJ1,mRNA__FOXJ1,1403
RNA_lncRNA,mRNA,BICDL2,mRNA__BICDL2,1404
RNA_lncRNA,mRNA,OR6C2,mRNA__OR6C2,1405
RNA_lncRNA,mRNA,AL445524.2,mRNA__AL445524.2,1406
RNA_lncRNA,mRNA,CELF5,mRNA__CELF5,1407
RNA_lncRNA,mRNA,NFE2,mRNA__NFE2,1408
RNA_lncRNA,mRNA,LGSN,mRNA__LGSN,1409
RNA_lncRNA,mRNA,ACTL8,mRNA__ACTL8,1410
RNA_lncRNA,mRNA,KRT37,mRNA__KRT37,1411
RNA_lncRNA,mRNA,PLEKHN1,mRNA__PLEKHN1,1412
RNA_lncRNA,mRNA,ADAMTS19,mRNA__ADAMTS19,1413
RNA_lncRNA,mRNA,CA12,mRNA__CA12,1414
RNA_lncRNA,mRNA,GTSE1,mRNA__GTSE1,1415
RNA_lncRNA,mRNA,PLEKHD1,mRNA__PLEKHD1,1416
RNA_lncRNA,mRNA,LY86,mRNA__LY86,1417
RNA_lncRNA,mRNA,GBP6,mRNA__GBP6,1418
RNA_lncRNA,mRNA,TPSG1,mRNA__TPSG1,1419
RNA_lncRNA,mRNA,NYX,mRNA__NYX,1420
RNA_lncRNA,mRNA,ZP1,mRNA__ZP1,1421
RNA_lncRNA,mRNA,ACOT11,mRNA__ACOT11,1422
RNA_lncRNA,mRNA,FOXN1,mRNA__FOXN1,1423
RNA_lncRNA,mRNA,PRKAR2B,mRNA__PRKAR2B,1424
RNA_lncRNA,mRNA,RHBG,mRNA__RHBG,1425
RNA_lncRNA,mRNA,WNT7A,mRNA__WNT7A,1426
RNA_lncRNA,mRNA,ANHX,mRNA__ANHX,1427
RNA_lncRNA,mRNA,LIM2,mRNA__LIM2,1428
RNA_lncRNA,mRNA,TRIM10,mRNA__TRIM10,1429
RNA_lncRNA,mRNA,GRK1,mRNA__GRK1,1430
RNA_lncRNA,mRNA,ZWINT,mRNA__ZWINT,1431
RNA_lncRNA,mRNA,IL25,mRNA__IL25,1432
RNA_lncRNA,mRNA,KRT17,mRNA__KRT17,1433
RNA_lncRNA,mRNA,KLHDC7B,mRNA__KLHDC7B,1434
RNA_lncRNA,mRNA,KIF1A,mRNA__KIF1A,1435
RNA_lncRNA,mRNA,PNOC,mRNA__PNOC,1436
RNA_lncRNA,mRNA,RNF212B,mRNA__RNF212B,1437
RNA_lncRNA,mRNA,ABCG5,mRNA__ABCG5,1438
RNA_lncRNA,mRNA,MATN4,mRNA__MATN4,1439
RNA_lncRNA,mRNA,CALY,mRNA__CALY,1440
RNA_lncRNA,mRNA,IL18RAP,mRNA__IL18RAP,1441
RNA_lncRNA,mRNA,LRRC46,mRNA__LRRC46,1442
RNA_lncRNA,mRNA,KLRB1,mRNA__KLRB1,1443
RNA_lncRNA,mRNA,OR14A16,mRNA__OR14A16,1444
RNA_lncRNA,mRNA,AP002512.3,mRNA__AP002512.3,1445
RNA_lncRNA,mRNA,TCERG1L,mRNA__TCERG1L,1446
RNA_lncRNA,mRNA,EPHB3,mRNA__EPHB3,1447
RNA_lncRNA,mRNA,MOXD1,mRNA__MOXD1,1448
RNA_lncRNA,mRNA,C17ORF97,mRNA__C17ORF97,1449
RNA_lncRNA,mRNA,OR4A16,mRNA__OR4A16,1450
RNA_lncRNA,mRNA,POU3F3,mRNA__POU3F3,1451
RNA_lncRNA,mRNA,PTGER3,mRNA__PTGER3,1452
RNA_lncRNA,mRNA,PCLAF,mRNA__PCLAF,1453
RNA_lncRNA,mRNA,RXFP3,mRNA__RXFP3,1454
RNA_lncRNA,mRNA,KCNK12,mRNA__KCNK12,1455
RNA_lncRNA,mRNA,IGFBPL1,mRNA__IGFBPL1,1456
RNA_lncRNA,mRNA,TMEM213,mRNA__TMEM213,1457
RNA_lncRNA,mRNA,PHLDA2,mRNA__PHLDA2,1458
RNA_lncRNA,mRNA,WNK4,mRNA__WNK4,1459
RNA_lncRNA,mRNA,BOLA2-SMG1P6,mRNA__BOLA2-SMG1P6,1460
RNA_lncRNA,mRNA,ERFE,mRNA__ERFE,1461
RNA_lncRNA,mRNA,CALB2,mRNA__CALB2,1462
RNA_lncRNA,mRNA,TTR,mRNA__TTR,1463
RNA_lncRNA,mRNA,PHOSPHO1,mRNA__PHOSPHO1,1464
RNA_lncRNA,mRNA,C11ORF91,mRNA__C11ORF91,1465
RNA_lncRNA,mRNA,PNMA8A,mRNA__PNMA8A,1466
RNA_lncRNA,mRNA,IGSF10,mRNA__IGSF10,1467
RNA_lncRNA,mRNA,SPDYE1,mRNA__SPDYE1,1468
RNA_lncRNA,mRNA,IL12B,mRNA__IL12B,1469
RNA_lncRNA,mRNA,KIF2B,mRNA__KIF2B,1470
RNA_lncRNA,mRNA,ZNF695,mRNA__ZNF695,1471
RNA_lncRNA,mRNA,CRISPLD1,mRNA__CRISPLD1,1472
RNA_lncRNA,mRNA,VWA5B2,mRNA__VWA5B2,1473
RNA_lncRNA,mRNA,MOG,mRNA__MOG,1474
RNA_lncRNA,mRNA,RHCG,mRNA__RHCG,1475
RNA_lncRNA,mRNA,CBARP,mRNA__CBARP,1476
RNA_lncRNA,mRNA,KCNG4,mRNA__KCNG4,1477
RNA_lncRNA,mRNA,OR10G4,mRNA__OR10G4,1478
RNA_lncRNA,mRNA,CD27,mRNA__CD27,1479
RNA_lncRNA,mRNA,C6,mRNA__C6,1480
RNA_lncRNA,mRNA,KIR3DL2,mRNA__KIR3DL2,1481
RNA_lncRNA,mRNA,SPACA1,mRNA__SPACA1,1482
RNA_lncRNA,mRNA,SEPTIN14,mRNA__SEPTIN14,1483
RNA_lncRNA,mRNA,KRT1,mRNA__KRT1,1484
RNA_lncRNA,mRNA,SP7,mRNA__SP7,1485
RNA_lncRNA,mRNA,SCTR,mRNA__SCTR,1486
RNA_lncRNA,mRNA,ELAVL3,mRNA__ELAVL3,1487
RNA_lncRNA,mRNA,NPTX2,mRNA__NPTX2,1488
RNA_lncRNA,mRNA,TBPL2,mRNA__TBPL2,1489
RNA_lncRNA,mRNA,KRT2,mRNA__KRT2,1490
RNA_lncRNA,mRNA,CACNA1E,mRNA__CACNA1E,1491
RNA_lncRNA,mRNA,GPR15,mRNA__GPR15,1492
RNA_lncRNA,mRNA,FAM3D,mRNA__FAM3D,1493
RNA_lncRNA,mRNA,FKBP6,mRNA__FKBP6,1494
RNA_lncRNA,mRNA,UGT2B4,mRNA__UGT2B4,1495
RNA_lncRNA,mRNA,FABP4,mRNA__FABP4,1496
RNA_lncRNA,mRNA,FSIP1,mRNA__FSIP1,1497
RNA_lncRNA,mRNA,GPX2,mRNA__GPX2,1498
RNA_lncRNA,mRNA,MS4A1,mRNA__MS4A1,1499
RNA_lncRNA,mRNA,KRT16,mRNA__KRT16,1500
RNA_lncRNA,mRNA,GOLGA6L7,mRNA__GOLGA6L7,1501
RNA_lncRNA,mRNA,WT1,mRNA__WT1,1502
RNA_lncRNA,mRNA,TMPRSS11B,mRNA__TMPRSS11B,1503
RNA_lncRNA,mRNA,RALYL,mRNA__RALYL,1504
RNA_lncRNA,mRNA,GABRQ,mRNA__GABRQ,1505
RNA_lncRNA,mRNA,SCGB3A2,mRNA__SCGB3A2,1506
RNA_lncRNA,mRNA,ANKRD30A,mRNA__ANKRD30A,1507
RNA_lncRNA,mRNA,FNDC11,mRNA__FNDC11,1508
RNA_lncRNA,mRNA,MAGEA11,mRNA__MAGEA11,1509
RNA_lncRNA,mRNA,SPINK4,mRNA__SPINK4,1510
RNA_lncRNA,mRNA,RNF43,mRNA__RNF43,1511
RNA_lncRNA,mRNA,SCG2,mRNA__SCG2,1512
RNA_lncRNA,mRNA,PRPH,mRNA__PRPH,1513
RNA_lncRNA,mRNA,LUZP4,mRNA__LUZP4,1514
RNA_lncRNA,mRNA,NUGGC,mRNA__NUGGC,1515
RNA_lncRNA,mRNA,FBP1,mRNA__FBP1,1516
RNA_lncRNA,mRNA,AZU1,mRNA__AZU1,1517
RNA_lncRNA,mRNA,KRT27,mRNA__KRT27,1518
RNA_lncRNA,mRNA,CCDC42,mRNA__CCDC42,1519
RNA_lncRNA,mRNA,OTC,mRNA__OTC,1520
RNA_lncRNA,mRNA,LEFTY1,mRNA__LEFTY1,1521
RNA_lncRNA,mRNA,TMCO2,mRNA__TMCO2,1522
RNA_lncRNA,mRNA,ANKRD20A3P,mRNA__ANKRD20A3P,1523
RNA_lncRNA,mRNA,ADRA2A,mRNA__ADRA2A,1524
RNA_lncRNA,mRNA,NXF5,mRNA__NXF5,1525
RNA_lncRNA,mRNA,ANO9,mRNA__ANO9,1526
RNA_lncRNA,mRNA,ZNF683,mRNA__ZNF683,1527
RNA_lncRNA,mRNA,PRSS2,mRNA__PRSS2,1528
RNA_lncRNA,mRNA,GPR183,mRNA__GPR183,1529
RNA_lncRNA,mRNA,TREML4,mRNA__TREML4,1530
RNA_lncRNA,mRNA,CD70,mRNA__CD70,1531
RNA_lncRNA,mRNA,SCNN1G,mRNA__SCNN1G,1532
RNA_lncRNA,mRNA,MYBPC3,mRNA__MYBPC3,1533
RNA_lncRNA,mRNA,TAS1R1,mRNA__TAS1R1,1534
RNA_lncRNA,mRNA,PRAMEF14,mRNA__PRAMEF14,1535
RNA_lncRNA,mRNA,MUC2,mRNA__MUC2,1536
RNA_lncRNA,mRNA,TMEM132E,mRNA__TMEM132E,1537
RNA_lncRNA,mRNA,NCR2,mRNA__NCR2,1538
RNA_lncRNA,mRNA,KHDC1,mRNA__KHDC1,1539
RNA_lncRNA,mRNA,PRAMEF4,mRNA__PRAMEF4,1540
RNA_lncRNA,mRNA,C9ORF57,mRNA__C9ORF57,1541
RNA_lncRNA,mRNA,H4C6,mRNA__H4C6,1542
RNA_lncRNA,mRNA,NECAB2,mRNA__NECAB2,1543
RNA_lncRNA,mRNA,ERICH4,mRNA__ERICH4,1544
RNA_lncRNA,mRNA,RCVRN,mRNA__RCVRN,1545
RNA_lncRNA,mRNA,IRS4,mRNA__IRS4,1546
RNA_lncRNA,mRNA,RTP1,mRNA__RTP1,1547
RNA_lncRNA,mRNA,ALOX15,mRNA__ALOX15,1548
RNA_lncRNA,mRNA,C2ORF50,mRNA__C2ORF50,1549
RNA_lncRNA,mRNA,PNMA3,mRNA__PNMA3,1550
RNA_lncRNA,mRNA,PIP5KL1,mRNA__PIP5KL1,1551
RNA_lncRNA,mRNA,GPR150,mRNA__GPR150,1552
RNA_lncRNA,mRNA,H2BW2,mRNA__H2BW2,1553
RNA_lncRNA,mRNA,TKTL2,mRNA__TKTL2,1554
RNA_lncRNA,mRNA,FBN3,mRNA__FBN3,1555
RNA_lncRNA,mRNA,OR52B2,mRNA__OR52B2,1556
RNA_lncRNA,mRNA,RIPPLY3,mRNA__RIPPLY3,1557
RNA_lncRNA,mRNA,SLC52A1,mRNA__SLC52A1,1558
RNA_lncRNA,mRNA,CD8B2,mRNA__CD8B2,1559
RNA_lncRNA,mRNA,OR5AS1,mRNA__OR5AS1,1560
RNA_lncRNA,mRNA,MYOC,mRNA__MYOC,1561
RNA_lncRNA,mRNA,HPCA,mRNA__HPCA,1562
RNA_lncRNA,mRNA,PANX2,mRNA__PANX2,1563
RNA_lncRNA,mRNA,RSPH1,mRNA__RSPH1,1564
RNA_lncRNA,mRNA,GSDMA,mRNA__GSDMA,1565
RNA_lncRNA,mRNA,THEM5,mRNA__THEM5,1566
RNA_lncRNA,mRNA,RGS9BP,mRNA__RGS9BP,1567
RNA_lncRNA,mRNA,SLC6A2,mRNA__SLC6A2,1568
RNA_lncRNA,mRNA,ABCB5,mRNA__ABCB5,1569
RNA_lncRNA,mRNA,PROP1,mRNA__PROP1,1570
RNA_lncRNA,mRNA,SPIN2A,mRNA__SPIN2A,1571
RNA_lncRNA,mRNA,INHA,mRNA__INHA,1572
RNA_lncRNA,mRNA,OTOL1,mRNA__OTOL1,1573
RNA_lncRNA,mRNA,NT5C1B,mRNA__NT5C1B,1574
RNA_lncRNA,mRNA,FAM135B,mRNA__FAM135B,1575
RNA_lncRNA,mRNA,OR56A4,mRNA__OR56A4,1576
RNA_lncRNA,mRNA,CFAP157,mRNA__CFAP157,1577
RNA_lncRNA,mRNA,FBXL16,mRNA__FBXL16,1578
RNA_lncRNA,mRNA,SYNDIG1L,mRNA__SYNDIG1L,1579
RNA_lncRNA,mRNA,KCNJ1,mRNA__KCNJ1,1580
RNA_lncRNA,mRNA,QPCT,mRNA__QPCT,1581
RNA_lncRNA,mRNA,GDF10,mRNA__GDF10,1582
RNA_lncRNA,mRNA,EFCAB10,mRNA__EFCAB10,1583
RNA_lncRNA,mRNA,AC005041.1,mRNA__AC005041.1,1584
RNA_lncRNA,mRNA,SLC34A1,mRNA__SLC34A1,1585
RNA_lncRNA,mRNA,TLR2,mRNA__TLR2,1586
RNA_lncRNA,mRNA,DUSP5,mRNA__DUSP5,1587
RNA_lncRNA,mRNA,AOC1,mRNA__AOC1,1588
RNA_lncRNA,mRNA,INSL6,mRNA__INSL6,1589
RNA_lncRNA,mRNA,ZNF705A,mRNA__ZNF705A,1590
RNA_lncRNA,mRNA,BRS3,mRNA__BRS3,1591
RNA_lncRNA,mRNA,KRT33A,mRNA__KRT33A,1592
RNA_lncRNA,mRNA,LEXM,mRNA__LEXM,1593
RNA_lncRNA,mRNA,TGFBR3L,mRNA__TGFBR3L,1594
RNA_lncRNA,mRNA,CD300C,mRNA__CD300C,1595
RNA_lncRNA,mRNA,KIF19,mRNA__KIF19,1596
RNA_lncRNA,mRNA,TRIM63,mRNA__TRIM63,1597
RNA_lncRNA,mRNA,FOLR3,mRNA__FOLR3,1598
RNA_lncRNA,mRNA,TMPRSS13,mRNA__TMPRSS13,1599
RNA_lncRNA,mRNA,ERCC6L,mRNA__ERCC6L,1600
RNA_lncRNA,mRNA,RSPO4,mRNA__RSPO4,1601
RNA_lncRNA,mRNA,PRDM13,mRNA__PRDM13,1602
RNA_lncRNA,mRNA,CABCOCO1,mRNA__CABCOCO1,1603
RNA_lncRNA,mRNA,NFKBIZ,mRNA__NFKBIZ,1604
RNA_lncRNA,mRNA,LAIR2,mRNA__LAIR2,1605
RNA_lncRNA,mRNA,CBLN1,mRNA__CBLN1,1606
RNA_lncRNA,mRNA,OR8G5,mRNA__OR8G5,1607
RNA_lncRNA,mRNA,NSG2,mRNA__NSG2,1608
RNA_lncRNA,mRNA,MS4A15,mRNA__MS4A15,1609
RNA_lncRNA,mRNA,C19ORF84,mRNA__C19ORF84,1610
RNA_lncRNA,mRNA,SLC6A19,mRNA__SLC6A19,1611
RNA_lncRNA,mRNA,IL22RA1,mRNA__IL22RA1,1612
RNA_lncRNA,mRNA,ODF1,mRNA__ODF1,1613
RNA_lncRNA,mRNA,DLK2,mRNA__DLK2,1614
RNA_lncRNA,mRNA,TYMS,mRNA__TYMS,1615
RNA_lncRNA,mRNA,ADM2,mRNA__ADM2,1616
RNA_lncRNA,mRNA,SLC22A18AS,mRNA__SLC22A18AS,1617
RNA_lncRNA,mRNA,SERPINA11,mRNA__SERPINA11,1618
RNA_lncRNA,mRNA,LHX2,mRNA__LHX2,1619
RNA_lncRNA,mRNA,TRIML1,mRNA__TRIML1,1620
RNA_lncRNA,mRNA,TNS4,mRNA__TNS4,1621
RNA_lncRNA,mRNA,PRAME,mRNA__PRAME,1622
RNA_lncRNA,mRNA,GAGE2E,mRNA__GAGE2E,1623
RNA_lncRNA,mRNA,LDLR,mRNA__LDLR,1624
RNA_lncRNA,mRNA,C4ORF48,mRNA__C4ORF48,1625
RNA_lncRNA,mRNA,TNFSF11,mRNA__TNFSF11,1626
RNA_lncRNA,mRNA,TPPP3,mRNA__TPPP3,1627
RNA_lncRNA,mRNA,IGSF5,mRNA__IGSF5,1628
RNA_lncRNA,mRNA,FOXP3,mRNA__FOXP3,1629
RNA_lncRNA,mRNA,TGM7,mRNA__TGM7,1630
RNA_lncRNA,mRNA,WIF1,mRNA__WIF1,1631
RNA_lncRNA,mRNA,C11ORF16,mRNA__C11ORF16,1632
RNA_lncRNA,mRNA,GNGT1,mRNA__GNGT1,1633
RNA_lncRNA,mRNA,PLA2G2F,mRNA__PLA2G2F,1634
RNA_lncRNA,mRNA,ADGRG4,mRNA__ADGRG4,1635
RNA_lncRNA,mRNA,TEX13C,mRNA__TEX13C,1636
RNA_lncRNA,mRNA,ITIH4,mRNA__ITIH4,1637
RNA_lncRNA,mRNA,Z82206.1,mRNA__Z82206.1,1638
RNA_lncRNA,mRNA,KRT18,mRNA__KRT18,1639
RNA_lncRNA,mRNA,CYP2F1,mRNA__CYP2F1,1640
RNA_lncRNA,mRNA,SP8,mRNA__SP8,1641
RNA_lncRNA,mRNA,CRP,mRNA__CRP,1642
RNA_lncRNA,mRNA,DGKB,mRNA__DGKB,1643
RNA_lncRNA,mRNA,HBD,mRNA__HBD,1644
RNA_lncRNA,mRNA,GABRG1,mRNA__GABRG1,1645
RNA_lncRNA,mRNA,EPS8L1,mRNA__EPS8L1,1646
RNA_lncRNA,mRNA,CTXN1,mRNA__CTXN1,1647
RNA_lncRNA,mRNA,LYZL2,mRNA__LYZL2,1648
RNA_lncRNA,mRNA,HOGA1,mRNA__HOGA1,1649
RNA_lncRNA,mRNA,SPEF1,mRNA__SPEF1,1650
RNA_lncRNA,mRNA,FTCD,mRNA__FTCD,1651
RNA_lncRNA,mRNA,CENPM,mRNA__CENPM,1652
RNA_lncRNA,mRNA,NIPAL4,mRNA__NIPAL4,1653
RNA_lncRNA,mRNA,OR2L3,mRNA__OR2L3,1654
RNA_lncRNA,mRNA,SOHLH2,mRNA__SOHLH2,1655
RNA_lncRNA,mRNA,AGTR2,mRNA__AGTR2,1656
RNA_lncRNA,mRNA,MS4A10,mRNA__MS4A10,1657
RNA_lncRNA,mRNA,OPN1SW,mRNA__OPN1SW,1658
RNA_lncRNA,mRNA,DKK4,mRNA__DKK4,1659
RNA_lncRNA,mRNA,FXYD3,mRNA__FXYD3,1660
RNA_lncRNA,mRNA,SIRPG,mRNA__SIRPG,1661
RNA_lncRNA,mRNA,BATF,mRNA__BATF,1662
RNA_lncRNA,mRNA,ZNF724,mRNA__ZNF724,1663
RNA_lncRNA,mRNA,PMCH,mRNA__PMCH,1664
RNA_lncRNA,mRNA,PRKCG,mRNA__PRKCG,1665
RNA_lncRNA,mRNA,LRRC56,mRNA__LRRC56,1666
RNA_lncRNA,mRNA,SMIM2,mRNA__SMIM2,1667
RNA_lncRNA,mRNA,NLRP11,mRNA__NLRP11,1668
RNA_lncRNA,mRNA,CCDC177,mRNA__CCDC177,1669
RNA_lncRNA,mRNA,RLN1,mRNA__RLN1,1670
RNA_lncRNA,mRNA,ERBB3,mRNA__ERBB3,1671
RNA_lncRNA,mRNA,PRODH2,mRNA__PRODH2,1672
RNA_lncRNA,mRNA,TENM2,mRNA__TENM2,1673
RNA_lncRNA,mRNA,GP1BA,mRNA__GP1BA,1674
RNA_lncRNA,mRNA,KRT86,mRNA__KRT86,1675
RNA_lncRNA,mRNA,TCEAL6,mRNA__TCEAL6,1676
RNA_lncRNA,mRNA,DUOXA2,mRNA__DUOXA2,1677
RNA_lncRNA,mRNA,NKX6-3,mRNA__NKX6-3,1678
RNA_lncRNA,mRNA,HOXB1,mRNA__HOXB1,1679
RNA_lncRNA,mRNA,NOP2,mRNA__NOP2,1680
RNA_lncRNA,mRNA,RBFOX3,mRNA__RBFOX3,1681
RNA_lncRNA,mRNA,GPR17,mRNA__GPR17,1682
RNA_lncRNA,mRNA,RBPJL,mRNA__RBPJL,1683
RNA_lncRNA,mRNA,BOD1L2,mRNA__BOD1L2,1684
RNA_lncRNA,mRNA,DACT2,mRNA__DACT2,1685
RNA_lncRNA,mRNA,STOML3,mRNA__STOML3,1686
RNA_lncRNA,mRNA,CCDC8,mRNA__CCDC8,1687
RNA_lncRNA,mRNA,VSX1,mRNA__VSX1,1688
RNA_lncRNA,mRNA,SLC22A16,mRNA__SLC22A16,1689
RNA_lncRNA,mRNA,KRT32,mRNA__KRT32,1690
RNA_lncRNA,mRNA,SERPINA4,mRNA__SERPINA4,1691
RNA_lncRNA,mRNA,CDX1,mRNA__CDX1,1692
RNA_lncRNA,mRNA,KIF4A,mRNA__KIF4A,1693
RNA_lncRNA,mRNA,CCIN,mRNA__CCIN,1694
RNA_lncRNA,mRNA,UGT2A3,mRNA__UGT2A3,1695
RNA_lncRNA,mRNA,BIRC5,mRNA__BIRC5,1696
RNA_lncRNA,mRNA,HLA-DOB,mRNA__HLA-DOB,1697
RNA_lncRNA,mRNA,GP5,mRNA__GP5,1698
RNA_lncRNA,mRNA,SMTNL1,mRNA__SMTNL1,1699
RNA_lncRNA,mRNA,P2RY1,mRNA__P2RY1,1700
RNA_lncRNA,mRNA,SLC22A3,mRNA__SLC22A3,1701
RNA_lncRNA,mRNA,TULP2,mRNA__TULP2,1702
RNA_lncRNA,mRNA,CFAP52,mRNA__CFAP52,1703
RNA_lncRNA,mRNA,TXNDC2,mRNA__TXNDC2,1704
RNA_lncRNA,mRNA,SMCO3,mRNA__SMCO3,1705
RNA_lncRNA,mRNA,ZC3H12A,mRNA__ZC3H12A,1706
RNA_lncRNA,mRNA,CFAP99,mRNA__CFAP99,1707
RNA_lncRNA,mRNA,REM2,mRNA__REM2,1708
RNA_lncRNA,mRNA,DNASE2B,mRNA__DNASE2B,1709
RNA_lncRNA,mRNA,GIPR,mRNA__GIPR,1710
RNA_lncRNA,mRNA,BRINP1,mRNA__BRINP1,1711
RNA_lncRNA,mRNA,ATP1A3,mRNA__ATP1A3,1712
RNA_lncRNA,mRNA,NTS,mRNA__NTS,1713
RNA_lncRNA,mRNA,RIPPLY2,mRNA__RIPPLY2,1714
RNA_lncRNA,mRNA,HLA-G,mRNA__HLA-G,1715
RNA_lncRNA,mRNA,PALM3,mRNA__PALM3,1716
RNA_lncRNA,mRNA,TDRD15,mRNA__TDRD15,1717
RNA_lncRNA,mRNA,RHEBL1,mRNA__RHEBL1,1718
RNA_lncRNA,mRNA,MAP3K15,mRNA__MAP3K15,1719
RNA_lncRNA,mRNA,FCRLB,mRNA__FCRLB,1720
RNA_lncRNA,mRNA,ADGRD2,mRNA__ADGRD2,1721
RNA_lncRNA,mRNA,KCNQ2,mRNA__KCNQ2,1722
RNA_lncRNA,mRNA,LCN15,mRNA__LCN15,1723
RNA_lncRNA,mRNA,GLRA1,mRNA__GLRA1,1724
RNA_lncRNA,mRNA,SERPINA7,mRNA__SERPINA7,1725
RNA_lncRNA,mRNA,MBD3L1,mRNA__MBD3L1,1726
RNA_lncRNA,mRNA,OR8B3,mRNA__OR8B3,1727
RNA_lncRNA,mRNA,OR7A5,mRNA__OR7A5,1728
RNA_lncRNA,mRNA,TMC2,mRNA__TMC2,1729
RNA_lncRNA,mRNA,C17ORF78,mRNA__C17ORF78,1730
RNA_lncRNA,mRNA,DCDC2C,mRNA__DCDC2C,1731
RNA_lncRNA,mRNA,CCN1,mRNA__CCN1,1732
RNA_lncRNA,mRNA,AC008581.2,mRNA__AC008581.2,1733
RNA_lncRNA,mRNA,FOXE1,mRNA__FOXE1,1734
RNA_lncRNA,mRNA,FOXR2,mRNA__FOXR2,1735
RNA_lncRNA,mRNA,F2,mRNA__F2,1736
RNA_lncRNA,mRNA,BHMG1,mRNA__BHMG1,1737
RNA_lncRNA,mRNA,PHOX2B,mRNA__PHOX2B,1738
RNA_lncRNA,mRNA,LHFPL3,mRNA__LHFPL3,1739
RNA_lncRNA,mRNA,SIGLECL1,mRNA__SIGLECL1,1740
RNA_lncRNA,mRNA,POU5F1B,mRNA__POU5F1B,1741
RNA_lncRNA,mRNA,HS6ST3,mRNA__HS6ST3,1742
RNA_lncRNA,mRNA,HIGD1C,mRNA__HIGD1C,1743
RNA_lncRNA,mRNA,ALLC,mRNA__ALLC,1744
RNA_lncRNA,mRNA,CDK5R2,mRNA__CDK5R2,1745
RNA_lncRNA,mRNA,GOLGA8T,mRNA__GOLGA8T,1746
RNA_lncRNA,mRNA,PLA2G3,mRNA__PLA2G3,1747
RNA_lncRNA,mRNA,C5ORF49,mRNA__C5ORF49,1748
RNA_lncRNA,mRNA,WNT10A,mRNA__WNT10A,1749
RNA_lncRNA,mRNA,SOWAHB,mRNA__SOWAHB,1750
RNA_lncRNA,mRNA,EIF4E1B,mRNA__EIF4E1B,1751
RNA_lncRNA,mRNA,GOLGA8J,mRNA__GOLGA8J,1752
RNA_lncRNA,mRNA,FEZF1,mRNA__FEZF1,1753
RNA_lncRNA,mRNA,FCRL4,mRNA__FCRL4,1754
RNA_lncRNA,mRNA,GCG,mRNA__GCG,1755
RNA_lncRNA,mRNA,SCRG1,mRNA__SCRG1,1756
RNA_lncRNA,mRNA,ASIC5,mRNA__ASIC5,1757
RNA_lncRNA,mRNA,TEKT5,mRNA__TEKT5,1758
RNA_lncRNA,mRNA,TTC24,mRNA__TTC24,1759
RNA_lncRNA,mRNA,NKX6-1,mRNA__NKX6-1,1760
RNA_lncRNA,mRNA,PRR27,mRNA__PRR27,1761
RNA_lncRNA,mRNA,KLK13,mRNA__KLK13,1762
RNA_lncRNA,mRNA,STAP1,mRNA__STAP1,1763
RNA_lncRNA,mRNA,TECRL,mRNA__TECRL,1764
RNA_lncRNA,mRNA,XKRX,mRNA__XKRX,1765
RNA_lncRNA,mRNA,KCNK17,mRNA__KCNK17,1766
RNA_lncRNA,mRNA,SERTM2,mRNA__SERTM2,1767
RNA_lncRNA,mRNA,CNGA3,mRNA__CNGA3,1768
RNA_lncRNA,mRNA,HSF2BP,mRNA__HSF2BP,1769
RNA_lncRNA,mRNA,PKP3,mRNA__PKP3,1770
RNA_lncRNA,mRNA,RFLNA,mRNA__RFLNA,1771
RNA_lncRNA,mRNA,TNFSF15,mRNA__TNFSF15,1772
RNA_lncRNA,mRNA,SLITRK3,mRNA__SLITRK3,1773
RNA_lncRNA,mRNA,BANF2,mRNA__BANF2,1774
RNA_lncRNA,mRNA,PCSK9,mRNA__PCSK9,1775
RNA_lncRNA,mRNA,OR2AJ1,mRNA__OR2AJ1,1776
RNA_lncRNA,mRNA,PCDHA1,mRNA__PCDHA1,1777
RNA_lncRNA,mRNA,PDZK1,mRNA__PDZK1,1778
RNA_lncRNA,mRNA,PGK2,mRNA__PGK2,1779
RNA_lncRNA,mRNA,OR7G2,mRNA__OR7G2,1780
RNA_lncRNA,mRNA,KRT84,mRNA__KRT84,1781
RNA_lncRNA,mRNA,KNCN,mRNA__KNCN,1782
RNA_lncRNA,mRNA,OR9A4,mRNA__OR9A4,1783
RNA_lncRNA,mRNA,MBOAT4,mRNA__MBOAT4,1784
RNA_lncRNA,mRNA,FIGLA,mRNA__FIGLA,1785
RNA_lncRNA,mRNA,CETP,mRNA__CETP,1786
RNA_lncRNA,mRNA,PODNL1,mRNA__PODNL1,1787
RNA_lncRNA,mRNA,MKRN3,mRNA__MKRN3,1788
RNA_lncRNA,mRNA,BTNL8,mRNA__BTNL8,1789
RNA_lncRNA,mRNA,HSD3B1,mRNA__HSD3B1,1790
RNA_lncRNA,mRNA,KLC3,mRNA__KLC3,1791
RNA_lncRNA,mRNA,OR10R2,mRNA__OR10R2,1792
RNA_lncRNA,mRNA,CTXND2,mRNA__CTXND2,1793
RNA_lncRNA,mRNA,CCDC74A,mRNA__CCDC74A,1794
RNA_lncRNA,mRNA,MGAM,mRNA__MGAM,1795
RNA_lncRNA,mRNA,KLK5,mRNA__KLK5,1796
RNA_lncRNA,mRNA,POF1B,mRNA__POF1B,1797
RNA_lncRNA,mRNA,VTN,mRNA__VTN,1798
RNA_lncRNA,mRNA,TEDC2,mRNA__TEDC2,1799
RNA_lncRNA,mRNA,FCGBP,mRNA__FCGBP,1800
RNA_lncRNA,mRNA,ZP4,mRNA__ZP4,1801
RNA_lncRNA,mRNA,L1TD1,mRNA__L1TD1,1802
RNA_lncRNA,mRNA,ADAM18,mRNA__ADAM18,1803
RNA_lncRNA,mRNA,SPDYE4,mRNA__SPDYE4,1804
RNA_lncRNA,mRNA,C3ORF49,mRNA__C3ORF49,1805
RNA_lncRNA,mRNA,SLC5A5,mRNA__SLC5A5,1806
RNA_lncRNA,mRNA,GLP1R,mRNA__GLP1R,1807
RNA_lncRNA,mRNA,SYNGR4,mRNA__SYNGR4,1808
RNA_lncRNA,mRNA,CDX4,mRNA__CDX4,1809
RNA_lncRNA,mRNA,PIGR,mRNA__PIGR,1810
RNA_lncRNA,mRNA,TLR10,mRNA__TLR10,1811
RNA_lncRNA,mRNA,TRH,mRNA__TRH,1812
RNA_lncRNA,mRNA,CYP2C8,mRNA__CYP2C8,1813
RNA_lncRNA,mRNA,RARRES1,mRNA__RARRES1,1814
RNA_lncRNA,mRNA,TUNAR,mRNA__TUNAR,1815
RNA_lncRNA,mRNA,LMX1B,mRNA__LMX1B,1816
RNA_lncRNA,mRNA,GALNT17,mRNA__GALNT17,1817
RNA_lncRNA,mRNA,CYP11B2,mRNA__CYP11B2,1818
RNA_lncRNA,mRNA,CIB3,mRNA__CIB3,1819
RNA_lncRNA,mRNA,DDX4,mRNA__DDX4,1820
RNA_lncRNA,mRNA,PLP1,mRNA__PLP1,1821
RNA_lncRNA,mRNA,PAX2,mRNA__PAX2,1822
RNA_lncRNA,mRNA,TMEM63C,mRNA__TMEM63C,1823
RNA_lncRNA,mRNA,CNR2,mRNA__CNR2,1824
RNA_lncRNA,mRNA,TGM5,mRNA__TGM5,1825
RNA_lncRNA,mRNA,ITIH1,mRNA__ITIH1,1826
RNA_lncRNA,mRNA,C2ORF66,mRNA__C2ORF66,1827
RNA_lncRNA,mRNA,TINCR,mRNA__TINCR,1828
RNA_lncRNA,mRNA,KRTAP5-9,mRNA__KRTAP5-9,1829
RNA_lncRNA,mRNA,PNLIPRP3,mRNA__PNLIPRP3,1830
RNA_lncRNA,mRNA,HOXB8,mRNA__HOXB8,1831
RNA_lncRNA,mRNA,EPB41L4B,mRNA__EPB41L4B,1832
RNA_lncRNA,mRNA,LGALS13,mRNA__LGALS13,1833
RNA_lncRNA,mRNA,HSD17B6,mRNA__HSD17B6,1834
RNA_lncRNA,mRNA,PLIN5,mRNA__PLIN5,1835
RNA_lncRNA,mRNA,DNAJB13,mRNA__DNAJB13,1836
RNA_lncRNA,mRNA,PRL,mRNA__PRL,1837
RNA_lncRNA,mRNA,SYT14,mRNA__SYT14,1838
RNA_lncRNA,mRNA,KRT15,mRNA__KRT15,1839
RNA_lncRNA,mRNA,FOXR1,mRNA__FOXR1,1840
RNA_lncRNA,mRNA,ARRDC2,mRNA__ARRDC2,1841
RNA_lncRNA,mRNA,MPPED1,mRNA__MPPED1,1842
RNA_lncRNA,mRNA,ZNF474,mRNA__ZNF474,1843
RNA_lncRNA,mRNA,CPN1,mRNA__CPN1,1844
RNA_lncRNA,mRNA,AMY2A,mRNA__AMY2A,1845
RNA_lncRNA,mRNA,MYMX,mRNA__MYMX,1846
RNA_lncRNA,mRNA,SIGLEC10,mRNA__SIGLEC10,1847
RNA_lncRNA,mRNA,GDF2,mRNA__GDF2,1848
RNA_lncRNA,mRNA,AKAIN1,mRNA__AKAIN1,1849
RNA_lncRNA,mRNA,PPP1R42,mRNA__PPP1R42,1850
RNA_lncRNA,mRNA,TMPRSS6,mRNA__TMPRSS6,1851
RNA_lncRNA,mRNA,LRIT1,mRNA__LRIT1,1852
RNA_lncRNA,mRNA,DNASE1L3,mRNA__DNASE1L3,1853
RNA_lncRNA,mRNA,CRTAM,mRNA__CRTAM,1854
RNA_lncRNA,mRNA,GPA33,mRNA__GPA33,1855
RNA_lncRNA,mRNA,ATP6V0A4,mRNA__ATP6V0A4,1856
RNA_lncRNA,mRNA,SLC17A6,mRNA__SLC17A6,1857
RNA_lncRNA,mRNA,EFHB,mRNA__EFHB,1858
RNA_lncRNA,mRNA,CPA2,mRNA__CPA2,1859
RNA_lncRNA,mRNA,DCAF8L1,mRNA__DCAF8L1,1860
RNA_lncRNA,mRNA,NKX2-4,mRNA__NKX2-4,1861
RNA_lncRNA,mRNA,CRYBG2,mRNA__CRYBG2,1862
RNA_lncRNA,mRNA,CABS1,mRNA__CABS1,1863
RNA_lncRNA,mRNA,DBX1,mRNA__DBX1,1864
RNA_lncRNA,mRNA,IL17F,mRNA__IL17F,1865
RNA_lncRNA,mRNA,ZNF560,mRNA__ZNF560,1866
RNA_lncRNA,mRNA,OR4M1,mRNA__OR4M1,1867
RNA_lncRNA,mRNA,SLC22A2,mRNA__SLC22A2,1868
RNA_lncRNA,mRNA,SALL1,mRNA__SALL1,1869
RNA_lncRNA,mRNA,POMC,mRNA__POMC,1870
RNA_lncRNA,mRNA,SAPCD2,mRNA__SAPCD2,1871
RNA_lncRNA,mRNA,KCNK13,mRNA__KCNK13,1872
RNA_lncRNA,mRNA,FUT3,mRNA__FUT3,1873
RNA_lncRNA,mRNA,IFNE,mRNA__IFNE,1874
RNA_lncRNA,mRNA,ARRDC5,mRNA__ARRDC5,1875
RNA_lncRNA,mRNA,SLC22A12,mRNA__SLC22A12,1876
RNA_lncRNA,mRNA,GOLGA6D,mRNA__GOLGA6D,1877
RNA_lncRNA,mRNA,GYPB,mRNA__GYPB,1878
RNA_lncRNA,mRNA,KLRF2,mRNA__KLRF2,1879
RNA_lncRNA,mRNA,KCNG1,mRNA__KCNG1,1880
RNA_lncRNA,mRNA,LYPD3,mRNA__LYPD3,1881
RNA_lncRNA,mRNA,KRT38,mRNA__KRT38,1882
RNA_lncRNA,mRNA,GALNTL5,mRNA__GALNTL5,1883
RNA_lncRNA,mRNA,C22ORF31,mRNA__C22ORF31,1884
RNA_lncRNA,mRNA,NXPH2,mRNA__NXPH2,1885
RNA_lncRNA,mRNA,ANKRD22,mRNA__ANKRD22,1886
RNA_lncRNA,mRNA,RGS21,mRNA__RGS21,1887
RNA_lncRNA,mRNA,ODF3L1,mRNA__ODF3L1,1888
RNA_lncRNA,mRNA,C1ORF146,mRNA__C1ORF146,1889
RNA_lncRNA,mRNA,RNF113B,mRNA__RNF113B,1890
RNA_lncRNA,mRNA,TNP2,mRNA__TNP2,1891
RNA_lncRNA,mRNA,PLA2G7,mRNA__PLA2G7,1892
RNA_lncRNA,mRNA,TDRD9,mRNA__TDRD9,1893
RNA_lncRNA,mRNA,LIPJ,mRNA__LIPJ,1894
RNA_lncRNA,mRNA,OR8H2,mRNA__OR8H2,1895
RNA_lncRNA,mRNA,HHIP,mRNA__HHIP,1896
RNA_lncRNA,mRNA,ADAM21,mRNA__ADAM21,1897
RNA_lncRNA,mRNA,MORN5,mRNA__MORN5,1898
RNA_lncRNA,mRNA,AL138752.2,mRNA__AL138752.2,1899
RNA_lncRNA,mRNA,ARL11,mRNA__ARL11,1900
RNA_lncRNA,mRNA,TLE6,mRNA__TLE6,1901
RNA_lncRNA,mRNA,ERVW-1,mRNA__ERVW-1,1902
RNA_lncRNA,mRNA,SKA1,mRNA__SKA1,1903
RNA_lncRNA,mRNA,TTBK1,mRNA__TTBK1,1904
RNA_lncRNA,mRNA,NRSN1,mRNA__NRSN1,1905
RNA_lncRNA,mRNA,OTUB2,mRNA__OTUB2,1906
RNA_lncRNA,mRNA,ADORA3,mRNA__ADORA3,1907
RNA_lncRNA,mRNA,MATN1,mRNA__MATN1,1908
RNA_lncRNA,mRNA,CLDN7,mRNA__CLDN7,1909
RNA_lncRNA,mRNA,OR4F17,mRNA__OR4F17,1910
RNA_lncRNA,mRNA,VHLL,mRNA__VHLL,1911
RNA_lncRNA,mRNA,XCL1,mRNA__XCL1,1912
RNA_lncRNA,mRNA,ATP6V1B1,mRNA__ATP6V1B1,1913
RNA_lncRNA,mRNA,PROZ,mRNA__PROZ,1914
RNA_lncRNA,mRNA,NKG7,mRNA__NKG7,1915
RNA_lncRNA,mRNA,PRSS22,mRNA__PRSS22,1916
RNA_lncRNA,mRNA,IRGM,mRNA__IRGM,1917
RNA_lncRNA,mRNA,RASGEF1C,mRNA__RASGEF1C,1918
RNA_lncRNA,mRNA,CST1,mRNA__CST1,1919
RNA_lncRNA,mRNA,ALDH3B2,mRNA__ALDH3B2,1920
RNA_lncRNA,mRNA,POTEH,mRNA__POTEH,1921
RNA_lncRNA,mRNA,SLC2A2,mRNA__SLC2A2,1922
RNA_lncRNA,mRNA,ERVV-1,mRNA__ERVV-1,1923
RNA_lncRNA,mRNA,UNC5A,mRNA__UNC5A,1924
RNA_lncRNA,mRNA,CSN2,mRNA__CSN2,1925
RNA_lncRNA,mRNA,INSM1,mRNA__INSM1,1926
RNA_lncRNA,mRNA,RBM11,mRNA__RBM11,1927
RNA_lncRNA,mRNA,APOA5,mRNA__APOA5,1928
RNA_lncRNA,mRNA,C16ORF78,mRNA__C16ORF78,1929
RNA_lncRNA,mRNA,MKI67,mRNA__MKI67,1930
RNA_lncRNA,mRNA,CNN1,mRNA__CNN1,1931
RNA_lncRNA,mRNA,SLC24A2,mRNA__SLC24A2,1932
RNA_lncRNA,mRNA,HOXA11,mRNA__HOXA11,1933
RNA_lncRNA,mRNA,CRYGN,mRNA__CRYGN,1934
RNA_lncRNA,mRNA,FAM9A,mRNA__FAM9A,1935
RNA_lncRNA,mRNA,TLR9,mRNA__TLR9,1936
RNA_lncRNA,mRNA,BDH1,mRNA__BDH1,1937
RNA_lncRNA,mRNA,SYT3,mRNA__SYT3,1938
RNA_lncRNA,mRNA,SLC6A3,mRNA__SLC6A3,1939
RNA_lncRNA,mRNA,WFDC2,mRNA__WFDC2,1940
RNA_lncRNA,mRNA,PSG5,mRNA__PSG5,1941
RNA_lncRNA,mRNA,KLK7,mRNA__KLK7,1942
RNA_lncRNA,mRNA,F2RL1,mRNA__F2RL1,1943
RNA_lncRNA,mRNA,TMEM155,mRNA__TMEM155,1944
RNA_lncRNA,mRNA,CARNS1,mRNA__CARNS1,1945
RNA_lncRNA,mRNA,INA,mRNA__INA,1946
RNA_lncRNA,mRNA,SERPINB3,mRNA__SERPINB3,1947
RNA_lncRNA,mRNA,LILRA5,mRNA__LILRA5,1948
RNA_lncRNA,mRNA,SLC35F3,mRNA__SLC35F3,1949
RNA_lncRNA,mRNA,EPPK1,mRNA__EPPK1,1950
RNA_lncRNA,mRNA,C15ORF62,mRNA__C15ORF62,1951
RNA_lncRNA,mRNA,TCL1A,mRNA__TCL1A,1952
RNA_lncRNA,mRNA,NOTO,mRNA__NOTO,1953
RNA_lncRNA,mRNA,DDI1,mRNA__DDI1,1954
RNA_lncRNA,mRNA,TRIML2,mRNA__TRIML2,1955
RNA_lncRNA,mRNA,SNAP91,mRNA__SNAP91,1956
RNA_lncRNA,mRNA,RAB39A,mRNA__RAB39A,1957
RNA_lncRNA,mRNA,C4BPA,mRNA__C4BPA,1958
RNA_lncRNA,mRNA,OR2J1,mRNA__OR2J1,1959
RNA_lncRNA,mRNA,TEPP,mRNA__TEPP,1960
RNA_lncRNA,mRNA,MYL3,mRNA__MYL3,1961
RNA_lncRNA,mRNA,CTRC,mRNA__CTRC,1962
RNA_lncRNA,mRNA,GOLGA8R,mRNA__GOLGA8R,1963
RNA_lncRNA,mRNA,LTA,mRNA__LTA,1964
RNA_lncRNA,mRNA,NCCRP1,mRNA__NCCRP1,1965
RNA_lncRNA,mRNA,TUBA3C,mRNA__TUBA3C,1966
RNA_lncRNA,mRNA,DISP2,mRNA__DISP2,1967
RNA_lncRNA,mRNA,OMD,mRNA__OMD,1968
RNA_lncRNA,mRNA,POU3F4,mRNA__POU3F4,1969
RNA_lncRNA,mRNA,TFAP2B,mRNA__TFAP2B,1970
RNA_lncRNA,mRNA,RGPD4,mRNA__RGPD4,1971
RNA_lncRNA,mRNA,CSMD1,mRNA__CSMD1,1972
RNA_lncRNA,mRNA,ISM2,mRNA__ISM2,1973
RNA_lncRNA,mRNA,KIR2DL3,mRNA__KIR2DL3,1974
RNA_lncRNA,mRNA,CDR1,mRNA__CDR1,1975
RNA_lncRNA,mRNA,CST8,mRNA__CST8,1976
RNA_lncRNA,mRNA,H3-2,mRNA__H3-2,1977
RNA_lncRNA,mRNA,TLCD1,mRNA__TLCD1,1978
RNA_lncRNA,mRNA,DYDC2,mRNA__DYDC2,1979
RNA_lncRNA,mRNA,SLC5A8,mRNA__SLC5A8,1980
RNA_lncRNA,mRNA,TMEM239,mRNA__TMEM239,1981
RNA_lncRNA,mRNA,EPCAM,mRNA__EPCAM,1982
RNA_lncRNA,mRNA,OR5B2,mRNA__OR5B2,1983
RNA_lncRNA,mRNA,CLRN1,mRNA__CLRN1,1984
RNA_lncRNA,mRNA,CCK,mRNA__CCK,1985
RNA_lncRNA,mRNA,C16ORF89,mRNA__C16ORF89,1986
RNA_lncRNA,mRNA,VWC2,mRNA__VWC2,1987
RNA_lncRNA,mRNA,CLEC11A,mRNA__CLEC11A,1988
RNA_lncRNA,mRNA,MAPK15,mRNA__MAPK15,1989
RNA_lncRNA,mRNA,EXD1,mRNA__EXD1,1990
RNA_lncRNA,mRNA,MYH13,mRNA__MYH13,1991
RNA_lncRNA,mRNA,TRIM77,mRNA__TRIM77,1992
RNA_lncRNA,mRNA,OR4F15,mRNA__OR4F15,1993
RNA_lncRNA,mRNA,AC008676.3,mRNA__AC008676.3,1994
RNA_lncRNA,mRNA,AURKB,mRNA__AURKB,1995
RNA_lncRNA,mRNA,LYZ,mRNA__LYZ,1996
RNA_lncRNA,mRNA,CD7,mRNA__CD7,1997
RNA_lncRNA,mRNA,VRTN,mRNA__VRTN,1998
RNA_lncRNA,mRNA,DDX53,mRNA__DDX53,1999
RNA_lncRNA,mRNA,SLC32A1,mRNA__SLC32A1,2000
RNA_lncRNA,mRNA,PCDHA6,mRNA__PCDHA6,2001
RNA_lncRNA,mRNA,RGS4,mRNA__RGS4,2002
RNA_lncRNA,mRNA,OCM,mRNA__OCM,2003
RNA_lncRNA,mRNA,SULT2B1,mRNA__SULT2B1,2004
RNA_lncRNA,mRNA,ARID3C,mRNA__ARID3C,2005
RNA_lncRNA,mRNA,KRT20,mRNA__KRT20,2006
RNA_lncRNA,mRNA,LIPM,mRNA__LIPM,2007
RNA_lncRNA,mRNA,CYP17A1,mRNA__CYP17A1,2008
RNA_lncRNA,mRNA,PON1,mRNA__PON1,2009
RNA_lncRNA,mRNA,CXCR6,mRNA__CXCR6,2010
RNA_lncRNA,mRNA,LYZL6,mRNA__LYZL6,2011
RNA_lncRNA,mRNA,RBP3,mRNA__RBP3,2012
RNA_lncRNA,mRNA,SIT1,mRNA__SIT1,2013
RNA_lncRNA,mRNA,RSPH14,mRNA__RSPH14,2014
RNA_lncRNA,mRNA,HTR3B,mRNA__HTR3B,2015
RNA_lncRNA,mRNA,MAG,mRNA__MAG,2016
RNA_lncRNA,mRNA,C4ORF51,mRNA__C4ORF51,2017
RNA_lncRNA,mRNA,PHACTR3,mRNA__PHACTR3,2018
RNA_lncRNA,mRNA,PNLIP,mRNA__PNLIP,2019
RNA_lncRNA,mRNA,SHISA2,mRNA__SHISA2,2020
RNA_lncRNA,mRNA,PPP2R2C,mRNA__PPP2R2C,2021
RNA_lncRNA,mRNA,A4GNT,mRNA__A4GNT,2022
RNA_lncRNA,mRNA,ACSM1,mRNA__ACSM1,2023
RNA_lncRNA,mRNA,ANXA10,mRNA__ANXA10,2024
RNA_lncRNA,mRNA,TRIM71,mRNA__TRIM71,2025
RNA_lncRNA,mRNA,MUC12,mRNA__MUC12,2026
RNA_lncRNA,mRNA,ERFL,mRNA__ERFL,2027
RNA_lncRNA,mRNA,OTOR,mRNA__OTOR,2028
RNA_lncRNA,mRNA,SPINK1,mRNA__SPINK1,2029
RNA_lncRNA,mRNA,FAM83D,mRNA__FAM83D,2030
RNA_lncRNA,mRNA,ACOD1,mRNA__ACOD1,2031
RNA_lncRNA,mRNA,NGF,mRNA__NGF,2032
RNA_lncRNA,mRNA,HS3ST4,mRNA__HS3ST4,2033
RNA_lncRNA,mRNA,ZIC5,mRNA__ZIC5,2034
RNA_lncRNA,mRNA,TACR2,mRNA__TACR2,2035
RNA_lncRNA,mRNA,FCN3,mRNA__FCN3,2036
RNA_lncRNA,mRNA,RHO,mRNA__RHO,2037
RNA_lncRNA,mRNA,SPATA31A6,mRNA__SPATA31A6,2038
RNA_lncRNA,mRNA,RGS18,mRNA__RGS18,2039
RNA_lncRNA,mRNA,ELOVL3,mRNA__ELOVL3,2040
RNA_lncRNA,mRNA,ACE2,mRNA__ACE2,2041
RNA_lncRNA,mRNA,TRIM49,mRNA__TRIM49,2042
RNA_lncRNA,mRNA,UCP1,mRNA__UCP1,2043
RNA_lncRNA,mRNA,GRID2IP,mRNA__GRID2IP,2044
RNA_lncRNA,mRNA,STRA8,mRNA__STRA8,2045
RNA_lncRNA,mRNA,MEIG1,mRNA__MEIG1,2046
RNA_lncRNA,mRNA,INSYN2B,mRNA__INSYN2B,2047
RNA_lncRNA,mRNA,TBC1D28,mRNA__TBC1D28,2048
RNA_lncRNA,mRNA,CLDN2,mRNA__CLDN2,2049
RNA_lncRNA,mRNA,LUZP2,mRNA__LUZP2,2050
RNA_lncRNA,mRNA,SPDYE6,mRNA__SPDYE6,2051
RNA_lncRNA,mRNA,MTRNR2L7,mRNA__MTRNR2L7,2052
RNA_lncRNA,mRNA,HAMP,mRNA__HAMP,2053
RNA_lncRNA,mRNA,MRM2,mRNA__MRM2,2054
RNA_lncRNA,mRNA,GJA3,mRNA__GJA3,2055
RNA_lncRNA,mRNA,SOWAHA,mRNA__SOWAHA,2056
RNA_lncRNA,mRNA,ANGPTL6,mRNA__ANGPTL6,2057
RNA_lncRNA,mRNA,DAO,mRNA__DAO,2058
RNA_lncRNA,mRNA,TAFA3,mRNA__TAFA3,2059
RNA_lncRNA,mRNA,PP2D1,mRNA__PP2D1,2060
RNA_lncRNA,mRNA,MNDA,mRNA__MNDA,2061
RNA_lncRNA,mRNA,EFHC2,mRNA__EFHC2,2062
RNA_lncRNA,mRNA,IQCJ,mRNA__IQCJ,2063
RNA_lncRNA,mRNA,ZACN,mRNA__ZACN,2064
RNA_lncRNA,mRNA,PAGE5,mRNA__PAGE5,2065
RNA_lncRNA,mRNA,OR8A1,mRNA__OR8A1,2066
RNA_lncRNA,mRNA,SLC6A20,mRNA__SLC6A20,2067
RNA_lncRNA,mRNA,SENP3-EIF4A1,mRNA__SENP3-EIF4A1,2068
RNA_lncRNA,mRNA,LHFPL4,mRNA__LHFPL4,2069
RNA_lncRNA,mRNA,APC2,mRNA__APC2,2070
RNA_lncRNA,mRNA,CABP2,mRNA__CABP2,2071
RNA_lncRNA,mRNA,RNF39,mRNA__RNF39,2072
RNA_lncRNA,mRNA,SPIB,mRNA__SPIB,2073
RNA_lncRNA,mRNA,TMIGD1,mRNA__TMIGD1,2074
RNA_lncRNA,mRNA,RDM1,mRNA__RDM1,2075
RNA_lncRNA,mRNA,TEX33,mRNA__TEX33,2076
RNA_lncRNA,mRNA,PBOV1,mRNA__PBOV1,2077
RNA_lncRNA,mRNA,GPR31,mRNA__GPR31,2078
RNA_lncRNA,mRNA,ZDHHC22,mRNA__ZDHHC22,2079
RNA_lncRNA,mRNA,MGP,mRNA__MGP,2080
RNA_lncRNA,mRNA,NCR1,mRNA__NCR1,2081
RNA_lncRNA,mRNA,CDC45,mRNA__CDC45,2082
RNA_lncRNA,mRNA,ARMC12,mRNA__ARMC12,2083
RNA_lncRNA,mRNA,SLC29A4,mRNA__SLC29A4,2084
RNA_lncRNA,mRNA,OOSP4B,mRNA__OOSP4B,2085
RNA_lncRNA,mRNA,CRYBA1,mRNA__CRYBA1,2086
RNA_lncRNA,mRNA,P2RX5-TAX1BP3,mRNA__P2RX5-TAX1BP3,2087
RNA_lncRNA,mRNA,FAM171A2,mRNA__FAM171A2,2088
RNA_lncRNA,mRNA,CDHR4,mRNA__CDHR4,2089
RNA_lncRNA,mRNA,TFCP2L1,mRNA__TFCP2L1,2090
RNA_lncRNA,mRNA,ADAM30,mRNA__ADAM30,2091
RNA_lncRNA,mRNA,PIM1,mRNA__PIM1,2092
RNA_lncRNA,mRNA,KLK10,mRNA__KLK10,2093
RNA_lncRNA,mRNA,UGT1A7,mRNA__UGT1A7,2094
RNA_lncRNA,mRNA,REG1A,mRNA__REG1A,2095
RNA_lncRNA,mRNA,ALOXE3,mRNA__ALOXE3,2096
RNA_lncRNA,mRNA,BEST4,mRNA__BEST4,2097
RNA_lncRNA,mRNA,OR2Z1,mRNA__OR2Z1,2098
RNA_lncRNA,mRNA,ELOVL4,mRNA__ELOVL4,2099
RNA_lncRNA,mRNA,OR13A1,mRNA__OR13A1,2100
RNA_lncRNA,mRNA,NPS,mRNA__NPS,2101
RNA_lncRNA,mRNA,HSF5,mRNA__HSF5,2102
RNA_lncRNA,mRNA,VSTM2L,mRNA__VSTM2L,2103
RNA_lncRNA,mRNA,ITLN2,mRNA__ITLN2,2104
RNA_lncRNA,mRNA,MLANA,mRNA__MLANA,2105
RNA_lncRNA,mRNA,MANSC4,mRNA__MANSC4,2106
RNA_lncRNA,mRNA,C1QTNF4,mRNA__C1QTNF4,2107
RNA_lncRNA,mRNA,AC013470.2,mRNA__AC013470.2,2108
RNA_lncRNA,mRNA,TCEAL5,mRNA__TCEAL5,2109
RNA_lncRNA,mRNA,GJA8,mRNA__GJA8,2110
RNA_lncRNA,mRNA,CCDC173,mRNA__CCDC173,2111
RNA_lncRNA,mRNA,IQGAP3,mRNA__IQGAP3,2112
RNA_lncRNA,mRNA,TMEM61,mRNA__TMEM61,2113
RNA_lncRNA,mRNA,PSG2,mRNA__PSG2,2114
RNA_lncRNA,mRNA,SERPIND1,mRNA__SERPIND1,2115
RNA_lncRNA,mRNA,CACNG2,mRNA__CACNG2,2116
RNA_lncRNA,mRNA,TMEM92,mRNA__TMEM92,2117
RNA_lncRNA,mRNA,STAP2,mRNA__STAP2,2118
RNA_lncRNA,mRNA,LRRC31,mRNA__LRRC31,2119
RNA_lncRNA,mRNA,SAMSN1,mRNA__SAMSN1,2120
RNA_lncRNA,mRNA,STRC,mRNA__STRC,2121
RNA_lncRNA,mRNA,SDR42E2,mRNA__SDR42E2,2122
RNA_lncRNA,mRNA,MAB21L3,mRNA__MAB21L3,2123
RNA_lncRNA,mRNA,CLEC2L,mRNA__CLEC2L,2124
RNA_lncRNA,mRNA,CRNN,mRNA__CRNN,2125
RNA_lncRNA,mRNA,PRAMEF9,mRNA__PRAMEF9,2126
RNA_lncRNA,mRNA,OR6J1,mRNA__OR6J1,2127
RNA_lncRNA,mRNA,SIGLEC9,mRNA__SIGLEC9,2128
RNA_lncRNA,mRNA,POTEJ,mRNA__POTEJ,2129
RNA_lncRNA,mRNA,MRGPRX3,mRNA__MRGPRX3,2130
RNA_lncRNA,mRNA,C16ORF74,mRNA__C16ORF74,2131
RNA_lncRNA,mRNA,ZPBP2,mRNA__ZPBP2,2132
RNA_lncRNA,mRNA,IL11,mRNA__IL11,2133
RNA_lncRNA,mRNA,CST9,mRNA__CST9,2134
RNA_lncRNA,mRNA,IER5,mRNA__IER5,2135
RNA_lncRNA,mRNA,HCN2,mRNA__HCN2,2136
RNA_lncRNA,mRNA,STON1-GTF2A1L,mRNA__STON1-GTF2A1L,2137
RNA_lncRNA,mRNA,GATA1,mRNA__GATA1,2138
RNA_lncRNA,mRNA,C9ORF131,mRNA__C9ORF131,2139
RNA_lncRNA,mRNA,KLHL35,mRNA__KLHL35,2140
RNA_lncRNA,mRNA,SOST,mRNA__SOST,2141
RNA_lncRNA,mRNA,SLC25A41,mRNA__SLC25A41,2142
RNA_lncRNA,mRNA,H1-7,mRNA__H1-7,2143
RNA_lncRNA,mRNA,FAM241B,mRNA__FAM241B,2144
RNA_lncRNA,mRNA,CMTM5,mRNA__CMTM5,2145
RNA_lncRNA,mRNA,GMNC,mRNA__GMNC,2146
RNA_lncRNA,mRNA,EPX,mRNA__EPX,2147
RNA_lncRNA,mRNA,MAGEE2,mRNA__MAGEE2,2148
RNA_lncRNA,mRNA,GAB4,mRNA__GAB4,2149
RNA_lncRNA,mRNA,NXNL2,mRNA__NXNL2,2150
RNA_lncRNA,mRNA,S100A14,mRNA__S100A14,2151
RNA_lncRNA,mRNA,C22ORF23,mRNA__C22ORF23,2152
RNA_lncRNA,mRNA,TEX47,mRNA__TEX47,2153
RNA_lncRNA,mRNA,DNTT,mRNA__DNTT,2154
RNA_lncRNA,mRNA,KCNE2,mRNA__KCNE2,2155
RNA_lncRNA,mRNA,ZNF735,mRNA__ZNF735,2156
RNA_lncRNA,mRNA,IL27,mRNA__IL27,2157
RNA_lncRNA,mRNA,SLC39A1,mRNA__SLC39A1,2158
RNA_lncRNA,mRNA,OR51G2,mRNA__OR51G2,2159
RNA_lncRNA,mRNA,UPK1A,mRNA__UPK1A,2160
RNA_lncRNA,mRNA,TMEM200A,mRNA__TMEM200A,2161
RNA_lncRNA,mRNA,LRRC10B,mRNA__LRRC10B,2162
RNA_lncRNA,mRNA,DIAPH3,mRNA__DIAPH3,2163
RNA_lncRNA,mRNA,OR8J1,mRNA__OR8J1,2164
RNA_lncRNA,mRNA,RPTN,mRNA__RPTN,2165
RNA_lncRNA,mRNA,MACC1,mRNA__MACC1,2166
RNA_lncRNA,mRNA,TUBA3E,mRNA__TUBA3E,2167
RNA_lncRNA,mRNA,EPN3,mRNA__EPN3,2168
RNA_lncRNA,mRNA,MUC7,mRNA__MUC7,2169
RNA_lncRNA,mRNA,HGFAC,mRNA__HGFAC,2170
RNA_lncRNA,mRNA,MELK,mRNA__MELK,2171
RNA_lncRNA,mRNA,DNAI1,mRNA__DNAI1,2172
RNA_lncRNA,mRNA,SLC23A1,mRNA__SLC23A1,2173
RNA_lncRNA,mRNA,SLITRK1,mRNA__SLITRK1,2174
RNA_lncRNA,mRNA,CST7,mRNA__CST7,2175
RNA_lncRNA,mRNA,OR4K2,mRNA__OR4K2,2176
RNA_lncRNA,mRNA,ALX1,mRNA__ALX1,2177
RNA_lncRNA,mRNA,TBX20,mRNA__TBX20,2178
RNA_lncRNA,mRNA,SLC25A2,mRNA__SLC25A2,2179
RNA_lncRNA,mRNA,IZUMO2,mRNA__IZUMO2,2180
RNA_lncRNA,mRNA,OR6C3,mRNA__OR6C3,2181
RNA_lncRNA,mRNA,NCAN,mRNA__NCAN,2182
RNA_lncRNA,mRNA,TCP11,mRNA__TCP11,2183
RNA_lncRNA,mRNA,LRRC71,mRNA__LRRC71,2184
RNA_lncRNA,mRNA,OR1I1,mRNA__OR1I1,2185
RNA_lncRNA,mRNA,FRMD7,mRNA__FRMD7,2186
RNA_lncRNA,mRNA,NEIL3,mRNA__NEIL3,2187
RNA_lncRNA,mRNA,HES2,mRNA__HES2,2188
RNA_lncRNA,mRNA,FUT9,mRNA__FUT9,2189
RNA_lncRNA,mRNA,HAVCR1,mRNA__HAVCR1,2190
RNA_lncRNA,mRNA,KRT85,mRNA__KRT85,2191
RNA_lncRNA,mRNA,NREP,mRNA__NREP,2192
RNA_lncRNA,mRNA,STARD6,mRNA__STARD6,2193
RNA_lncRNA,mRNA,SIGLEC15,mRNA__SIGLEC15,2194
RNA_lncRNA,mRNA,TCF23,mRNA__TCF23,2195
RNA_lncRNA,mRNA,SCEL,mRNA__SCEL,2196
RNA_lncRNA,mRNA,KCNG3,mRNA__KCNG3,2197
RNA_lncRNA,mRNA,NUP62CL,mRNA__NUP62CL,2198
RNA_lncRNA,mRNA,ASCL1,mRNA__ASCL1,2199
RNA_lncRNA,mRNA,RSPH9,mRNA__RSPH9,2200
RNA_lncRNA,mRNA,ERVH48-1,mRNA__ERVH48-1,2201
RNA_lncRNA,mRNA,TMPRSS3,mRNA__TMPRSS3,2202
RNA_lncRNA,mRNA,CENPW,mRNA__CENPW,2203
RNA_lncRNA,mRNA,CLDN18,mRNA__CLDN18,2204
RNA_lncRNA,mRNA,HSPA1B,mRNA__HSPA1B,2205
RNA_lncRNA,mRNA,LIPH,mRNA__LIPH,2206
RNA_lncRNA,mRNA,DIO1,mRNA__DIO1,2207
RNA_lncRNA,mRNA,MAST1,mRNA__MAST1,2208
RNA_lncRNA,mRNA,PRAMEF2,mRNA__PRAMEF2,2209
RNA_lncRNA,mRNA,PSMA8,mRNA__PSMA8,2210
RNA_lncRNA,mRNA,TAS2R7,mRNA__TAS2R7,2211
RNA_lncRNA,mRNA,OIT3,mRNA__OIT3,2212
RNA_lncRNA,mRNA,TBXT,mRNA__TBXT,2213
RNA_lncRNA,mRNA,CALHM6,mRNA__CALHM6,2214
RNA_lncRNA,mRNA,DCAF12L1,mRNA__DCAF12L1,2215
RNA_lncRNA,mRNA,MCIDAS,mRNA__MCIDAS,2216
RNA_lncRNA,mRNA,FLRT1,mRNA__FLRT1,2217
RNA_lncRNA,mRNA,MT1F,mRNA__MT1F,2218
RNA_lncRNA,mRNA,NUPR1,mRNA__NUPR1,2219
RNA_lncRNA,mRNA,PRPS1L1,mRNA__PRPS1L1,2220
RNA_lncRNA,mRNA,ANLN,mRNA__ANLN,2221
RNA_lncRNA,mRNA,MYBL2,mRNA__MYBL2,2222
RNA_lncRNA,mRNA,HTR3E,mRNA__HTR3E,2223
RNA_lncRNA,mRNA,GOLGA8K,mRNA__GOLGA8K,2224
RNA_lncRNA,mRNA,SLC1A7,mRNA__SLC1A7,2225
RNA_lncRNA,mRNA,CHRNB2,mRNA__CHRNB2,2226
RNA_lncRNA,mRNA,CNMD,mRNA__CNMD,2227
RNA_lncRNA,mRNA,TMEM179,mRNA__TMEM179,2228
RNA_lncRNA,mRNA,RGR,mRNA__RGR,2229
RNA_lncRNA,mRNA,ARL14EPL,mRNA__ARL14EPL,2230
RNA_lncRNA,mRNA,GPR87,mRNA__GPR87,2231
RNA_lncRNA,mRNA,ADAMTS20,mRNA__ADAMTS20,2232
RNA_lncRNA,mRNA,SLC6A14,mRNA__SLC6A14,2233
RNA_lncRNA,mRNA,KIRREL2,mRNA__KIRREL2,2234
RNA_lncRNA,mRNA,PTPRF,mRNA__PTPRF,2235
RNA_lncRNA,mRNA,CATSPER2,mRNA__CATSPER2,2236
RNA_lncRNA,mRNA,PRSS55,mRNA__PRSS55,2237
RNA_lncRNA,mRNA,ESM1,mRNA__ESM1,2238
RNA_lncRNA,mRNA,NPIPB8,mRNA__NPIPB8,2239
RNA_lncRNA,mRNA,ANGPTL3,mRNA__ANGPTL3,2240
RNA_lncRNA,mRNA,DNAAF1,mRNA__DNAAF1,2241
RNA_lncRNA,mRNA,IL17REL,mRNA__IL17REL,2242
RNA_lncRNA,mRNA,OR4D2,mRNA__OR4D2,2243
RNA_lncRNA,mRNA,TRIM43,mRNA__TRIM43,2244
RNA_lncRNA,mRNA,LILRB3,mRNA__LILRB3,2245
RNA_lncRNA,mRNA,ACCSL,mRNA__ACCSL,2246
RNA_lncRNA,mRNA,CAPN12,mRNA__CAPN12,2247
RNA_lncRNA,mRNA,OR6C1,mRNA__OR6C1,2248
RNA_lncRNA,mRNA,RSPO2,mRNA__RSPO2,2249
RNA_lncRNA,mRNA,PNMA6E,mRNA__PNMA6E,2250
RNA_lncRNA,mRNA,TCF21,mRNA__TCF21,2251
RNA_lncRNA,mRNA,SERPINB12,mRNA__SERPINB12,2252
RNA_lncRNA,mRNA,CFAP74,mRNA__CFAP74,2253
RNA_lncRNA,mRNA,GDPD4,mRNA__GDPD4,2254
RNA_lncRNA,mRNA,PRSS3,mRNA__PRSS3,2255
RNA_lncRNA,mRNA,C7ORF33,mRNA__C7ORF33,2256
RNA_lncRNA,mRNA,HES6,mRNA__HES6,2257
RNA_lncRNA,mRNA,DEFB133,mRNA__DEFB133,2258
RNA_lncRNA,mRNA,ANKRD20A1,mRNA__ANKRD20A1,2259
RNA_lncRNA,mRNA,KIF26B,mRNA__KIF26B,2260
RNA_lncRNA,mRNA,BASP1,mRNA__BASP1,2261
RNA_lncRNA,mRNA,FZD2,mRNA__FZD2,2262
RNA_lncRNA,mRNA,CCNP,mRNA__CCNP,2263
RNA_lncRNA,mRNA,LILRA4,mRNA__LILRA4,2264
RNA_lncRNA,mRNA,SOCS1,mRNA__SOCS1,2265
RNA_lncRNA,mRNA,PDX1,mRNA__PDX1,2266
RNA_lncRNA,mRNA,TMEM229A,mRNA__TMEM229A,2267
RNA_lncRNA,mRNA,PDYN,mRNA__PDYN,2268
RNA_lncRNA,mRNA,ZIC2,mRNA__ZIC2,2269
RNA_lncRNA,mRNA,FAM71B,mRNA__FAM71B,2270
RNA_lncRNA,mRNA,NPVF,mRNA__NPVF,2271
RNA_lncRNA,mRNA,RNF222,mRNA__RNF222,2272
RNA_lncRNA,mRNA,HNF4A,mRNA__HNF4A,2273
RNA_lncRNA,mRNA,CFAP77,mRNA__CFAP77,2274
RNA_lncRNA,mRNA,DRC1,mRNA__DRC1,2275
RNA_lncRNA,mRNA,KLHL34,mRNA__KLHL34,2276
RNA_lncRNA,mRNA,SYT5,mRNA__SYT5,2277
RNA_lncRNA,mRNA,AMH,mRNA__AMH,2278
RNA_lncRNA,mRNA,LRRC61,mRNA__LRRC61,2279
RNA_lncRNA,mRNA,SALL4,mRNA__SALL4,2280
RNA_lncRNA,mRNA,HMHB1,mRNA__HMHB1,2281
RNA_lncRNA,mRNA,CASP14,mRNA__CASP14,2282
RNA_lncRNA,mRNA,SERTM1,mRNA__SERTM1,2283
RNA_lncRNA,mRNA,LIPN,mRNA__LIPN,2284
RNA_lncRNA,mRNA,FNDC7,mRNA__FNDC7,2285
RNA_lncRNA,mRNA,LRRC43,mRNA__LRRC43,2286
RNA_lncRNA,mRNA,SERPINA12,mRNA__SERPINA12,2287
RNA_lncRNA,mRNA,TTC22,mRNA__TTC22,2288
RNA_lncRNA,mRNA,C3ORF85,mRNA__C3ORF85,2289
RNA_lncRNA,mRNA,OTOP2,mRNA__OTOP2,2290
RNA_lncRNA,mRNA,PLPP4,mRNA__PLPP4,2291
RNA_lncRNA,mRNA,OR5K1,mRNA__OR5K1,2292
RNA_lncRNA,mRNA,AC008770.2,mRNA__AC008770.2,2293
RNA_lncRNA,mRNA,KCNS2,mRNA__KCNS2,2294
RNA_lncRNA,mRNA,SLC22A6,mRNA__SLC22A6,2295
RNA_lncRNA,mRNA,MINAR2,mRNA__MINAR2,2296
RNA_lncRNA,mRNA,SOSTDC1,mRNA__SOSTDC1,2297
RNA_lncRNA,mRNA,ZP3,mRNA__ZP3,2298
RNA_lncRNA,mRNA,MCEMP1,mRNA__MCEMP1,2299
RNA_lncRNA,mRNA,CRLF1,mRNA__CRLF1,2300
RNA_lncRNA,mRNA,RAB26,mRNA__RAB26,2301
RNA_lncRNA,mRNA,ASPHD1,mRNA__ASPHD1,2302
RNA_lncRNA,mRNA,FNDC4,mRNA__FNDC4,2303
RNA_lncRNA,mRNA,CLCF1,mRNA__CLCF1,2304
RNA_lncRNA,mRNA,TDRD12,mRNA__TDRD12,2305
RNA_lncRNA,mRNA,OTOP3,mRNA__OTOP3,2306
RNA_lncRNA,mRNA,C5AR1,mRNA__C5AR1,2307
RNA_lncRNA,mRNA,MAGEB6,mRNA__MAGEB6,2308
RNA_lncRNA,mRNA,BPIFA2,mRNA__BPIFA2,2309
RNA_lncRNA,mRNA,HTR2A,mRNA__HTR2A,2310
RNA_lncRNA,mRNA,KIR3DL3,mRNA__KIR3DL3,2311
RNA_lncRNA,mRNA,FCMR,mRNA__FCMR,2312
RNA_lncRNA,mRNA,MUCL1,mRNA__MUCL1,2313
RNA_lncRNA,mRNA,H1-6,mRNA__H1-6,2314
RNA_lncRNA,mRNA,SLAMF1,mRNA__SLAMF1,2315
RNA_lncRNA,mRNA,IQANK1,mRNA__IQANK1,2316
RNA_lncRNA,mRNA,PDE11A,mRNA__PDE11A,2317
RNA_lncRNA,mRNA,LYG2,mRNA__LYG2,2318
RNA_lncRNA,mRNA,PLET1,mRNA__PLET1,2319
RNA_lncRNA,mRNA,NANOGNB,mRNA__NANOGNB,2320
RNA_lncRNA,mRNA,CATSPER1,mRNA__CATSPER1,2321
RNA_lncRNA,mRNA,MAGEL2,mRNA__MAGEL2,2322
RNA_lncRNA,mRNA,HTR1B,mRNA__HTR1B,2323
RNA_lncRNA,mRNA,LST1,mRNA__LST1,2324
RNA_lncRNA,mRNA,PRDM14,mRNA__PRDM14,2325
RNA_lncRNA,mRNA,FAM221B,mRNA__FAM221B,2326
RNA_lncRNA,mRNA,BTNL2,mRNA__BTNL2,2327
RNA_lncRNA,mRNA,SPDYC,mRNA__SPDYC,2328
RNA_lncRNA,mRNA,TRIM17,mRNA__TRIM17,2329
RNA_lncRNA,mRNA,HSD17B13,mRNA__HSD17B13,2330
RNA_lncRNA,mRNA,RPE65,mRNA__RPE65,2331
RNA_lncRNA,mRNA,BNIP5,mRNA__BNIP5,2332
RNA_lncRNA,mRNA,RETNLB,mRNA__RETNLB,2333
RNA_lncRNA,mRNA,KAZALD1,mRNA__KAZALD1,2334
RNA_lncRNA,mRNA,ZG16B,mRNA__ZG16B,2335
RNA_lncRNA,mRNA,NPSR1,mRNA__NPSR1,2336
RNA_lncRNA,mRNA,CLEC17A,mRNA__CLEC17A,2337
RNA_lncRNA,mRNA,PKDREJ,mRNA__PKDREJ,2338
RNA_lncRNA,mRNA,CYP2A7,mRNA__CYP2A7,2339
RNA_lncRNA,mRNA,SFTPA1,mRNA__SFTPA1,2340
RNA_lncRNA,mRNA,KLHL40,mRNA__KLHL40,2341
RNA_lncRNA,mRNA,DPPA4,mRNA__DPPA4,2342
RNA_lncRNA,mRNA,HMSD,mRNA__HMSD,2343
RNA_lncRNA,mRNA,FCGR1A,mRNA__FCGR1A,2344
RNA_lncRNA,mRNA,MSMB,mRNA__MSMB,2345
RNA_lncRNA,mRNA,LY9,mRNA__LY9,2346
RNA_lncRNA,mRNA,TRIM31,mRNA__TRIM31,2347
RNA_lncRNA,mRNA,TAS2R41,mRNA__TAS2R41,2348
RNA_lncRNA,mRNA,DACH2,mRNA__DACH2,2349
RNA_lncRNA,mRNA,KCNK9,mRNA__KCNK9,2350
RNA_lncRNA,mRNA,NXPE4,mRNA__NXPE4,2351
RNA_lncRNA,mRNA,SULT1E1,mRNA__SULT1E1,2352
RNA_lncRNA,mRNA,PLEK2,mRNA__PLEK2,2353
RNA_lncRNA,mRNA,NRG3,mRNA__NRG3,2354
RNA_lncRNA,mRNA,ZNF492,mRNA__ZNF492,2355
RNA_lncRNA,mRNA,RSPH6A,mRNA__RSPH6A,2356
RNA_lncRNA,mRNA,SSTR4,mRNA__SSTR4,2357
RNA_lncRNA,mRNA,CDKL2,mRNA__CDKL2,2358
RNA_lncRNA,mRNA,ZNF837,mRNA__ZNF837,2359
RNA_lncRNA,mRNA,GATD3B,mRNA__GATD3B,2360
RNA_lncRNA,mRNA,SLC35G3,mRNA__SLC35G3,2361
RNA_lncRNA,mRNA,H2AW,mRNA__H2AW,2362
RNA_lncRNA,mRNA,ADGRE1,mRNA__ADGRE1,2363
RNA_lncRNA,mRNA,BSND,mRNA__BSND,2364
RNA_lncRNA,mRNA,BTBD18,mRNA__BTBD18,2365
RNA_lncRNA,mRNA,FSTL5,mRNA__FSTL5,2366
RNA_lncRNA,mRNA,TTLL8,mRNA__TTLL8,2367
RNA_lncRNA,mRNA,RGS17,mRNA__RGS17,2368
RNA_lncRNA,mRNA,ADGRA1,mRNA__ADGRA1,2369
RNA_lncRNA,mRNA,SMIM35,mRNA__SMIM35,2370
RNA_lncRNA,mRNA,SHCBP1L,mRNA__SHCBP1L,2371
RNA_lncRNA,mRNA,CCDC96,mRNA__CCDC96,2372
RNA_lncRNA,mRNA,TSPAN16,mRNA__TSPAN16,2373
RNA_lncRNA,mRNA,OASL,mRNA__OASL,2374
RNA_lncRNA,mRNA,CALN1,mRNA__CALN1,2375
RNA_lncRNA,mRNA,ALKAL2,mRNA__ALKAL2,2376
RNA_lncRNA,mRNA,BEND2,mRNA__BEND2,2377
RNA_lncRNA,mRNA,SLC3A1,mRNA__SLC3A1,2378
RNA_lncRNA,mRNA,AMTN,mRNA__AMTN,2379
RNA_lncRNA,mRNA,BUB1B,mRNA__BUB1B,2380
RNA_lncRNA,mRNA,FAM24A,mRNA__FAM24A,2381
RNA_lncRNA,mRNA,EPHB2,mRNA__EPHB2,2382
RNA_lncRNA,mRNA,SLCO1B1,mRNA__SLCO1B1,2383
RNA_lncRNA,mRNA,BPIFB2,mRNA__BPIFB2,2384
RNA_lncRNA,mRNA,CLDN20,mRNA__CLDN20,2385
RNA_lncRNA,mRNA,SLCO1B3,mRNA__SLCO1B3,2386
RNA_lncRNA,mRNA,MAK,mRNA__MAK,2387
RNA_lncRNA,mRNA,EDAR,mRNA__EDAR,2388
RNA_lncRNA,mRNA,DNAJB8,mRNA__DNAJB8,2389
RNA_lncRNA,mRNA,CLIC6,mRNA__CLIC6,2390
RNA_lncRNA,mRNA,SNCA,mRNA__SNCA,2391
RNA_lncRNA,mRNA,HSD17B2,mRNA__HSD17B2,2392
RNA_lncRNA,mRNA,FBXO47,mRNA__FBXO47,2393
RNA_lncRNA,mRNA,IL2RA,mRNA__IL2RA,2394
RNA_lncRNA,mRNA,UCN2,mRNA__UCN2,2395
RNA_lncRNA,mRNA,GPR68,mRNA__GPR68,2396
RNA_lncRNA,mRNA,LGALS14,mRNA__LGALS14,2397
RNA_lncRNA,mRNA,BARX2,mRNA__BARX2,2398
RNA_lncRNA,mRNA,OR4F6,mRNA__OR4F6,2399
RNA_lncRNA,mRNA,KCNMB2,mRNA__KCNMB2,2400
RNA_lncRNA,mRNA,IL1F10,mRNA__IL1F10,2401
RNA_lncRNA,mRNA,HSD3B2,mRNA__HSD3B2,2402
RNA_lncRNA,mRNA,MARCO,mRNA__MARCO,2403
RNA_lncRNA,mRNA,KCNK5,mRNA__KCNK5,2404
RNA_lncRNA,mRNA,OLIG2,mRNA__OLIG2,2405
RNA_lncRNA,mRNA,CLECL1,mRNA__CLECL1,2406
RNA_lncRNA,mRNA,HOXD13,mRNA__HOXD13,2407
RNA_lncRNA,mRNA,PRR23C,mRNA__PRR23C,2408
RNA_lncRNA,mRNA,LRRN4,mRNA__LRRN4,2409
RNA_lncRNA,mRNA,FOXI2,mRNA__FOXI2,2410
RNA_lncRNA,mRNA,DPPA3,mRNA__DPPA3,2411
RNA_lncRNA,mRNA,SH2D7,mRNA__SH2D7,2412
RNA_lncRNA,mRNA,LRRC19,mRNA__LRRC19,2413
RNA_lncRNA,mRNA,LMNTD1,mRNA__LMNTD1,2414
RNA_lncRNA,mRNA,KCNJ15,mRNA__KCNJ15,2415
RNA_lncRNA,mRNA,VSTM1,mRNA__VSTM1,2416
RNA_lncRNA,mRNA,H3C6,mRNA__H3C6,2417
RNA_lncRNA,mRNA,OR2Y1,mRNA__OR2Y1,2418
RNA_lncRNA,mRNA,TNNI3,mRNA__TNNI3,2419
RNA_lncRNA,mRNA,EPHX4,mRNA__EPHX4,2420
RNA_lncRNA,mRNA,PKP1,mRNA__PKP1,2421
RNA_lncRNA,mRNA,CNGA2,mRNA__CNGA2,2422
RNA_lncRNA,mRNA,INSRR,mRNA__INSRR,2423
RNA_lncRNA,mRNA,VSIG1,mRNA__VSIG1,2424
RNA_lncRNA,mRNA,FGF23,mRNA__FGF23,2425
RNA_lncRNA,mRNA,METTL7B,mRNA__METTL7B,2426
RNA_lncRNA,mRNA,KLF17,mRNA__KLF17,2427
RNA_lncRNA,mRNA,SPESP1,mRNA__SPESP1,2428
RNA_lncRNA,mRNA,CLDN4,mRNA__CLDN4,2429
RNA_lncRNA,mRNA,GRIA2,mRNA__GRIA2,2430
RNA_lncRNA,mRNA,CD80,mRNA__CD80,2431
RNA_lncRNA,mRNA,ELOA2,mRNA__ELOA2,2432
RNA_lncRNA,mRNA,DAW1,mRNA__DAW1,2433
RNA_lncRNA,mRNA,UGT1A1,mRNA__UGT1A1,2434
RNA_lncRNA,mRNA,LAG3,mRNA__LAG3,2435
RNA_lncRNA,mRNA,CD3D,mRNA__CD3D,2436
RNA_lncRNA,mRNA,IL17A,mRNA__IL17A,2437
RNA_lncRNA,mRNA,PRSS21,mRNA__PRSS21,2438
RNA_lncRNA,mRNA,CD19,mRNA__CD19,2439
RNA_lncRNA,mRNA,DEFB132,mRNA__DEFB132,2440
RNA_lncRNA,mRNA,FSCB,mRNA__FSCB,2441
RNA_lncRNA,mRNA,SSTR3,mRNA__SSTR3,2442
RNA_lncRNA,mRNA,OR2L2,mRNA__OR2L2,2443
RNA_lncRNA,mRNA,MAGEA8,mRNA__MAGEA8,2444
RNA_lncRNA,mRNA,C14ORF132,mRNA__C14ORF132,2445
RNA_lncRNA,mRNA,EPGN,mRNA__EPGN,2446
RNA_lncRNA,mRNA,NKPD1,mRNA__NKPD1,2447
RNA_lncRNA,mRNA,RGS8,mRNA__RGS8,2448
RNA_lncRNA,mRNA,FGL1,mRNA__FGL1,2449
RNA_lncRNA,mRNA,EPPIN,mRNA__EPPIN,2450
RNA_lncRNA,mRNA,FAM180A,mRNA__FAM180A,2451
RNA_lncRNA,mRNA,TEX46,mRNA__TEX46,2452
RNA_lncRNA,mRNA,CR1L,mRNA__CR1L,2453
RNA_lncRNA,mRNA,APOBEC1,mRNA__APOBEC1,2454
RNA_lncRNA,mRNA,EMX1,mRNA__EMX1,2455
RNA_lncRNA,mRNA,CXCR5,mRNA__CXCR5,2456
RNA_lncRNA,mRNA,PSG7,mRNA__PSG7,2457
RNA_lncRNA,mRNA,GRB7,mRNA__GRB7,2458
RNA_lncRNA,mRNA,CLEC2A,mRNA__CLEC2A,2459
RNA_lncRNA,mRNA,CATSPERD,mRNA__CATSPERD,2460
RNA_lncRNA,mRNA,HS3ST3A1,mRNA__HS3ST3A1,2461
RNA_lncRNA,mRNA,PFKFB2,mRNA__PFKFB2,2462
RNA_lncRNA,mRNA,CFAP97D1,mRNA__CFAP97D1,2463
RNA_lncRNA,mRNA,IGLON5,mRNA__IGLON5,2464
RNA_lncRNA,mRNA,SERPINB5,mRNA__SERPINB5,2465
RNA_lncRNA,mRNA,SHH,mRNA__SHH,2466
RNA_lncRNA,mRNA,CD300LF,mRNA__CD300LF,2467
RNA_lncRNA,mRNA,FCRL1,mRNA__FCRL1,2468
RNA_lncRNA,mRNA,FBXO27,mRNA__FBXO27,2469
RNA_lncRNA,mRNA,CCDC114,mRNA__CCDC114,2470
RNA_lncRNA,mRNA,C8ORF74,mRNA__C8ORF74,2471
RNA_lncRNA,mRNA,CSNK1A1L,mRNA__CSNK1A1L,2472
RNA_lncRNA,mRNA,VSIG10L2,mRNA__VSIG10L2,2473
RNA_lncRNA,mRNA,C16ORF96,mRNA__C16ORF96,2474
RNA_lncRNA,mRNA,KRT5,mRNA__KRT5,2475
RNA_lncRNA,mRNA,TP73,mRNA__TP73,2476
RNA_lncRNA,mRNA,C7ORF57,mRNA__C7ORF57,2477
RNA_lncRNA,mRNA,OR9K2,mRNA__OR9K2,2478
RNA_lncRNA,mRNA,NFAM1,mRNA__NFAM1,2479
RNA_lncRNA,mRNA,SKOR2,mRNA__SKOR2,2480
RNA_lncRNA,mRNA,TFR2,mRNA__TFR2,2481
RNA_lncRNA,mRNA,HTR1A,mRNA__HTR1A,2482
RNA_lncRNA,mRNA,TBX21,mRNA__TBX21,2483
RNA_lncRNA,mRNA,SMIM36,mRNA__SMIM36,2484
RNA_lncRNA,mRNA,OR6C4,mRNA__OR6C4,2485
RNA_lncRNA,mRNA,PRAMEF18,mRNA__PRAMEF18,2486
RNA_lncRNA,mRNA,PRAMEF12,mRNA__PRAMEF12,2487
RNA_lncRNA,mRNA,CDKN2A,mRNA__CDKN2A,2488
RNA_lncRNA,mRNA,ASB18,mRNA__ASB18,2489
RNA_lncRNA,mRNA,ZMAT4,mRNA__ZMAT4,2490
RNA_lncRNA,mRNA,BTG4,mRNA__BTG4,2491
RNA_lncRNA,mRNA,SSX3,mRNA__SSX3,2492
RNA_lncRNA,mRNA,REG3A,mRNA__REG3A,2493
RNA_lncRNA,mRNA,C1ORF185,mRNA__C1ORF185,2494
RNA_lncRNA,mRNA,NPM2,mRNA__NPM2,2495
RNA_lncRNA,mRNA,WNT1,mRNA__WNT1,2496
RNA_lncRNA,mRNA,F11,mRNA__F11,2497
RNA_lncRNA,mRNA,ATP12A,mRNA__ATP12A,2498
RNA_lncRNA,mRNA,UGT3A1,mRNA__UGT3A1,2499
RNA_lncRNA,mRNA,IQCA1L,mRNA__IQCA1L,2500
RNA_lncRNA,mRNA,PLA2G2C,mRNA__PLA2G2C,2501
RNA_lncRNA,mRNA,AGR3,mRNA__AGR3,2502
RNA_lncRNA,mRNA,CDHR2,mRNA__CDHR2,2503
RNA_lncRNA,mRNA,S100A2,mRNA__S100A2,2504
RNA_lncRNA,mRNA,C5AR2,mRNA__C5AR2,2505
RNA_lncRNA,mRNA,NAGS,mRNA__NAGS,2506
RNA_lncRNA,mRNA,MCF2,mRNA__MCF2,2507
RNA_lncRNA,mRNA,TMEM121,mRNA__TMEM121,2508
RNA_lncRNA,mRNA,GPR143,mRNA__GPR143,2509
RNA_lncRNA,mRNA,ACP4,mRNA__ACP4,2510
RNA_lncRNA,mRNA,LOXL4,mRNA__LOXL4,2511
RNA_lncRNA,mRNA,SPINT1,mRNA__SPINT1,2512
RNA_lncRNA,mRNA,PIRT,mRNA__PIRT,2513
RNA_lncRNA,mRNA,PRSS54,mRNA__PRSS54,2514
RNA_lncRNA,mRNA,CYP2C18,mRNA__CYP2C18,2515
RNA_lncRNA,mRNA,PLA2G12B,mRNA__PLA2G12B,2516
RNA_lncRNA,mRNA,SOX11,mRNA__SOX11,2517
RNA_lncRNA,mRNA,TMEM145,mRNA__TMEM145,2518
RNA_lncRNA,mRNA,NDC80,mRNA__NDC80,2519
RNA_lncRNA,mRNA,PCOLCE,mRNA__PCOLCE,2520
RNA_lncRNA,mRNA,TMEM269,mRNA__TMEM269,2521
RNA_lncRNA,mRNA,WNT16,mRNA__WNT16,2522
RNA_lncRNA,mRNA,OR4E2,mRNA__OR4E2,2523
RNA_lncRNA,mRNA,MRAP2,mRNA__MRAP2,2524
RNA_lncRNA,mRNA,BRINP3,mRNA__BRINP3,2525
RNA_lncRNA,mRNA,ISX,mRNA__ISX,2526
RNA_lncRNA,mRNA,TMEM156,mRNA__TMEM156,2527
RNA_lncRNA,mRNA,ATP6V1F,mRNA__ATP6V1F,2528
RNA_lncRNA,mRNA,MILR1,mRNA__MILR1,2529
RNA_lncRNA,mRNA,OR2L5,mRNA__OR2L5,2530
RNA_lncRNA,mRNA,PDIA2,mRNA__PDIA2,2531
RNA_lncRNA,mRNA,CLPSL1,mRNA__CLPSL1,2532
RNA_lncRNA,mRNA,PTN,mRNA__PTN,2533
RNA_lncRNA,mRNA,OTOP1,mRNA__OTOP1,2534
RNA_lncRNA,mRNA,SCGB2A2,mRNA__SCGB2A2,2535
RNA_lncRNA,mRNA,GSTA3,mRNA__GSTA3,2536
RNA_lncRNA,mRNA,HORMAD2,mRNA__HORMAD2,2537
RNA_lncRNA,mRNA,TMEM132C,mRNA__TMEM132C,2538
RNA_lncRNA,mRNA,OR2B11,mRNA__OR2B11,2539
RNA_lncRNA,mRNA,APOE,mRNA__APOE,2540
RNA_lncRNA,mRNA,GZMK,mRNA__GZMK,2541
RNA_lncRNA,mRNA,ZNF804B,mRNA__ZNF804B,2542
RNA_lncRNA,mRNA,AL391628.1,mRNA__AL391628.1,2543
RNA_lncRNA,mRNA,EFNB3,mRNA__EFNB3,2544
RNA_lncRNA,mRNA,KRT71,mRNA__KRT71,2545
RNA_lncRNA,mRNA,SBSPON,mRNA__SBSPON,2546
RNA_lncRNA,mRNA,ADAM2,mRNA__ADAM2,2547
RNA_lncRNA,mRNA,PDZD3,mRNA__PDZD3,2548
RNA_lncRNA,mRNA,ODAPH,mRNA__ODAPH,2549
RNA_lncRNA,mRNA,SLC22A24,mRNA__SLC22A24,2550
RNA_lncRNA,mRNA,KRT25,mRNA__KRT25,2551
RNA_lncRNA,mRNA,TTC16,mRNA__TTC16,2552
RNA_lncRNA,mRNA,PGLYRP4,mRNA__PGLYRP4,2553
RNA_lncRNA,mRNA,INHBC,mRNA__INHBC,2554
RNA_lncRNA,mRNA,KIAA1210,mRNA__KIAA1210,2555
RNA_lncRNA,mRNA,GFAP,mRNA__GFAP,2556
RNA_lncRNA,mRNA,PRG3,mRNA__PRG3,2557
RNA_lncRNA,mRNA,SEZ6,mRNA__SEZ6,2558
RNA_lncRNA,mRNA,KRT83,mRNA__KRT83,2559
RNA_lncRNA,mRNA,FOXQ1,mRNA__FOXQ1,2560
RNA_lncRNA,mRNA,GFY,mRNA__GFY,2561
RNA_lncRNA,mRNA,SEMA3D,mRNA__SEMA3D,2562
RNA_lncRNA,mRNA,HOXD10,mRNA__HOXD10,2563
RNA_lncRNA,mRNA,DEUP1,mRNA__DEUP1,2564
RNA_lncRNA,mRNA,GPR39,mRNA__GPR39,2565
RNA_lncRNA,mRNA,BGLAP,mRNA__BGLAP,2566
RNA_lncRNA,mRNA,CELF3,mRNA__CELF3,2567
RNA_lncRNA,mRNA,ITGB8,mRNA__ITGB8,2568
RNA_lncRNA,mRNA,GCM1,mRNA__GCM1,2569
RNA_lncRNA,mRNA,ZNF157,mRNA__ZNF157,2570
RNA_lncRNA,mRNA,PCDHA13,mRNA__PCDHA13,2571
RNA_lncRNA,mRNA,CEACAM6,mRNA__CEACAM6,2572
RNA_lncRNA,mRNA,PROC,mRNA__PROC,2573
RNA_lncRNA,mRNA,IL37,mRNA__IL37,2574
RNA_lncRNA,mRNA,CYP4F22,mRNA__CYP4F22,2575
RNA_lncRNA,mRNA,MYT1,mRNA__MYT1,2576
RNA_lncRNA,mRNA,TMEM72,mRNA__TMEM72,2577
RNA_lncRNA,mRNA,CACNG3,mRNA__CACNG3,2578
RNA_lncRNA,mRNA,OR4B1,mRNA__OR4B1,2579
RNA_lncRNA,mRNA,NCBP2L,mRNA__NCBP2L,2580
RNA_lncRNA,mRNA,H1-1,mRNA__H1-1,2581
RNA_lncRNA,mRNA,PTTG2,mRNA__PTTG2,2582
RNA_lncRNA,mRNA,REN,mRNA__REN,2583
RNA_lncRNA,mRNA,NLRP7,mRNA__NLRP7,2584
RNA_lncRNA,mRNA,PCDHA2,mRNA__PCDHA2,2585
RNA_lncRNA,mRNA,TMEM125,mRNA__TMEM125,2586
RNA_lncRNA,mRNA,GLYATL1B,mRNA__GLYATL1B,2587
RNA_lncRNA,mRNA,CELA1,mRNA__CELA1,2588
RNA_lncRNA,mRNA,PEX5L,mRNA__PEX5L,2589
RNA_lncRNA,mRNA,DEFB112,mRNA__DEFB112,2590
RNA_lncRNA,mRNA,ERVV-2,mRNA__ERVV-2,2591
RNA_lncRNA,mRNA,FAM205A,mRNA__FAM205A,2592
RNA_lncRNA,mRNA,MGARP,mRNA__MGARP,2593
RNA_lncRNA,mRNA,LRRN3,mRNA__LRRN3,2594
RNA_lncRNA,mRNA,GRIK2,mRNA__GRIK2,2595
RNA_lncRNA,mRNA,BMP8A,mRNA__BMP8A,2596
RNA_lncRNA,mRNA,SMCO2,mRNA__SMCO2,2597
RNA_lncRNA,mRNA,OR7E24,mRNA__OR7E24,2598
RNA_lncRNA,mRNA,SLC9A4,mRNA__SLC9A4,2599
RNA_lncRNA,mRNA,CLDN22,mRNA__CLDN22,2600
RNA_lncRNA,mRNA,GFPT2,mRNA__GFPT2,2601
RNA_lncRNA,mRNA,HAP1,mRNA__HAP1,2602
RNA_lncRNA,mRNA,HES1,mRNA__HES1,2603
RNA_lncRNA,mRNA,SLC10A1,mRNA__SLC10A1,2604
RNA_lncRNA,mRNA,SYT9,mRNA__SYT9,2605
RNA_lncRNA,mRNA,FAM170A,mRNA__FAM170A,2606
RNA_lncRNA,mRNA,HCRTR2,mRNA__HCRTR2,2607
RNA_lncRNA,mRNA,P2RY10,mRNA__P2RY10,2608
RNA_lncRNA,mRNA,CDH18,mRNA__CDH18,2609
RNA_lncRNA,mRNA,AC007040.2,mRNA__AC007040.2,2610
RNA_lncRNA,mRNA,BCO1,mRNA__BCO1,2611
RNA_lncRNA,mRNA,EVX2,mRNA__EVX2,2612
RNA_lncRNA,mRNA,KRT6B,mRNA__KRT6B,2613
RNA_lncRNA,mRNA,SPATA22,mRNA__SPATA22,2614
RNA_lncRNA,mRNA,BEST2,mRNA__BEST2,2615
RNA_lncRNA,mRNA,UBE2U,mRNA__UBE2U,2616
RNA_lncRNA,mRNA,ATOH1,mRNA__ATOH1,2617
RNA_lncRNA,mRNA,SLAMF8,mRNA__SLAMF8,2618
RNA_lncRNA,mRNA,LPAR3,mRNA__LPAR3,2619
RNA_lncRNA,mRNA,TRIM60,mRNA__TRIM60,2620
RNA_lncRNA,mRNA,SIGLEC11,mRNA__SIGLEC11,2621
RNA_lncRNA,mRNA,ESRP2,mRNA__ESRP2,2622
RNA_lncRNA,mRNA,PCDHB1,mRNA__PCDHB1,2623
RNA_lncRNA,mRNA,LAMC3,mRNA__LAMC3,2624
RNA_lncRNA,mRNA,BRINP2,mRNA__BRINP2,2625
RNA_lncRNA,mRNA,TRIM48,mRNA__TRIM48,2626
RNA_lncRNA,mRNA,KRT73,mRNA__KRT73,2627
RNA_lncRNA,mRNA,EFCAB12,mRNA__EFCAB12,2628
RNA_lncRNA,mRNA,TSPO2,mRNA__TSPO2,2629
RNA_lncRNA,mRNA,IGFL3,mRNA__IGFL3,2630
RNA_lncRNA,mRNA,MMP10,mRNA__MMP10,2631
RNA_lncRNA,mRNA,CNFN,mRNA__CNFN,2632
RNA_lncRNA,mRNA,ARR3,mRNA__ARR3,2633
RNA_lncRNA,mRNA,FMR1NB,mRNA__FMR1NB,2634
RNA_lncRNA,mRNA,TSPAN11,mRNA__TSPAN11,2635
RNA_lncRNA,mRNA,PRSS16,mRNA__PRSS16,2636
RNA_lncRNA,mRNA,GCK,mRNA__GCK,2637
RNA_lncRNA,mRNA,BBOX1,mRNA__BBOX1,2638
RNA_lncRNA,mRNA,KCNJ3,mRNA__KCNJ3,2639
RNA_lncRNA,mRNA,ASB14,mRNA__ASB14,2640
RNA_lncRNA,mRNA,LPL,mRNA__LPL,2641
RNA_lncRNA,mRNA,IL22,mRNA__IL22,2642
RNA_lncRNA,mRNA,PMEL,mRNA__PMEL,2643
RNA_lncRNA,mRNA,G6PC,mRNA__G6PC,2644
RNA_lncRNA,mRNA,HEPN1,mRNA__HEPN1,2645
RNA_lncRNA,mRNA,TSPAN19,mRNA__TSPAN19,2646
RNA_lncRNA,mRNA,OOSP2,mRNA__OOSP2,2647
RNA_lncRNA,mRNA,OR2AP1,mRNA__OR2AP1,2648
RNA_lncRNA,mRNA,PLAU,mRNA__PLAU,2649
RNA_lncRNA,mRNA,ERICH2,mRNA__ERICH2,2650
RNA_lncRNA,mRNA,DEGS2,mRNA__DEGS2,2651
RNA_lncRNA,mRNA,INSL4,mRNA__INSL4,2652
RNA_lncRNA,mRNA,TAGLN3,mRNA__TAGLN3,2653
RNA_lncRNA,mRNA,REG1B,mRNA__REG1B,2654
RNA_lncRNA,mRNA,TWIST1,mRNA__TWIST1,2655
RNA_lncRNA,mRNA,CHI3L2,mRNA__CHI3L2,2656
RNA_lncRNA,mRNA,GALNT5,mRNA__GALNT5,2657
RNA_lncRNA,mRNA,GKN1,mRNA__GKN1,2658
RNA_lncRNA,mRNA,BPIFB4,mRNA__BPIFB4,2659
RNA_lncRNA,mRNA,TMPRSS9,mRNA__TMPRSS9,2660
RNA_lncRNA,mRNA,CXORF58,mRNA__CXORF58,2661
RNA_lncRNA,mRNA,C9ORF116,mRNA__C9ORF116,2662
RNA_lncRNA,mRNA,AMBN,mRNA__AMBN,2663
RNA_lncRNA,mRNA,NMBR,mRNA__NMBR,2664
RNA_lncRNA,mRNA,SPC24,mRNA__SPC24,2665
RNA_lncRNA,mRNA,PSG8,mRNA__PSG8,2666
RNA_lncRNA,mRNA,ADH4,mRNA__ADH4,2667
RNA_lncRNA,mRNA,DERL3,mRNA__DERL3,2668
RNA_lncRNA,mRNA,AC004233.4,mRNA__AC004233.4,2669
RNA_lncRNA,mRNA,STPG4,mRNA__STPG4,2670
RNA_lncRNA,mRNA,CLDN23,mRNA__CLDN23,2671
RNA_lncRNA,mRNA,HMGB4,mRNA__HMGB4,2672
RNA_lncRNA,mRNA,KLKB1,mRNA__KLKB1,2673
RNA_lncRNA,mRNA,MNX1,mRNA__MNX1,2674
RNA_lncRNA,mRNA,ATP6V0D2,mRNA__ATP6V0D2,2675
RNA_lncRNA,mRNA,TSNAX-DISC1,mRNA__TSNAX-DISC1,2676
RNA_lncRNA,mRNA,ENKUR,mRNA__ENKUR,2677
RNA_lncRNA,mRNA,DYNLRB2,mRNA__DYNLRB2,2678
RNA_lncRNA,mRNA,PASD1,mRNA__PASD1,2679
RNA_lncRNA,mRNA,MAGEB3,mRNA__MAGEB3,2680
RNA_lncRNA,mRNA,DNAJC5B,mRNA__DNAJC5B,2681
RNA_lncRNA,mRNA,AC092718.3,mRNA__AC092718.3,2682
RNA_lncRNA,mRNA,GDF6,mRNA__GDF6,2683
RNA_lncRNA,mRNA,ATP4B,mRNA__ATP4B,2684
RNA_lncRNA,mRNA,ADGRB2,mRNA__ADGRB2,2685
RNA_lncRNA,mRNA,ZNF670-ZNF695,mRNA__ZNF670-ZNF695,2686
RNA_lncRNA,mRNA,CARD17,mRNA__CARD17,2687
RNA_lncRNA,mRNA,DLGAP5,mRNA__DLGAP5,2688
RNA_lncRNA,mRNA,RHOD,mRNA__RHOD,2689
RNA_lncRNA,mRNA,KLK12,mRNA__KLK12,2690
RNA_lncRNA,mRNA,MEP1A,mRNA__MEP1A,2691
RNA_lncRNA,mRNA,LEUTX,mRNA__LEUTX,2692
RNA_lncRNA,mRNA,GZMB,mRNA__GZMB,2693
RNA_lncRNA,mRNA,MUC6,mRNA__MUC6,2694
RNA_lncRNA,mRNA,SH2D4B,mRNA__SH2D4B,2695
RNA_lncRNA,mRNA,MEI4,mRNA__MEI4,2696
RNA_lncRNA,mRNA,CHRNA9,mRNA__CHRNA9,2697
RNA_lncRNA,mRNA,CLEC4C,mRNA__CLEC4C,2698
RNA_lncRNA,mRNA,SLC9A3,mRNA__SLC9A3,2699
RNA_lncRNA,mRNA,FADS6,mRNA__FADS6,2700
RNA_lncRNA,mRNA,OR2T2,mRNA__OR2T2,2701
RNA_lncRNA,mRNA,ZIM3,mRNA__ZIM3,2702
RNA_lncRNA,mRNA,ETNPPL,mRNA__ETNPPL,2703
RNA_lncRNA,mRNA,ZBTB8B,mRNA__ZBTB8B,2704
RNA_lncRNA,mRNA,CDC42BPG,mRNA__CDC42BPG,2705
RNA_lncRNA,mRNA,RAB39B,mRNA__RAB39B,2706
RNA_lncRNA,mRNA,GLI1,mRNA__GLI1,2707
RNA_lncRNA,mRNA,CLEC4D,mRNA__CLEC4D,2708
RNA_lncRNA,mRNA,HOXC11,mRNA__HOXC11,2709
RNA_lncRNA,mRNA,OR9G4,mRNA__OR9G4,2710
RNA_lncRNA,mRNA,ZAR1L,mRNA__ZAR1L,2711
RNA_lncRNA,mRNA,PRAMEF11,mRNA__PRAMEF11,2712
RNA_lncRNA,mRNA,ASPHD2,mRNA__ASPHD2,2713
RNA_lncRNA,mRNA,IL18,mRNA__IL18,2714
RNA_lncRNA,mRNA,RGL4,mRNA__RGL4,2715
RNA_lncRNA,mRNA,SEC14L6,mRNA__SEC14L6,2716
RNA_lncRNA,mRNA,GPRC6A,mRNA__GPRC6A,2717
RNA_lncRNA,mRNA,UCN3,mRNA__UCN3,2718
RNA_lncRNA,mRNA,THBS2,mRNA__THBS2,2719
RNA_lncRNA,mRNA,SLC4A9,mRNA__SLC4A9,2720
RNA_lncRNA,mRNA,MGAT4D,mRNA__MGAT4D,2721
RNA_lncRNA,mRNA,KNDC1,mRNA__KNDC1,2722
RNA_lncRNA,mRNA,C9ORF152,mRNA__C9ORF152,2723
RNA_lncRNA,mRNA,SP5,mRNA__SP5,2724
RNA_lncRNA,mRNA,SETSIP,mRNA__SETSIP,2725
RNA_lncRNA,mRNA,MYH7B,mRNA__MYH7B,2726
RNA_lncRNA,mRNA,PSKH2,mRNA__PSKH2,2727
RNA_lncRNA,mRNA,CRYBA2,mRNA__CRYBA2,2728
RNA_lncRNA,mRNA,TPH2,mRNA__TPH2,2729
RNA_lncRNA,mRNA,ESCO2,mRNA__ESCO2,2730
RNA_lncRNA,mRNA,ERAP2,mRNA__ERAP2,2731
RNA_lncRNA,mRNA,TNF,mRNA__TNF,2732
RNA_lncRNA,mRNA,CYP26C1,mRNA__CYP26C1,2733
RNA_lncRNA,mRNA,PRR23A,mRNA__PRR23A,2734
RNA_lncRNA,mRNA,CCR9,mRNA__CCR9,2735
RNA_lncRNA,mRNA,KCNH2,mRNA__KCNH2,2736
RNA_lncRNA,mRNA,KIAA1755,mRNA__KIAA1755,2737
RNA_lncRNA,mRNA,CLEC18A,mRNA__CLEC18A,2738
RNA_lncRNA,mRNA,PGC,mRNA__PGC,2739
RNA_lncRNA,mRNA,PRAMEF17,mRNA__PRAMEF17,2740
RNA_lncRNA,mRNA,OR4N5,mRNA__OR4N5,2741
RNA_lncRNA,mRNA,NEK2,mRNA__NEK2,2742
RNA_lncRNA,mRNA,GSTA1,mRNA__GSTA1,2743
RNA_lncRNA,mRNA,RIMS2,mRNA__RIMS2,2744
RNA_lncRNA,mRNA,AKAP4,mRNA__AKAP4,2745
RNA_lncRNA,mRNA,CYLC2,mRNA__CYLC2,2746
RNA_lncRNA,mRNA,GBP7,mRNA__GBP7,2747
RNA_lncRNA,mRNA,FABP2,mRNA__FABP2,2748
RNA_lncRNA,mRNA,MMD2,mRNA__MMD2,2749
RNA_lncRNA,mRNA,TAFA4,mRNA__TAFA4,2750
RNA_lncRNA,mRNA,GJA10,mRNA__GJA10,2751
RNA_lncRNA,mRNA,PCDHA12,mRNA__PCDHA12,2752
RNA_lncRNA,mRNA,C9ORF50,mRNA__C9ORF50,2753
RNA_lncRNA,mRNA,UGT1A6,mRNA__UGT1A6,2754
RNA_lncRNA,mRNA,RSPH10B,mRNA__RSPH10B,2755
RNA_lncRNA,mRNA,PDE6G,mRNA__PDE6G,2756
RNA_lncRNA,mRNA,ADH7,mRNA__ADH7,2757
RNA_lncRNA,mRNA,SYT15,mRNA__SYT15,2758
RNA_lncRNA,mRNA,CDH1,mRNA__CDH1,2759
RNA_lncRNA,mRNA,PI16,mRNA__PI16,2760
RNA_lncRNA,mRNA,BPIFC,mRNA__BPIFC,2761
RNA_lncRNA,mRNA,CD8B,mRNA__CD8B,2762
RNA_lncRNA,mRNA,PADI3,mRNA__PADI3,2763
RNA_lncRNA,mRNA,MLC1,mRNA__MLC1,2764
RNA_lncRNA,mRNA,AQP8,mRNA__AQP8,2765
RNA_lncRNA,mRNA,NR5A1,mRNA__NR5A1,2766
RNA_lncRNA,mRNA,KCNK3,mRNA__KCNK3,2767
RNA_lncRNA,mRNA,AC233723.1,mRNA__AC233723.1,2768
RNA_lncRNA,mRNA,KLK15,mRNA__KLK15,2769
RNA_lncRNA,mRNA,OR2T10,mRNA__OR2T10,2770
RNA_lncRNA,mRNA,EVI2A,mRNA__EVI2A,2771
RNA_lncRNA,mRNA,ZDHHC19,mRNA__ZDHHC19,2772
RNA_lncRNA,mRNA,PRLHR,mRNA__PRLHR,2773
RNA_lncRNA,mRNA,CFHR4,mRNA__CFHR4,2774
RNA_lncRNA,mRNA,PLA2G4D,mRNA__PLA2G4D,2775
RNA_lncRNA,mRNA,TAS1R2,mRNA__TAS1R2,2776
RNA_lncRNA,mRNA,SPOCK1,mRNA__SPOCK1,2777
RNA_lncRNA,mRNA,LRRTM1,mRNA__LRRTM1,2778
RNA_lncRNA,mRNA,NR2E1,mRNA__NR2E1,2779
RNA_lncRNA,mRNA,TNFRSF13C,mRNA__TNFRSF13C,2780
RNA_lncRNA,mRNA,MMEL1,mRNA__MMEL1,2781
RNA_lncRNA,mRNA,F9,mRNA__F9,2782
RNA_lncRNA,mRNA,SALL3,mRNA__SALL3,2783
RNA_lncRNA,mRNA,PDILT,mRNA__PDILT,2784
RNA_lncRNA,mRNA,GSTA2,mRNA__GSTA2,2785
RNA_lncRNA,mRNA,VAT1L,mRNA__VAT1L,2786
RNA_lncRNA,mRNA,PRSS12,mRNA__PRSS12,2787
RNA_lncRNA,mRNA,PBK,mRNA__PBK,2788
RNA_lncRNA,mRNA,KRTAP5-7,mRNA__KRTAP5-7,2789
RNA_lncRNA,mRNA,CETN1,mRNA__CETN1,2790
RNA_lncRNA,mRNA,MGST1,mRNA__MGST1,2791
RNA_lncRNA,mRNA,FAM186A,mRNA__FAM186A,2792
RNA_lncRNA,mRNA,OR8B8,mRNA__OR8B8,2793
RNA_lncRNA,mRNA,OR6A2,mRNA__OR6A2,2794
RNA_lncRNA,mRNA,DYTN,mRNA__DYTN,2795
RNA_lncRNA,mRNA,ANKRD33,mRNA__ANKRD33,2796
RNA_lncRNA,mRNA,GABRA3,mRNA__GABRA3,2797
RNA_lncRNA,mRNA,GRAMD2A,mRNA__GRAMD2A,2798
RNA_lncRNA,mRNA,GAPDHS,mRNA__GAPDHS,2799
RNA_lncRNA,mRNA,SHOC1,mRNA__SHOC1,2800
RNA_lncRNA,mRNA,GABRD,mRNA__GABRD,2801
RNA_lncRNA,mRNA,GSTA5,mRNA__GSTA5,2802
RNA_lncRNA,mRNA,AC013477.1,mRNA__AC013477.1,2803
RNA_lncRNA,mRNA,BPIFA1,mRNA__BPIFA1,2804
RNA_lncRNA,mRNA,BEAN1,mRNA__BEAN1,2805
RNA_lncRNA,mRNA,GFI1B,mRNA__GFI1B,2806
RNA_lncRNA,mRNA,C12ORF50,mRNA__C12ORF50,2807
RNA_lncRNA,mRNA,FUT2,mRNA__FUT2,2808
RNA_lncRNA,mRNA,OR11A1,mRNA__OR11A1,2809
RNA_lncRNA,mRNA,GABRP,mRNA__GABRP,2810
RNA_lncRNA,mRNA,ZNF280A,mRNA__ZNF280A,2811
RNA_lncRNA,mRNA,KPNA7,mRNA__KPNA7,2812
RNA_lncRNA,mRNA,SPATS1,mRNA__SPATS1,2813
RNA_lncRNA,mRNA,ALPI,mRNA__ALPI,2814
RNA_lncRNA,mRNA,FN1,mRNA__FN1,2815
RNA_lncRNA,mRNA,NLRP12,mRNA__NLRP12,2816
RNA_lncRNA,mRNA,PRR30,mRNA__PRR30,2817
RNA_lncRNA,mRNA,OR52I1,mRNA__OR52I1,2818
RNA_lncRNA,mRNA,VSTM5,mRNA__VSTM5,2819
RNA_lncRNA,mRNA,C5ORF38,mRNA__C5ORF38,2820
RNA_lncRNA,mRNA,PDHA2,mRNA__PDHA2,2821
RNA_lncRNA,mRNA,IGFL4,mRNA__IGFL4,2822
RNA_lncRNA,mRNA,ZGLP1,mRNA__ZGLP1,2823
RNA_lncRNA,mRNA,DIPK1C,mRNA__DIPK1C,2824
RNA_lncRNA,mRNA,SLC17A4,mRNA__SLC17A4,2825
RNA_lncRNA,mRNA,MALRD1,mRNA__MALRD1,2826
RNA_lncRNA,mRNA,PCDH11X,mRNA__PCDH11X,2827
RNA_lncRNA,mRNA,FAM167A,mRNA__FAM167A,2828
RNA_lncRNA,mRNA,OLIG3,mRNA__OLIG3,2829
RNA_lncRNA,mRNA,DNAJC22,mRNA__DNAJC22,2830
RNA_lncRNA,mRNA,AC000093.1,mRNA__AC000093.1,2831
RNA_lncRNA,mRNA,IL1RAPL1,mRNA__IL1RAPL1,2832
RNA_lncRNA,mRNA,SATL1,mRNA__SATL1,2833
RNA_lncRNA,mRNA,PAX5,mRNA__PAX5,2834
RNA_lncRNA,mRNA,REEP6,mRNA__REEP6,2835
RNA_lncRNA,mRNA,ZIM2,mRNA__ZIM2,2836
RNA_lncRNA,mRNA,GPR139,mRNA__GPR139,2837
RNA_lncRNA,mRNA,TOP2A,mRNA__TOP2A,2838
RNA_lncRNA,mRNA,DAAM2,mRNA__DAAM2,2839
RNA_lncRNA,mRNA,RIT2,mRNA__RIT2,2840
RNA_lncRNA,mRNA,C10ORF53,mRNA__C10ORF53,2841
RNA_lncRNA,mRNA,HCN4,mRNA__HCN4,2842
RNA_lncRNA,mRNA,ENO4,mRNA__ENO4,2843
RNA_lncRNA,mRNA,ATP6V1C2,mRNA__ATP6V1C2,2844
RNA_lncRNA,mRNA,KCTD19,mRNA__KCTD19,2845
RNA_lncRNA,mRNA,FOXS1,mRNA__FOXS1,2846
RNA_lncRNA,mRNA,DMBX1,mRNA__DMBX1,2847
RNA_lncRNA,mRNA,EHF,mRNA__EHF,2848
RNA_lncRNA,mRNA,OR2A12,mRNA__OR2A12,2849
RNA_lncRNA,mRNA,MESP2,mRNA__MESP2,2850
RNA_lncRNA,mRNA,TAX1BP3,mRNA__TAX1BP3,2851
RNA_lncRNA,mRNA,SLC7A3,mRNA__SLC7A3,2852
RNA_lncRNA,mRNA,CLEC12B,mRNA__CLEC12B,2853
RNA_lncRNA,mRNA,TMSB15B,mRNA__TMSB15B,2854
RNA_lncRNA,mRNA,SIGLEC7,mRNA__SIGLEC7,2855
RNA_lncRNA,mRNA,CARD18,mRNA__CARD18,2856
RNA_lncRNA,mRNA,GPR149,mRNA__GPR149,2857
RNA_lncRNA,mRNA,AMER2,mRNA__AMER2,2858
RNA_lncRNA,mRNA,LHX5,mRNA__LHX5,2859
RNA_lncRNA,mRNA,LRRC36,mRNA__LRRC36,2860
RNA_lncRNA,mRNA,TSPEAR,mRNA__TSPEAR,2861
RNA_lncRNA,mRNA,GP2,mRNA__GP2,2862
RNA_lncRNA,mRNA,TNFAIP8L3,mRNA__TNFAIP8L3,2863
RNA_lncRNA,mRNA,CXCL13,mRNA__CXCL13,2864
RNA_lncRNA,mRNA,RAB42,mRNA__RAB42,2865
RNA_lncRNA,mRNA,C22ORF42,mRNA__C22ORF42,2866
RNA_lncRNA,mRNA,CRTAC1,mRNA__CRTAC1,2867
RNA_lncRNA,mRNA,JPH4,mRNA__JPH4,2868
RNA_lncRNA,mRNA,PTHLH,mRNA__PTHLH,2869
RNA_lncRNA,mRNA,GPR151,mRNA__GPR151,2870
RNA_lncRNA,mRNA,CDH9,mRNA__CDH9,2871
RNA_lncRNA,mRNA,BRSK2,mRNA__BRSK2,2872
RNA_lncRNA,mRNA,ZNF98,mRNA__ZNF98,2873
RNA_lncRNA,mRNA,TPD52L3,mRNA__TPD52L3,2874
RNA_lncRNA,mRNA,SPATA3,mRNA__SPATA3,2875
RNA_lncRNA,mRNA,KCNV2,mRNA__KCNV2,2876
RNA_lncRNA,mRNA,PCYT1B,mRNA__PCYT1B,2877
RNA_lncRNA,mRNA,SERPINA6,mRNA__SERPINA6,2878
RNA_lncRNA,mRNA,KIR2DL4,mRNA__KIR2DL4,2879
RNA_lncRNA,mRNA,TJP3,mRNA__TJP3,2880
RNA_lncRNA,mRNA,SERPINC1,mRNA__SERPINC1,2881
RNA_lncRNA,mRNA,ZNF732,mRNA__ZNF732,2882
RNA_lncRNA,mRNA,OLAH,mRNA__OLAH,2883
RNA_lncRNA,mRNA,ZMYND15,mRNA__ZMYND15,2884
RNA_lncRNA,mRNA,FAAP24,mRNA__FAAP24,2885
RNA_lncRNA,mRNA,DRD3,mRNA__DRD3,2886
RNA_lncRNA,mRNA,RASSF7,mRNA__RASSF7,2887
RNA_lncRNA,mRNA,CD1C,mRNA__CD1C,2888
RNA_lncRNA,mRNA,TEX101,mRNA__TEX101,2889
RNA_lncRNA,mRNA,RBM46,mRNA__RBM46,2890
RNA_lncRNA,mRNA,CCR6,mRNA__CCR6,2891
RNA_lncRNA,mRNA,KPRP,mRNA__KPRP,2892
RNA_lncRNA,mRNA,PAGE3,mRNA__PAGE3,2893
RNA_lncRNA,mRNA,OR10A3,mRNA__OR10A3,2894
RNA_lncRNA,mRNA,GFRAL,mRNA__GFRAL,2895
RNA_lncRNA,mRNA,AC131160.1,mRNA__AC131160.1,2896
RNA_lncRNA,mRNA,LIPK,mRNA__LIPK,2897
RNA_lncRNA,mRNA,TSTD1,mRNA__TSTD1,2898
RNA_lncRNA,mRNA,CKAP2L,mRNA__CKAP2L,2899
RNA_lncRNA,mRNA,DRGX,mRNA__DRGX,2900
RNA_lncRNA,mRNA,PSG3,mRNA__PSG3,2901
RNA_lncRNA,mRNA,TMEM132B,mRNA__TMEM132B,2902
RNA_lncRNA,mRNA,PLSCR5,mRNA__PLSCR5,2903
RNA_lncRNA,mRNA,REG4,mRNA__REG4,2904
RNA_lncRNA,mRNA,SYT4,mRNA__SYT4,2905
RNA_lncRNA,mRNA,HABP2,mRNA__HABP2,2906
RNA_lncRNA,mRNA,AKR1C8P,mRNA__AKR1C8P,2907
RNA_lncRNA,mRNA,AFP,mRNA__AFP,2908
RNA_lncRNA,mRNA,SULT1B1,mRNA__SULT1B1,2909
RNA_lncRNA,mRNA,TEX13D,mRNA__TEX13D,2910
RNA_lncRNA,mRNA,TAT,mRNA__TAT,2911
RNA_lncRNA,mRNA,KRT34,mRNA__KRT34,2912
RNA_lncRNA,mRNA,STAB2,mRNA__STAB2,2913
RNA_lncRNA,mRNA,FAM111B,mRNA__FAM111B,2914
RNA_lncRNA,mRNA,DBX2,mRNA__DBX2,2915
RNA_lncRNA,mRNA,KCNJ16,mRNA__KCNJ16,2916
RNA_lncRNA,mRNA,SERPINA10,mRNA__SERPINA10,2917
RNA_lncRNA,mRNA,EMILIN3,mRNA__EMILIN3,2918
RNA_lncRNA,mRNA,TEX38,mRNA__TEX38,2919
RNA_lncRNA,mRNA,MYO1H,mRNA__MYO1H,2920
RNA_lncRNA,mRNA,HIGD2B,mRNA__HIGD2B,2921
RNA_lncRNA,mRNA,TOGARAM2,mRNA__TOGARAM2,2922
RNA_lncRNA,mRNA,CES5A,mRNA__CES5A,2923
RNA_lncRNA,mRNA,CCR4,mRNA__CCR4,2924
RNA_lncRNA,mRNA,AFM,mRNA__AFM,2925
RNA_lncRNA,mRNA,PDZRN4,mRNA__PDZRN4,2926
RNA_lncRNA,mRNA,STIMATE-MUSTN1,mRNA__STIMATE-MUSTN1,2927
RNA_lncRNA,mRNA,B3GALT5,mRNA__B3GALT5,2928
RNA_lncRNA,mRNA,TYR,mRNA__TYR,2929
RNA_lncRNA,mRNA,LCT,mRNA__LCT,2930
RNA_lncRNA,mRNA,GML,mRNA__GML,2931
RNA_lncRNA,mRNA,FER1L5,mRNA__FER1L5,2932
RNA_lncRNA,mRNA,ERMN,mRNA__ERMN,2933
RNA_lncRNA,mRNA,APOL4,mRNA__APOL4,2934
RNA_lncRNA,mRNA,HTN1,mRNA__HTN1,2935
RNA_lncRNA,mRNA,TSACC,mRNA__TSACC,2936
RNA_lncRNA,mRNA,CACNA1I,mRNA__CACNA1I,2937
RNA_lncRNA,mRNA,ATOH7,mRNA__ATOH7,2938
RNA_lncRNA,mRNA,PATE1,mRNA__PATE1,2939
RNA_lncRNA,mRNA,SLCO6A1,mRNA__SLCO6A1,2940
RNA_lncRNA,mRNA,OR2A25,mRNA__OR2A25,2941
RNA_lncRNA,mRNA,GJB6,mRNA__GJB6,2942
RNA_lncRNA,mRNA,WNT8A,mRNA__WNT8A,2943
RNA_lncRNA,mRNA,SBSN,mRNA__SBSN,2944
RNA_lncRNA,mRNA,KCNK15,mRNA__KCNK15,2945
RNA_lncRNA,mRNA,VAX1,mRNA__VAX1,2946
RNA_lncRNA,mRNA,FETUB,mRNA__FETUB,2947
RNA_lncRNA,mRNA,MYBPHL,mRNA__MYBPHL,2948
RNA_lncRNA,mRNA,GLYATL1,mRNA__GLYATL1,2949
RNA_lncRNA,mRNA,C2CD4A,mRNA__C2CD4A,2950
RNA_lncRNA,mRNA,AL157935.2,mRNA__AL157935.2,2951
RNA_lncRNA,mRNA,CEBPD,mRNA__CEBPD,2952
RNA_lncRNA,mRNA,SERPINB7,mRNA__SERPINB7,2953
RNA_lncRNA,mRNA,ARHGAP19-SLIT1,mRNA__ARHGAP19-SLIT1,2954
RNA_lncRNA,mRNA,SPEM3,mRNA__SPEM3,2955
RNA_lncRNA,mRNA,LRCOL1,mRNA__LRCOL1,2956
RNA_lncRNA,mRNA,UNC13A,mRNA__UNC13A,2957
RNA_lncRNA,mRNA,SERPINB4,mRNA__SERPINB4,2958
RNA_lncRNA,mRNA,ODF4,mRNA__ODF4,2959
RNA_lncRNA,mRNA,HRG,mRNA__HRG,2960
RNA_lncRNA,mRNA,ADGRE2,mRNA__ADGRE2,2961
RNA_lncRNA,mRNA,OTX2,mRNA__OTX2,2962
RNA_lncRNA,mRNA,IL36RN,mRNA__IL36RN,2963
RNA_lncRNA,mRNA,SGK1,mRNA__SGK1,2964
RNA_lncRNA,mRNA,UTS2,mRNA__UTS2,2965
RNA_lncRNA,mRNA,TMIGD3,mRNA__TMIGD3,2966
RNA_lncRNA,mRNA,CACNA1B,mRNA__CACNA1B,2967
RNA_lncRNA,mRNA,FCGR1B,mRNA__FCGR1B,2968
RNA_lncRNA,mRNA,GRIK1,mRNA__GRIK1,2969
RNA_lncRNA,mRNA,CER1,mRNA__CER1,2970
RNA_lncRNA,mRNA,CHST8,mRNA__CHST8,2971
RNA_lncRNA,mRNA,G6PC2,mRNA__G6PC2,2972
RNA_lncRNA,mRNA,OR8H1,mRNA__OR8H1,2973
RNA_lncRNA,mRNA,BCAS1,mRNA__BCAS1,2974
RNA_lncRNA,mRNA,LHX9,mRNA__LHX9,2975
RNA_lncRNA,mRNA,PTGES,mRNA__PTGES,2976
RNA_lncRNA,mRNA,POU2AF1,mRNA__POU2AF1,2977
RNA_lncRNA,mRNA,TEDC1,mRNA__TEDC1,2978
RNA_lncRNA,mRNA,SSC5D,mRNA__SSC5D,2979
RNA_lncRNA,mRNA,KCNN4,mRNA__KCNN4,2980
RNA_lncRNA,mRNA,PATE4,mRNA__PATE4,2981
RNA_lncRNA,mRNA,C1ORF94,mRNA__C1ORF94,2982
RNA_lncRNA,mRNA,OR51M1,mRNA__OR51M1,2983
RNA_lncRNA,mRNA,SLC28A3,mRNA__SLC28A3,2984
RNA_lncRNA,mRNA,DIRAS2,mRNA__DIRAS2,2985
RNA_lncRNA,mRNA,MUC5AC,mRNA__MUC5AC,2986
RNA_lncRNA,mRNA,FAM151A,mRNA__FAM151A,2987
RNA_lncRNA,mRNA,SPDYE5,mRNA__SPDYE5,2988
RNA_lncRNA,mRNA,NLRP9,mRNA__NLRP9,2989
RNA_lncRNA,mRNA,STMND1,mRNA__STMND1,2990
RNA_lncRNA,mRNA,ZNF488,mRNA__ZNF488,2991
RNA_lncRNA,mRNA,TWIST2,mRNA__TWIST2,2992
RNA_lncRNA,mRNA,CLDN16,mRNA__CLDN16,2993
RNA_lncRNA,mRNA,ATP8A2,mRNA__ATP8A2,2994
RNA_lncRNA,mRNA,HNF1A,mRNA__HNF1A,2995
RNA_lncRNA,mRNA,CHAT,mRNA__CHAT,2996
RNA_lncRNA,mRNA,OR1C1,mRNA__OR1C1,2997
RNA_lncRNA,mRNA,AC010325.1,mRNA__AC010325.1,2998
RNA_lncRNA,mRNA,ZPBP,mRNA__ZPBP,2999
RNA_lncRNA,mRNA,CDCP1,mRNA__CDCP1,3000
RNA_lncRNA,lncRNA,XIST,lncRNA__XIST,3001
RNA_lncRNA,lncRNA,TTTY14,lncRNA__TTTY14,3002
RNA_lncRNA,lncRNA,TTTY10,lncRNA__TTTY10,3003
RNA_lncRNA,lncRNA,PRKY,lncRNA__PRKY,3004
RNA_lncRNA,lncRNA,LINC00278,lncRNA__LINC00278,3005
RNA_lncRNA,lncRNA,FAM106C,lncRNA__FAM106C,3006
RNA_lncRNA,lncRNA,FAM106A,lncRNA__FAM106A,3007
RNA_lncRNA,lncRNA,LINC00279,lncRNA__LINC00279,3008
RNA_lncRNA,lncRNA,MIR503HG,lncRNA__MIR503HG,3009
RNA_lncRNA,lncRNA,LINC01634,lncRNA__LINC01634,3010
RNA_lncRNA,lncRNA,LINC02593,lncRNA__LINC02593,3011
RNA_lncRNA,lncRNA,GRTP1-AS1,lncRNA__GRTP1-AS1,3012
RNA_lncRNA,lncRNA,LINC02188,lncRNA__LINC02188,3013
RNA_lncRNA,lncRNA,UNC5B-AS1,lncRNA__UNC5B-AS1,3014
RNA_lncRNA,lncRNA,LINC02160,lncRNA__LINC02160,3015
RNA_lncRNA,lncRNA,KIF25-AS1,lncRNA__KIF25-AS1,3016
RNA_lncRNA,lncRNA,PAX8-AS1,lncRNA__PAX8-AS1,3017
RNA_lncRNA,lncRNA,IRX4-AS1,lncRNA__IRX4-AS1,3018
RNA_lncRNA,lncRNA,LINC01348,lncRNA__LINC01348,3019
RNA_lncRNA,lncRNA,MYHAS,lncRNA__MYHAS,3020
RNA_lncRNA,lncRNA,LINC02887,lncRNA__LINC02887,3021
RNA_lncRNA,lncRNA,LINC02461,lncRNA__LINC02461,3022
RNA_lncRNA,lncRNA,CYP4F26P,lncRNA__CYP4F26P,3023
RNA_lncRNA,lncRNA,FAM157C,lncRNA__FAM157C,3024
RNA_lncRNA,lncRNA,FAM230C,lncRNA__FAM230C,3025
RNA_lncRNA,lncRNA,RHOXF1-AS1,lncRNA__RHOXF1-AS1,3026
RNA_lncRNA,lncRNA,LINC00163,lncRNA__LINC00163,3027
RNA_lncRNA,lncRNA,MAST4-IT1,lncRNA__MAST4-IT1,3028
RNA_lncRNA,lncRNA,RERG-AS1,lncRNA__RERG-AS1,3029
RNA_lncRNA,lncRNA,HHATL-AS1,lncRNA__HHATL-AS1,3030
RNA_lncRNA,lncRNA,SCTR-AS1,lncRNA__SCTR-AS1,3031
RNA_lncRNA,lncRNA,LINC01993,lncRNA__LINC01993,3032
RNA_lncRNA,lncRNA,MIF-AS1,lncRNA__MIF-AS1,3033
RNA_lncRNA,lncRNA,CHMP1B-AS1,lncRNA__CHMP1B-AS1,3034
RNA_lncRNA,lncRNA,LINCADL,lncRNA__LINCADL,3035
RNA_lncRNA,lncRNA,NAV2-AS2,lncRNA__NAV2-AS2,3036
RNA_lncRNA,lncRNA,LINC01954,lncRNA__LINC01954,3037
RNA_lncRNA,lncRNA,LINC01854,lncRNA__LINC01854,3038
RNA_lncRNA,lncRNA,LINC02502,lncRNA__LINC02502,3039
RNA_lncRNA,lncRNA,LINC01950,lncRNA__LINC01950,3040
RNA_lncRNA,lncRNA,LINC01219,lncRNA__LINC01219,3041
RNA_lncRNA,lncRNA,HOMER3-AS1,lncRNA__HOMER3-AS1,3042
RNA_lncRNA,lncRNA,LINC00370,lncRNA__LINC00370,3043
RNA_lncRNA,lncRNA,LINC02880,lncRNA__LINC02880,3044
RNA_lncRNA,lncRNA,SLC9A9-AS2,lncRNA__SLC9A9-AS2,3045
RNA_lncRNA,lncRNA,LINC01388,lncRNA__LINC01388,3046
RNA_lncRNA,lncRNA,TET2-AS1,lncRNA__TET2-AS1,3047
RNA_lncRNA,lncRNA,LINC01916,lncRNA__LINC01916,3048
RNA_lncRNA,lncRNA,LINC00629,lncRNA__LINC00629,3049
RNA_lncRNA,lncRNA,LINC01699,lncRNA__LINC01699,3050
RNA_lncRNA,lncRNA,LINC01504,lncRNA__LINC01504,3051
RNA_lncRNA,lncRNA,LINC01060,lncRNA__LINC01060,3052
RNA_lncRNA,lncRNA,LINC01001,lncRNA__LINC01001,3053
RNA_lncRNA,lncRNA,KIAA1671-AS1,lncRNA__KIAA1671-AS1,3054
RNA_lncRNA,lncRNA,LINC02261,lncRNA__LINC02261,3055
RNA_lncRNA,lncRNA,LINC01115,lncRNA__LINC01115,3056
RNA_lncRNA,lncRNA,LINC01038,lncRNA__LINC01038,3057
RNA_lncRNA,lncRNA,LINC01002,lncRNA__LINC01002,3058
RNA_lncRNA,lncRNA,SERPINB9P1,lncRNA__SERPINB9P1,3059
RNA_lncRNA,lncRNA,DINOL,lncRNA__DINOL,3060
RNA_lncRNA,lncRNA,MME-AS1,lncRNA__MME-AS1,3061
RNA_lncRNA,lncRNA,FLJ16779,lncRNA__FLJ16779,3062
RNA_lncRNA,lncRNA,NPSR1-AS1,lncRNA__NPSR1-AS1,3063
RNA_lncRNA,lncRNA,MIR3945HG,lncRNA__MIR3945HG,3064
RNA_lncRNA,lncRNA,LINC02555,lncRNA__LINC02555,3065
RNA_lncRNA,lncRNA,LINC01193,lncRNA__LINC01193,3066
RNA_lncRNA,lncRNA,LINC02205,lncRNA__LINC02205,3067
RNA_lncRNA,lncRNA,IL6R-AS1,lncRNA__IL6R-AS1,3068
RNA_lncRNA,lncRNA,FEZF1-AS1,lncRNA__FEZF1-AS1,3069
RNA_lncRNA,lncRNA,GASAL1,lncRNA__GASAL1,3070
RNA_lncRNA,lncRNA,LINC01484,lncRNA__LINC01484,3071
RNA_lncRNA,lncRNA,TRPC7-AS1,lncRNA__TRPC7-AS1,3072
RNA_lncRNA,lncRNA,LINC02279,lncRNA__LINC02279,3073
RNA_lncRNA,lncRNA,TSPEAR-AS1,lncRNA__TSPEAR-AS1,3074
RNA_lncRNA,lncRNA,MIR155HG,lncRNA__MIR155HG,3075
RNA_lncRNA,lncRNA,LINC02812,lncRNA__LINC02812,3076
RNA_lncRNA,lncRNA,LINC02361,lncRNA__LINC02361,3077
RNA_lncRNA,lncRNA,LINC02430,lncRNA__LINC02430,3078
RNA_lncRNA,lncRNA,LINC01754,lncRNA__LINC01754,3079
RNA_lncRNA,lncRNA,ERVH-1,lncRNA__ERVH-1,3080
RNA_lncRNA,lncRNA,PPP1R35-AS1,lncRNA__PPP1R35-AS1,3081
RNA_lncRNA,lncRNA,LINC00330,lncRNA__LINC00330,3082
RNA_lncRNA,lncRNA,STIM2-AS1,lncRNA__STIM2-AS1,3083
RNA_lncRNA,lncRNA,LINC02089,lncRNA__LINC02089,3084
RNA_lncRNA,lncRNA,LINC02660,lncRNA__LINC02660,3085
RNA_lncRNA,lncRNA,C1ORF167-AS1,lncRNA__C1ORF167-AS1,3086
RNA_lncRNA,lncRNA,LINC01242,lncRNA__LINC01242,3087
RNA_lncRNA,lncRNA,LINC01070,lncRNA__LINC01070,3088
RNA_lncRNA,lncRNA,PRR7-AS1,lncRNA__PRR7-AS1,3089
RNA_lncRNA,lncRNA,TMEM92-AS1,lncRNA__TMEM92-AS1,3090
RNA_lncRNA,lncRNA,SLC9A9-AS1,lncRNA__SLC9A9-AS1,3091
RNA_lncRNA,lncRNA,LINC01638,lncRNA__LINC01638,3092
RNA_lncRNA,lncRNA,LINC01565,lncRNA__LINC01565,3093
RNA_lncRNA,lncRNA,KBTBD11-OT1,lncRNA__KBTBD11-OT1,3094
RNA_lncRNA,lncRNA,GK-IT1,lncRNA__GK-IT1,3095
RNA_lncRNA,lncRNA,LINC00402,lncRNA__LINC00402,3096
RNA_lncRNA,lncRNA,LNCOG,lncRNA__LNCOG,3097
RNA_lncRNA,lncRNA,LINC00189,lncRNA__LINC00189,3098
RNA_lncRNA,lncRNA,HAGLROS,lncRNA__HAGLROS,3099
RNA_lncRNA,lncRNA,LINC01497,lncRNA__LINC01497,3100
RNA_lncRNA,lncRNA,LINC02315,lncRNA__LINC02315,3101
RNA_lncRNA,lncRNA,LINC01489,lncRNA__LINC01489,3102
RNA_lncRNA,lncRNA,ERLNC1,lncRNA__ERLNC1,3103
RNA_lncRNA,lncRNA,GAS6-AS1,lncRNA__GAS6-AS1,3104
RNA_lncRNA,lncRNA,ENO1-AS1,lncRNA__ENO1-AS1,3105
RNA_lncRNA,lncRNA,LINC00960,lncRNA__LINC00960,3106
RNA_lncRNA,lncRNA,LINC00200,lncRNA__LINC00200,3107
RNA_lncRNA,lncRNA,LINC01848,lncRNA__LINC01848,3108
RNA_lncRNA,lncRNA,LINC01711,lncRNA__LINC01711,3109
RNA_lncRNA,lncRNA,LINC02421,lncRNA__LINC02421,3110
RNA_lncRNA,lncRNA,LINC01433,lncRNA__LINC01433,3111
RNA_lncRNA,lncRNA,LINC02091,lncRNA__LINC02091,3112
RNA_lncRNA,lncRNA,CIRBP-AS1,lncRNA__CIRBP-AS1,3113
RNA_lncRNA,lncRNA,SSTR5-AS1,lncRNA__SSTR5-AS1,3114
RNA_lncRNA,lncRNA,RNF207-AS1,lncRNA__RNF207-AS1,3115
RNA_lncRNA,lncRNA,FGF12-AS3,lncRNA__FGF12-AS3,3116
RNA_lncRNA,lncRNA,LINC02367,lncRNA__LINC02367,3117
RNA_lncRNA,lncRNA,LINC00415,lncRNA__LINC00415,3118
RNA_lncRNA,lncRNA,LINC01946,lncRNA__LINC01946,3119
RNA_lncRNA,lncRNA,ATP1B3-AS1,lncRNA__ATP1B3-AS1,3120
RNA_lncRNA,lncRNA,LINC00632,lncRNA__LINC00632,3121
RNA_lncRNA,lncRNA,LINC02863,lncRNA__LINC02863,3122
RNA_lncRNA,lncRNA,ELF3-AS1,lncRNA__ELF3-AS1,3123
RNA_lncRNA,lncRNA,STEAP2-AS1,lncRNA__STEAP2-AS1,3124
RNA_lncRNA,lncRNA,UBXN7-AS1,lncRNA__UBXN7-AS1,3125
RNA_lncRNA,lncRNA,LINC01165,lncRNA__LINC01165,3126
RNA_lncRNA,lncRNA,LINC02688,lncRNA__LINC02688,3127
RNA_lncRNA,lncRNA,TTLL10-AS1,lncRNA__TTLL10-AS1,3128
RNA_lncRNA,lncRNA,DTX2P1-UPK3BP1-PMS2P11,lncRNA__DTX2P1-UPK3BP1-PMS2P11,3129
RNA_lncRNA,lncRNA,LINC02871,lncRNA__LINC02871,3130
RNA_lncRNA,lncRNA,LINC02211,lncRNA__LINC02211,3131
RNA_lncRNA,lncRNA,MIR223HG,lncRNA__MIR223HG,3132
RNA_lncRNA,lncRNA,LINC01968,lncRNA__LINC01968,3133
RNA_lncRNA,lncRNA,LINC02050,lncRNA__LINC02050,3134
RNA_lncRNA,lncRNA,LINC00243,lncRNA__LINC00243,3135
RNA_lncRNA,lncRNA,IL10RB-DT,lncRNA__IL10RB-DT,3136
RNA_lncRNA,lncRNA,LINC01845,lncRNA__LINC01845,3137
RNA_lncRNA,lncRNA,LINC01982,lncRNA__LINC01982,3138
RNA_lncRNA,lncRNA,EGFR-AS1,lncRNA__EGFR-AS1,3139
RNA_lncRNA,lncRNA,CLSTN2-AS1,lncRNA__CLSTN2-AS1,3140
RNA_lncRNA,lncRNA,LINC01123,lncRNA__LINC01123,3141
RNA_lncRNA,lncRNA,PHKA2-AS1,lncRNA__PHKA2-AS1,3142
RNA_lncRNA,lncRNA,LINC02024,lncRNA__LINC02024,3143
RNA_lncRNA,lncRNA,FAM66A,lncRNA__FAM66A,3144
RNA_lncRNA,lncRNA,LINC01761,lncRNA__LINC01761,3145
RNA_lncRNA,lncRNA,LINC01235,lncRNA__LINC01235,3146
RNA_lncRNA,lncRNA,H19,lncRNA__H19,3147
RNA_lncRNA,lncRNA,LINC00645,lncRNA__LINC00645,3148
RNA_lncRNA,lncRNA,LINC02724,lncRNA__LINC02724,3149
RNA_lncRNA,lncRNA,C9ORF163,lncRNA__C9ORF163,3150
RNA_lncRNA,lncRNA,LINC02043,lncRNA__LINC02043,3151
RNA_lncRNA,lncRNA,LINC02881,lncRNA__LINC02881,3152
RNA_lncRNA,lncRNA,LAMA5-AS1,lncRNA__LAMA5-AS1,3153
RNA_lncRNA,lncRNA,LINC02523,lncRNA__LINC02523,3154
RNA_lncRNA,lncRNA,LINC02714,lncRNA__LINC02714,3155
RNA_lncRNA,lncRNA,DSCR9,lncRNA__DSCR9,3156
RNA_lncRNA,lncRNA,SCAT8,lncRNA__SCAT8,3157
RNA_lncRNA,lncRNA,LINC01152,lncRNA__LINC01152,3158
RNA_lncRNA,lncRNA,FNDC1-IT1,lncRNA__FNDC1-IT1,3159
RNA_lncRNA,lncRNA,LINC02553,lncRNA__LINC02553,3160
RNA_lncRNA,lncRNA,LINC02517,lncRNA__LINC02517,3161
RNA_lncRNA,lncRNA,LINC00382,lncRNA__LINC00382,3162
RNA_lncRNA,lncRNA,LINC00656,lncRNA__LINC00656,3163
RNA_lncRNA,lncRNA,LINC02285,lncRNA__LINC02285,3164
RNA_lncRNA,lncRNA,LERFS,lncRNA__LERFS,3165
RNA_lncRNA,lncRNA,LINC02507,lncRNA__LINC02507,3166
RNA_lncRNA,lncRNA,AMMECR1-IT1,lncRNA__AMMECR1-IT1,3167
RNA_lncRNA,lncRNA,DSCR4,lncRNA__DSCR4,3168
RNA_lncRNA,lncRNA,LINC00910,lncRNA__LINC00910,3169
RNA_lncRNA,lncRNA,LINC02005,lncRNA__LINC02005,3170
RNA_lncRNA,lncRNA,NXT1-AS1,lncRNA__NXT1-AS1,3171
RNA_lncRNA,lncRNA,FAM138B,lncRNA__FAM138B,3172
RNA_lncRNA,lncRNA,DBH-AS1,lncRNA__DBH-AS1,3173
RNA_lncRNA,lncRNA,LINC00323,lncRNA__LINC00323,3174
RNA_lncRNA,lncRNA,LINC02731,lncRNA__LINC02731,3175
RNA_lncRNA,lncRNA,BCRP3,lncRNA__BCRP3,3176
RNA_lncRNA,lncRNA,EMSLR,lncRNA__EMSLR,3177
RNA_lncRNA,lncRNA,MRPL23-AS1,lncRNA__MRPL23-AS1,3178
RNA_lncRNA,lncRNA,LINC01436,lncRNA__LINC01436,3179
RNA_lncRNA,lncRNA,HS1BP3-IT1,lncRNA__HS1BP3-IT1,3180
RNA_lncRNA,lncRNA,LINC01880,lncRNA__LINC01880,3181
RNA_lncRNA,lncRNA,FAM225B,lncRNA__FAM225B,3182
RNA_lncRNA,lncRNA,MUC12-AS1,lncRNA__MUC12-AS1,3183
RNA_lncRNA,lncRNA,LINC02133,lncRNA__LINC02133,3184
RNA_lncRNA,lncRNA,DPP4-DT,lncRNA__DPP4-DT,3185
RNA_lncRNA,lncRNA,LINC02273,lncRNA__LINC02273,3186
RNA_lncRNA,lncRNA,PCAT6,lncRNA__PCAT6,3187
RNA_lncRNA,lncRNA,KRBOX1-AS1,lncRNA__KRBOX1-AS1,3188
RNA_lncRNA,lncRNA,FREM2-AS1,lncRNA__FREM2-AS1,3189
RNA_lncRNA,lncRNA,GATA6-AS1,lncRNA__GATA6-AS1,3190
RNA_lncRNA,lncRNA,LINC02228,lncRNA__LINC02228,3191
RNA_lncRNA,lncRNA,LINC01664,lncRNA__LINC01664,3192
RNA_lncRNA,lncRNA,SSBP3-AS1,lncRNA__SSBP3-AS1,3193
RNA_lncRNA,lncRNA,LINC02154,lncRNA__LINC02154,3194
RNA_lncRNA,lncRNA,LINC01914,lncRNA__LINC01914,3195
RNA_lncRNA,lncRNA,LUCAT1,lncRNA__LUCAT1,3196
RNA_lncRNA,lncRNA,LINC02176,lncRNA__LINC02176,3197
RNA_lncRNA,lncRNA,LINC02473,lncRNA__LINC02473,3198
RNA_lncRNA,lncRNA,LINC00184,lncRNA__LINC00184,3199
RNA_lncRNA,lncRNA,LINC02626,lncRNA__LINC02626,3200
RNA_lncRNA,lncRNA,LINC00868,lncRNA__LINC00868,3201
RNA_lncRNA,lncRNA,SPATA42,lncRNA__SPATA42,3202
RNA_lncRNA,lncRNA,VPS9D1-AS1,lncRNA__VPS9D1-AS1,3203
RNA_lncRNA,lncRNA,LINC01297,lncRNA__LINC01297,3204
RNA_lncRNA,lncRNA,LINC02456,lncRNA__LINC02456,3205
RNA_lncRNA,lncRNA,VPS33B-DT,lncRNA__VPS33B-DT,3206
RNA_lncRNA,lncRNA,TUSC8,lncRNA__TUSC8,3207
RNA_lncRNA,lncRNA,TAX1BP1-AS1,lncRNA__TAX1BP1-AS1,3208
RNA_lncRNA,lncRNA,LINC01364,lncRNA__LINC01364,3209
RNA_lncRNA,lncRNA,ARMCX3-AS1,lncRNA__ARMCX3-AS1,3210
RNA_lncRNA,lncRNA,IRAG1-AS1,lncRNA__IRAG1-AS1,3211
RNA_lncRNA,lncRNA,CFAP61-AS1,lncRNA__CFAP61-AS1,3212
RNA_lncRNA,lncRNA,LINC01674,lncRNA__LINC01674,3213
RNA_lncRNA,lncRNA,LINC01732,lncRNA__LINC01732,3214
RNA_lncRNA,lncRNA,PICART1,lncRNA__PICART1,3215
RNA_lncRNA,lncRNA,LINC00588,lncRNA__LINC00588,3216
RNA_lncRNA,lncRNA,LINC02709,lncRNA__LINC02709,3217
RNA_lncRNA,lncRNA,C1QTNF1-AS1,lncRNA__C1QTNF1-AS1,3218
RNA_lncRNA,lncRNA,FOXP4-AS1,lncRNA__FOXP4-AS1,3219
RNA_lncRNA,lncRNA,CPS1-IT1,lncRNA__CPS1-IT1,3220
RNA_lncRNA,lncRNA,GSTCD-AS1,lncRNA__GSTCD-AS1,3221
RNA_lncRNA,lncRNA,LINC01151,lncRNA__LINC01151,3222
RNA_lncRNA,lncRNA,HAR1A,lncRNA__HAR1A,3223
RNA_lncRNA,lncRNA,PARM1-AS1,lncRNA__PARM1-AS1,3224
RNA_lncRNA,lncRNA,PPP1R14B-AS1,lncRNA__PPP1R14B-AS1,3225
RNA_lncRNA,lncRNA,DSCR8,lncRNA__DSCR8,3226
RNA_lncRNA,lncRNA,SMCR5,lncRNA__SMCR5,3227
RNA_lncRNA,lncRNA,LINC00659,lncRNA__LINC00659,3228
RNA_lncRNA,lncRNA,ZFX-AS1,lncRNA__ZFX-AS1,3229
RNA_lncRNA,lncRNA,PRSS30P,lncRNA__PRSS30P,3230
RNA_lncRNA,lncRNA,LINC01768,lncRNA__LINC01768,3231
RNA_lncRNA,lncRNA,FAM215B,lncRNA__FAM215B,3232
RNA_lncRNA,lncRNA,XIRP2-AS1,lncRNA__XIRP2-AS1,3233
RNA_lncRNA,lncRNA,UICLM,lncRNA__UICLM,3234
RNA_lncRNA,lncRNA,PDCD4-AS1,lncRNA__PDCD4-AS1,3235
RNA_lncRNA,lncRNA,LLPH-DT,lncRNA__LLPH-DT,3236
RNA_lncRNA,lncRNA,PAQR9-AS1,lncRNA__PAQR9-AS1,3237
RNA_lncRNA,lncRNA,XXYLT1-AS2,lncRNA__XXYLT1-AS2,3238
RNA_lncRNA,lncRNA,LINC02851,lncRNA__LINC02851,3239
RNA_lncRNA,lncRNA,SCHLAP1,lncRNA__SCHLAP1,3240
RNA_lncRNA,lncRNA,UVRAG-DT,lncRNA__UVRAG-DT,3241
RNA_lncRNA,lncRNA,ADGRA1-AS1,lncRNA__ADGRA1-AS1,3242
RNA_lncRNA,lncRNA,WDR7-OT1,lncRNA__WDR7-OT1,3243
RNA_lncRNA,lncRNA,MIR646HG,lncRNA__MIR646HG,3244
RNA_lncRNA,lncRNA,BBOX1-AS1,lncRNA__BBOX1-AS1,3245
RNA_lncRNA,lncRNA,MDC1-AS1,lncRNA__MDC1-AS1,3246
RNA_lncRNA,lncRNA,LINC02875,lncRNA__LINC02875,3247
RNA_lncRNA,lncRNA,FAM225A,lncRNA__FAM225A,3248
RNA_lncRNA,lncRNA,LINC02519,lncRNA__LINC02519,3249
RNA_lncRNA,lncRNA,ARHGAP22-IT1,lncRNA__ARHGAP22-IT1,3250
RNA_lncRNA,lncRNA,NEXN-AS1,lncRNA__NEXN-AS1,3251
RNA_lncRNA,lncRNA,LINC01397,lncRNA__LINC01397,3252
RNA_lncRNA,lncRNA,NFE4,lncRNA__NFE4,3253
RNA_lncRNA,lncRNA,CSTF3-DT,lncRNA__CSTF3-DT,3254
RNA_lncRNA,lncRNA,LINC01961,lncRNA__LINC01961,3255
RNA_lncRNA,lncRNA,LINC01507,lncRNA__LINC01507,3256
RNA_lncRNA,lncRNA,ARPP21-AS1,lncRNA__ARPP21-AS1,3257
RNA_lncRNA,lncRNA,LINC00940,lncRNA__LINC00940,3258
RNA_lncRNA,lncRNA,REPIN1-AS1,lncRNA__REPIN1-AS1,3259
RNA_lncRNA,lncRNA,PINCR,lncRNA__PINCR,3260
RNA_lncRNA,lncRNA,LINC02576,lncRNA__LINC02576,3261
RNA_lncRNA,lncRNA,GAPLINC,lncRNA__GAPLINC,3262
RNA_lncRNA,lncRNA,LINC02556,lncRNA__LINC02556,3263
RNA_lncRNA,lncRNA,LINC02690,lncRNA__LINC02690,3264
RNA_lncRNA,lncRNA,LNCDAT,lncRNA__LNCDAT,3265
RNA_lncRNA,lncRNA,LINC02703,lncRNA__LINC02703,3266
RNA_lncRNA,lncRNA,GATA3-AS1,lncRNA__GATA3-AS1,3267
RNA_lncRNA,lncRNA,PHC2-AS1,lncRNA__PHC2-AS1,3268
RNA_lncRNA,lncRNA,OR2A1-AS1,lncRNA__OR2A1-AS1,3269
RNA_lncRNA,lncRNA,LINC01707,lncRNA__LINC01707,3270
RNA_lncRNA,lncRNA,LINC01028,lncRNA__LINC01028,3271
RNA_lncRNA,lncRNA,C10ORF55,lncRNA__C10ORF55,3272
RNA_lncRNA,lncRNA,TRPM2-AS,lncRNA__TRPM2-AS,3273
RNA_lncRNA,lncRNA,DDN-AS1,lncRNA__DDN-AS1,3274
RNA_lncRNA,lncRNA,RASSF1-AS1,lncRNA__RASSF1-AS1,3275
RNA_lncRNA,lncRNA,AADACL2-AS1,lncRNA__AADACL2-AS1,3276
RNA_lncRNA,lncRNA,KCNH1-IT1,lncRNA__KCNH1-IT1,3277
RNA_lncRNA,lncRNA,KCNIP4-IT1,lncRNA__KCNIP4-IT1,3278
RNA_lncRNA,lncRNA,LINC01886,lncRNA__LINC01886,3279
RNA_lncRNA,lncRNA,LINC01267,lncRNA__LINC01267,3280
RNA_lncRNA,lncRNA,MIR4307HG,lncRNA__MIR4307HG,3281
RNA_lncRNA,lncRNA,PARAL1,lncRNA__PARAL1,3282
RNA_lncRNA,lncRNA,LINC02321,lncRNA__LINC02321,3283
RNA_lncRNA,lncRNA,LINC01166,lncRNA__LINC01166,3284
RNA_lncRNA,lncRNA,PRKAR1B-AS2,lncRNA__PRKAR1B-AS2,3285
RNA_lncRNA,lncRNA,HCG20,lncRNA__HCG20,3286
RNA_lncRNA,lncRNA,CLIP1-AS1,lncRNA__CLIP1-AS1,3287
RNA_lncRNA,lncRNA,NALT1,lncRNA__NALT1,3288
RNA_lncRNA,lncRNA,LINC01896,lncRNA__LINC01896,3289
RNA_lncRNA,lncRNA,DYRK3-AS1,lncRNA__DYRK3-AS1,3290
RNA_lncRNA,lncRNA,BRWD1-AS1,lncRNA__BRWD1-AS1,3291
RNA_lncRNA,lncRNA,LINC02504,lncRNA__LINC02504,3292
RNA_lncRNA,lncRNA,STK32A-AS1,lncRNA__STK32A-AS1,3293
RNA_lncRNA,lncRNA,LINC00589,lncRNA__LINC00589,3294
RNA_lncRNA,lncRNA,LINC00661,lncRNA__LINC00661,3295
RNA_lncRNA,lncRNA,FAM230I,lncRNA__FAM230I,3296
RNA_lncRNA,lncRNA,SMARCA5-AS1,lncRNA__SMARCA5-AS1,3297
RNA_lncRNA,lncRNA,LINC02870,lncRNA__LINC02870,3298
RNA_lncRNA,lncRNA,HCG15,lncRNA__HCG15,3299
RNA_lncRNA,lncRNA,LINC01783,lncRNA__LINC01783,3300
RNA_lncRNA,lncRNA,OSTM1-AS1,lncRNA__OSTM1-AS1,3301
RNA_lncRNA,lncRNA,LINC02764,lncRNA__LINC02764,3302
RNA_lncRNA,lncRNA,MIR3142HG,lncRNA__MIR3142HG,3303
RNA_lncRNA,lncRNA,RUVBL1-AS1,lncRNA__RUVBL1-AS1,3304
RNA_lncRNA,lncRNA,HYI-AS1,lncRNA__HYI-AS1,3305
RNA_lncRNA,lncRNA,MAST4-AS1,lncRNA__MAST4-AS1,3306
RNA_lncRNA,lncRNA,LINC02816,lncRNA__LINC02816,3307
RNA_lncRNA,lncRNA,LINC00934,lncRNA__LINC00934,3308
RNA_lncRNA,lncRNA,EHMT2-AS1,lncRNA__EHMT2-AS1,3309
RNA_lncRNA,lncRNA,FIGNL2-DT,lncRNA__FIGNL2-DT,3310
RNA_lncRNA,lncRNA,LINC02313,lncRNA__LINC02313,3311
RNA_lncRNA,lncRNA,EVX1-AS,lncRNA__EVX1-AS,3312
RNA_lncRNA,lncRNA,LINC00620,lncRNA__LINC00620,3313
RNA_lncRNA,lncRNA,MYADM-AS1,lncRNA__MYADM-AS1,3314
RNA_lncRNA,lncRNA,ZDHHC20-IT1,lncRNA__ZDHHC20-IT1,3315
RNA_lncRNA,lncRNA,RBPMS-AS1,lncRNA__RBPMS-AS1,3316
RNA_lncRNA,lncRNA,DCST1-AS1,lncRNA__DCST1-AS1,3317
RNA_lncRNA,lncRNA,LMO7-AS1,lncRNA__LMO7-AS1,3318
RNA_lncRNA,lncRNA,MYG1-AS1,lncRNA__MYG1-AS1,3319
RNA_lncRNA,lncRNA,TNK2-AS1,lncRNA__TNK2-AS1,3320
RNA_lncRNA,lncRNA,LINC01310,lncRNA__LINC01310,3321
RNA_lncRNA,lncRNA,SPINT1-AS1,lncRNA__SPINT1-AS1,3322
RNA_lncRNA,lncRNA,PPIC-AS1,lncRNA__PPIC-AS1,3323
RNA_lncRNA,lncRNA,LINC02242,lncRNA__LINC02242,3324
RNA_lncRNA,lncRNA,ERC2-IT1,lncRNA__ERC2-IT1,3325
RNA_lncRNA,lncRNA,LINC01903,lncRNA__LINC01903,3326
RNA_lncRNA,lncRNA,LINC01082,lncRNA__LINC01082,3327
RNA_lncRNA,lncRNA,LINC01722,lncRNA__LINC01722,3328
RNA_lncRNA,lncRNA,HRAT17,lncRNA__HRAT17,3329
RNA_lncRNA,lncRNA,HOXC-AS3,lncRNA__HOXC-AS3,3330
RNA_lncRNA,lncRNA,LINC01645,lncRNA__LINC01645,3331
RNA_lncRNA,lncRNA,LINC02561,lncRNA__LINC02561,3332
RNA_lncRNA,lncRNA,ADAMTSL4-AS1,lncRNA__ADAMTSL4-AS1,3333
RNA_lncRNA,lncRNA,PTGES2-AS1,lncRNA__PTGES2-AS1,3334
RNA_lncRNA,lncRNA,GCC2-AS1,lncRNA__GCC2-AS1,3335
RNA_lncRNA,lncRNA,ARHGAP42-AS1,lncRNA__ARHGAP42-AS1,3336
RNA_lncRNA,lncRNA,LINC02125,lncRNA__LINC02125,3337
RNA_lncRNA,lncRNA,LINC00678,lncRNA__LINC00678,3338
RNA_lncRNA,lncRNA,GCSIR,lncRNA__GCSIR,3339
RNA_lncRNA,lncRNA,TGFB3-AS1,lncRNA__TGFB3-AS1,3340
RNA_lncRNA,lncRNA,MEIS1-AS3,lncRNA__MEIS1-AS3,3341
RNA_lncRNA,lncRNA,HTR3E-AS1,lncRNA__HTR3E-AS1,3342
RNA_lncRNA,lncRNA,MICB-DT,lncRNA__MICB-DT,3343
RNA_lncRNA,lncRNA,LINC01063,lncRNA__LINC01063,3344
RNA_lncRNA,lncRNA,LINC01080,lncRNA__LINC01080,3345
RNA_lncRNA,lncRNA,LINC01839,lncRNA__LINC01839,3346
RNA_lncRNA,lncRNA,LINC02598,lncRNA__LINC02598,3347
RNA_lncRNA,lncRNA,LINC01730,lncRNA__LINC01730,3348
RNA_lncRNA,lncRNA,LINC01591,lncRNA__LINC01591,3349
RNA_lncRNA,lncRNA,SOD2-OT1,lncRNA__SOD2-OT1,3350
RNA_lncRNA,lncRNA,PTCHD1-AS,lncRNA__PTCHD1-AS,3351
RNA_lncRNA,lncRNA,LINC00892,lncRNA__LINC00892,3352
RNA_lncRNA,lncRNA,LINC02130,lncRNA__LINC02130,3353
RNA_lncRNA,lncRNA,LINC01733,lncRNA__LINC01733,3354
RNA_lncRNA,lncRNA,LINC02197,lncRNA__LINC02197,3355
RNA_lncRNA,lncRNA,FBXO36-IT1,lncRNA__FBXO36-IT1,3356
RNA_lncRNA,lncRNA,LINC01522,lncRNA__LINC01522,3357
RNA_lncRNA,lncRNA,LINC02653,lncRNA__LINC02653,3358
RNA_lncRNA,lncRNA,SIGLEC10-AS1,lncRNA__SIGLEC10-AS1,3359
RNA_lncRNA,lncRNA,LINC01209,lncRNA__LINC01209,3360
RNA_lncRNA,lncRNA,LINC01506,lncRNA__LINC01506,3361
RNA_lncRNA,lncRNA,LINC02100,lncRNA__LINC02100,3362
RNA_lncRNA,lncRNA,LINC02550,lncRNA__LINC02550,3363
RNA_lncRNA,lncRNA,GFOD1-AS1,lncRNA__GFOD1-AS1,3364
RNA_lncRNA,lncRNA,SRI-AS1,lncRNA__SRI-AS1,3365
RNA_lncRNA,lncRNA,MIR31HG,lncRNA__MIR31HG,3366
RNA_lncRNA,lncRNA,KANSL1-AS1,lncRNA__KANSL1-AS1,3367
RNA_lncRNA,lncRNA,FLNC-AS1,lncRNA__FLNC-AS1,3368
RNA_lncRNA,lncRNA,LINC01637,lncRNA__LINC01637,3369
RNA_lncRNA,lncRNA,LINC01194,lncRNA__LINC01194,3370
RNA_lncRNA,lncRNA,LINC00967,lncRNA__LINC00967,3371
RNA_lncRNA,lncRNA,PDXP-DT,lncRNA__PDXP-DT,3372
RNA_lncRNA,lncRNA,SYNJ2-IT1,lncRNA__SYNJ2-IT1,3373
RNA_lncRNA,lncRNA,LINC02311,lncRNA__LINC02311,3374
RNA_lncRNA,lncRNA,FABP6-AS1,lncRNA__FABP6-AS1,3375
RNA_lncRNA,lncRNA,CXXC5-AS1,lncRNA__CXXC5-AS1,3376
RNA_lncRNA,lncRNA,EDRF1-AS1,lncRNA__EDRF1-AS1,3377
RNA_lncRNA,lncRNA,NCKAP5-IT1,lncRNA__NCKAP5-IT1,3378
RNA_lncRNA,lncRNA,LINC02455,lncRNA__LINC02455,3379
RNA_lncRNA,lncRNA,LINC01779,lncRNA__LINC01779,3380
RNA_lncRNA,lncRNA,LINC01451,lncRNA__LINC01451,3381
RNA_lncRNA,lncRNA,MAPRE3-AS1,lncRNA__MAPRE3-AS1,3382
RNA_lncRNA,lncRNA,ZNRF3-AS1,lncRNA__ZNRF3-AS1,3383
RNA_lncRNA,lncRNA,LINC00028,lncRNA__LINC00028,3384
RNA_lncRNA,lncRNA,CACNA1C-IT1,lncRNA__CACNA1C-IT1,3385
RNA_lncRNA,lncRNA,LINC00951,lncRNA__LINC00951,3386
RNA_lncRNA,lncRNA,DDX59-AS1,lncRNA__DDX59-AS1,3387
RNA_lncRNA,lncRNA,MAGEA4-AS1,lncRNA__MAGEA4-AS1,3388
RNA_lncRNA,lncRNA,MYRF-AS1,lncRNA__MYRF-AS1,3389
RNA_lncRNA,lncRNA,FGF10-AS1,lncRNA__FGF10-AS1,3390
RNA_lncRNA,lncRNA,LINC00891,lncRNA__LINC00891,3391
RNA_lncRNA,lncRNA,LINC02323,lncRNA__LINC02323,3392
RNA_lncRNA,lncRNA,ARHGAP31-AS1,lncRNA__ARHGAP31-AS1,3393
RNA_lncRNA,lncRNA,LINC01356,lncRNA__LINC01356,3394
RNA_lncRNA,lncRNA,NR4A1AS,lncRNA__NR4A1AS,3395
RNA_lncRNA,lncRNA,LINC02377,lncRNA__LINC02377,3396
RNA_lncRNA,lncRNA,LINC02829,lncRNA__LINC02829,3397
RNA_lncRNA,lncRNA,LINC01281,lncRNA__LINC01281,3398
RNA_lncRNA,lncRNA,STPG2-AS1,lncRNA__STPG2-AS1,3399
RNA_lncRNA,lncRNA,FAM242C,lncRNA__FAM242C,3400
RNA_lncRNA,lncRNA,C3ORF36,lncRNA__C3ORF36,3401
RNA_lncRNA,lncRNA,LINC00355,lncRNA__LINC00355,3402
RNA_lncRNA,lncRNA,LINC02674,lncRNA__LINC02674,3403
RNA_lncRNA,lncRNA,LINC01785,lncRNA__LINC01785,3404
RNA_lncRNA,lncRNA,LINC02526,lncRNA__LINC02526,3405
RNA_lncRNA,lncRNA,LINC02181,lncRNA__LINC02181,3406
RNA_lncRNA,lncRNA,LINC01686,lncRNA__LINC01686,3407
RNA_lncRNA,lncRNA,ST7-AS2,lncRNA__ST7-AS2,3408
RNA_lncRNA,lncRNA,SHANK2-AS1,lncRNA__SHANK2-AS1,3409
RNA_lncRNA,lncRNA,AGBL4-IT1,lncRNA__AGBL4-IT1,3410
RNA_lncRNA,lncRNA,ADAMTSL4-AS2,lncRNA__ADAMTSL4-AS2,3411
RNA_lncRNA,lncRNA,LINC01867,lncRNA__LINC01867,3412
RNA_lncRNA,lncRNA,GTF3C2-AS1,lncRNA__GTF3C2-AS1,3413
RNA_lncRNA,lncRNA,LINC00304,lncRNA__LINC00304,3414
RNA_lncRNA,lncRNA,PSG8-AS1,lncRNA__PSG8-AS1,3415
RNA_lncRNA,lncRNA,LINC02138,lncRNA__LINC02138,3416
RNA_lncRNA,lncRNA,PIGY-DT,lncRNA__PIGY-DT,3417
RNA_lncRNA,lncRNA,LINC00857,lncRNA__LINC00857,3418
RNA_lncRNA,lncRNA,NREP-AS1,lncRNA__NREP-AS1,3419
RNA_lncRNA,lncRNA,SH3RF3-AS1,lncRNA__SH3RF3-AS1,3420
RNA_lncRNA,lncRNA,LINC01149,lncRNA__LINC01149,3421
RNA_lncRNA,lncRNA,THBS3-AS1,lncRNA__THBS3-AS1,3422
RNA_lncRNA,lncRNA,CRTC3-AS1,lncRNA__CRTC3-AS1,3423
RNA_lncRNA,lncRNA,TLR8-AS1,lncRNA__TLR8-AS1,3424
RNA_lncRNA,lncRNA,SMAD9-IT1,lncRNA__SMAD9-IT1,3425
RNA_lncRNA,lncRNA,CD2BP2-DT,lncRNA__CD2BP2-DT,3426
RNA_lncRNA,lncRNA,KDM2B-DT,lncRNA__KDM2B-DT,3427
RNA_lncRNA,lncRNA,LINC02850,lncRNA__LINC02850,3428
RNA_lncRNA,lncRNA,HCG14,lncRNA__HCG14,3429
RNA_lncRNA,lncRNA,LINC02401,lncRNA__LINC02401,3430
RNA_lncRNA,lncRNA,LINC01907,lncRNA__LINC01907,3431
RNA_lncRNA,lncRNA,TMEM105,lncRNA__TMEM105,3432
RNA_lncRNA,lncRNA,RHPN1-AS1,lncRNA__RHPN1-AS1,3433
RNA_lncRNA,lncRNA,PDZRN3-AS1,lncRNA__PDZRN3-AS1,3434
RNA_lncRNA,lncRNA,LINC02749,lncRNA__LINC02749,3435
RNA_lncRNA,lncRNA,MAFA-AS1,lncRNA__MAFA-AS1,3436
RNA_lncRNA,lncRNA,LINC02737,lncRNA__LINC02737,3437
RNA_lncRNA,lncRNA,TMLHE-AS1,lncRNA__TMLHE-AS1,3438
RNA_lncRNA,lncRNA,LINC00523,lncRNA__LINC00523,3439
RNA_lncRNA,lncRNA,LINC00702,lncRNA__LINC00702,3440
RNA_lncRNA,lncRNA,MIR378D2HG,lncRNA__MIR378D2HG,3441
RNA_lncRNA,lncRNA,LIX1L-AS1,lncRNA__LIX1L-AS1,3442
RNA_lncRNA,lncRNA,RN7SL832P,lncRNA__RN7SL832P,3443
RNA_lncRNA,lncRNA,LINC01312,lncRNA__LINC01312,3444
RNA_lncRNA,lncRNA,CASC8,lncRNA__CASC8,3445
RNA_lncRNA,lncRNA,SYNE1-AS1,lncRNA__SYNE1-AS1,3446
RNA_lncRNA,lncRNA,LINC02048,lncRNA__LINC02048,3447
RNA_lncRNA,lncRNA,LINC02757,lncRNA__LINC02757,3448
RNA_lncRNA,lncRNA,CTBP1-AS,lncRNA__CTBP1-AS,3449
RNA_lncRNA,lncRNA,APOA1-AS,lncRNA__APOA1-AS,3450
RNA_lncRNA,lncRNA,MED8-AS1,lncRNA__MED8-AS1,3451
RNA_lncRNA,lncRNA,SLIT2-IT1,lncRNA__SLIT2-IT1,3452
RNA_lncRNA,lncRNA,PABPC4-AS1,lncRNA__PABPC4-AS1,3453
RNA_lncRNA,lncRNA,CACTIN-AS1,lncRNA__CACTIN-AS1,3454
RNA_lncRNA,lncRNA,LINC02471,lncRNA__LINC02471,3455
RNA_lncRNA,lncRNA,PCCA-AS1,lncRNA__PCCA-AS1,3456
RNA_lncRNA,lncRNA,FAM27E3,lncRNA__FAM27E3,3457
RNA_lncRNA,lncRNA,LINC00501,lncRNA__LINC00501,3458
RNA_lncRNA,lncRNA,LINC02705,lncRNA__LINC02705,3459
RNA_lncRNA,lncRNA,TH2LCRR,lncRNA__TH2LCRR,3460
RNA_lncRNA,lncRNA,DSCR4-IT1,lncRNA__DSCR4-IT1,3461
RNA_lncRNA,lncRNA,LINC02365,lncRNA__LINC02365,3462
RNA_lncRNA,lncRNA,LINC02596,lncRNA__LINC02596,3463
RNA_lncRNA,lncRNA,PABPC5-AS1,lncRNA__PABPC5-AS1,3464
RNA_lncRNA,lncRNA,LINC01479,lncRNA__LINC01479,3465
RNA_lncRNA,lncRNA,FAM53B-AS1,lncRNA__FAM53B-AS1,3466
RNA_lncRNA,lncRNA,MMP2-AS1,lncRNA__MMP2-AS1,3467
RNA_lncRNA,lncRNA,LINC02817,lncRNA__LINC02817,3468
RNA_lncRNA,lncRNA,LINC02296,lncRNA__LINC02296,3469
RNA_lncRNA,lncRNA,VWC2L-IT1,lncRNA__VWC2L-IT1,3470
RNA_lncRNA,lncRNA,LEMD1-DT,lncRNA__LEMD1-DT,3471
RNA_lncRNA,lncRNA,PRKAR1B-AS1,lncRNA__PRKAR1B-AS1,3472
RNA_lncRNA,lncRNA,HPN-AS1,lncRNA__HPN-AS1,3473
RNA_lncRNA,lncRNA,MRPS9-AS1,lncRNA__MRPS9-AS1,3474
RNA_lncRNA,lncRNA,LINC02435,lncRNA__LINC02435,3475
RNA_lncRNA,lncRNA,LINC01087,lncRNA__LINC01087,3476
RNA_lncRNA,lncRNA,OVAAL,lncRNA__OVAAL,3477
RNA_lncRNA,lncRNA,CYP51A1-AS1,lncRNA__CYP51A1-AS1,3478
RNA_lncRNA,lncRNA,STIM1-AS1,lncRNA__STIM1-AS1,3479
RNA_lncRNA,lncRNA,PEX5L-AS2,lncRNA__PEX5L-AS2,3480
RNA_lncRNA,lncRNA,MKNK1-AS1,lncRNA__MKNK1-AS1,3481
RNA_lncRNA,lncRNA,OXCT1-AS1,lncRNA__OXCT1-AS1,3482
RNA_lncRNA,lncRNA,HDAC11-AS1,lncRNA__HDAC11-AS1,3483
RNA_lncRNA,lncRNA,LINC02729,lncRNA__LINC02729,3484
RNA_lncRNA,lncRNA,LINC02639,lncRNA__LINC02639,3485
RNA_lncRNA,lncRNA,PLUT,lncRNA__PLUT,3486
RNA_lncRNA,lncRNA,TBL1XR1-AS1,lncRNA__TBL1XR1-AS1,3487
RNA_lncRNA,lncRNA,LINC02168,lncRNA__LINC02168,3488
RNA_lncRNA,lncRNA,PRR29-AS1,lncRNA__PRR29-AS1,3489
RNA_lncRNA,lncRNA,LINC01908,lncRNA__LINC01908,3490
RNA_lncRNA,lncRNA,LINC01614,lncRNA__LINC01614,3491
RNA_lncRNA,lncRNA,LINC02139,lncRNA__LINC02139,3492
RNA_lncRNA,lncRNA,DNAJB5-DT,lncRNA__DNAJB5-DT,3493
RNA_lncRNA,lncRNA,LINC01541,lncRNA__LINC01541,3494
RNA_lncRNA,lncRNA,SEC61G-DT,lncRNA__SEC61G-DT,3495
RNA_lncRNA,lncRNA,MYO16-AS1,lncRNA__MYO16-AS1,3496
RNA_lncRNA,lncRNA,LINC02827,lncRNA__LINC02827,3497
RNA_lncRNA,lncRNA,LINC00605,lncRNA__LINC00605,3498
RNA_lncRNA,lncRNA,LINC00601,lncRNA__LINC00601,3499
RNA_lncRNA,lncRNA,FGF12-AS2,lncRNA__FGF12-AS2,3500
RNA_lncRNA,lncRNA,LINC01990,lncRNA__LINC01990,3501
RNA_lncRNA,lncRNA,LINC00347,lncRNA__LINC00347,3502
RNA_lncRNA,lncRNA,LINC01396,lncRNA__LINC01396,3503
RNA_lncRNA,lncRNA,LINC02012,lncRNA__LINC02012,3504
RNA_lncRNA,lncRNA,LINC01705,lncRNA__LINC01705,3505
RNA_lncRNA,lncRNA,LINC02149,lncRNA__LINC02149,3506
RNA_lncRNA,lncRNA,PHKA1-AS1,lncRNA__PHKA1-AS1,3507
RNA_lncRNA,lncRNA,MCF2L-AS1,lncRNA__MCF2L-AS1,3508
RNA_lncRNA,lncRNA,LINC02162,lncRNA__LINC02162,3509
RNA_lncRNA,lncRNA,FOCAD-AS1,lncRNA__FOCAD-AS1,3510
RNA_lncRNA,lncRNA,LINC02525,lncRNA__LINC02525,3511
RNA_lncRNA,lncRNA,LINC02667,lncRNA__LINC02667,3512
RNA_lncRNA,lncRNA,BIRC6-AS1,lncRNA__BIRC6-AS1,3513
RNA_lncRNA,lncRNA,MIS18A-AS1,lncRNA__MIS18A-AS1,3514
RNA_lncRNA,lncRNA,LINC02018,lncRNA__LINC02018,3515
RNA_lncRNA,lncRNA,LINC01999,lncRNA__LINC01999,3516
RNA_lncRNA,lncRNA,LINC01912,lncRNA__LINC01912,3517
RNA_lncRNA,lncRNA,DTD1-AS1,lncRNA__DTD1-AS1,3518
RNA_lncRNA,lncRNA,SMAD1-AS2,lncRNA__SMAD1-AS2,3519
RNA_lncRNA,lncRNA,LINC01124,lncRNA__LINC01124,3520
RNA_lncRNA,lncRNA,LINC01106,lncRNA__LINC01106,3521
RNA_lncRNA,lncRNA,IGF2-AS,lncRNA__IGF2-AS,3522
RNA_lncRNA,lncRNA,BLACE,lncRNA__BLACE,3523
RNA_lncRNA,lncRNA,LINC00272,lncRNA__LINC00272,3524
RNA_lncRNA,lncRNA,CFAP58-DT,lncRNA__CFAP58-DT,3525
RNA_lncRNA,lncRNA,KIF1C-AS1,lncRNA__KIF1C-AS1,3526
RNA_lncRNA,lncRNA,GLIS2-AS1,lncRNA__GLIS2-AS1,3527
RNA_lncRNA,lncRNA,DSG1-AS1,lncRNA__DSG1-AS1,3528
RNA_lncRNA,lncRNA,LINC01943,lncRNA__LINC01943,3529
RNA_lncRNA,lncRNA,JARID2-AS1,lncRNA__JARID2-AS1,3530
RNA_lncRNA,lncRNA,LINC00365,lncRNA__LINC00365,3531
RNA_lncRNA,lncRNA,LINC00437,lncRNA__LINC00437,3532
RNA_lncRNA,lncRNA,LINC00398,lncRNA__LINC00398,3533
RNA_lncRNA,lncRNA,LINC00858,lncRNA__LINC00858,3534
RNA_lncRNA,lncRNA,HDAC4-AS1,lncRNA__HDAC4-AS1,3535
RNA_lncRNA,lncRNA,LINC01049,lncRNA__LINC01049,3536
RNA_lncRNA,lncRNA,ERVK-28,lncRNA__ERVK-28,3537
RNA_lncRNA,lncRNA,MAN1B1-DT,lncRNA__MAN1B1-DT,3538
RNA_lncRNA,lncRNA,EP300-AS1,lncRNA__EP300-AS1,3539
RNA_lncRNA,lncRNA,TTLL1-AS1,lncRNA__TTLL1-AS1,3540
RNA_lncRNA,lncRNA,LINC02457,lncRNA__LINC02457,3541
RNA_lncRNA,lncRNA,DENND5B-AS1,lncRNA__DENND5B-AS1,3542
RNA_lncRNA,lncRNA,LINC00528,lncRNA__LINC00528,3543
RNA_lncRNA,lncRNA,LINC00682,lncRNA__LINC00682,3544
RNA_lncRNA,lncRNA,LINC02732,lncRNA__LINC02732,3545
RNA_lncRNA,lncRNA,WT1-AS,lncRNA__WT1-AS,3546
RNA_lncRNA,lncRNA,ADAMTS19-AS1,lncRNA__ADAMTS19-AS1,3547
RNA_lncRNA,lncRNA,COL25A1-DT,lncRNA__COL25A1-DT,3548
RNA_lncRNA,lncRNA,RRN3P2,lncRNA__RRN3P2,3549
RNA_lncRNA,lncRNA,LINC00955,lncRNA__LINC00955,3550
RNA_lncRNA,lncRNA,LINC02336,lncRNA__LINC02336,3551
RNA_lncRNA,lncRNA,LINC02662,lncRNA__LINC02662,3552
RNA_lncRNA,lncRNA,FLNB-AS1,lncRNA__FLNB-AS1,3553
RNA_lncRNA,lncRNA,CCR5AS,lncRNA__CCR5AS,3554
RNA_lncRNA,lncRNA,LINC02094,lncRNA__LINC02094,3555
RNA_lncRNA,lncRNA,FHAD1-AS1,lncRNA__FHAD1-AS1,3556
RNA_lncRNA,lncRNA,ALDH1L1-AS1,lncRNA__ALDH1L1-AS1,3557
RNA_lncRNA,lncRNA,LINC02118,lncRNA__LINC02118,3558
RNA_lncRNA,lncRNA,LINC02174,lncRNA__LINC02174,3559
RNA_lncRNA,lncRNA,CASC18,lncRNA__CASC18,3560
RNA_lncRNA,lncRNA,LINC01276,lncRNA__LINC01276,3561
RNA_lncRNA,lncRNA,CNTN4-AS1,lncRNA__CNTN4-AS1,3562
RNA_lncRNA,lncRNA,ADORA2A-AS1,lncRNA__ADORA2A-AS1,3563
RNA_lncRNA,lncRNA,INE2,lncRNA__INE2,3564
RNA_lncRNA,lncRNA,LINC00603,lncRNA__LINC00603,3565
RNA_lncRNA,lncRNA,RASA3-IT1,lncRNA__RASA3-IT1,3566
RNA_lncRNA,lncRNA,FLJ13224,lncRNA__FLJ13224,3567
RNA_lncRNA,lncRNA,LINC01488,lncRNA__LINC01488,3568
RNA_lncRNA,lncRNA,MYCNOS,lncRNA__MYCNOS,3569
RNA_lncRNA,lncRNA,LINC02569,lncRNA__LINC02569,3570
RNA_lncRNA,lncRNA,LINC01143,lncRNA__LINC01143,3571
RNA_lncRNA,lncRNA,LINC01986,lncRNA__LINC01986,3572
RNA_lncRNA,lncRNA,MIR222HG,lncRNA__MIR222HG,3573
RNA_lncRNA,lncRNA,ABALON,lncRNA__ABALON,3574
RNA_lncRNA,lncRNA,LINC02617,lncRNA__LINC02617,3575
RNA_lncRNA,lncRNA,PHOX2B-AS1,lncRNA__PHOX2B-AS1,3576
RNA_lncRNA,lncRNA,LINC02226,lncRNA__LINC02226,3577
RNA_lncRNA,lncRNA,LINC01856,lncRNA__LINC01856,3578
RNA_lncRNA,lncRNA,LINC02469,lncRNA__LINC02469,3579
RNA_lncRNA,lncRNA,FGF13-AS1,lncRNA__FGF13-AS1,3580
RNA_lncRNA,lncRNA,LINC00896,lncRNA__LINC00896,3581
RNA_lncRNA,lncRNA,CEP250-AS1,lncRNA__CEP250-AS1,3582
RNA_lncRNA,lncRNA,LINC01776,lncRNA__LINC01776,3583
RNA_lncRNA,lncRNA,LINC00581,lncRNA__LINC00581,3584
RNA_lncRNA,lncRNA,FMR1-AS1,lncRNA__FMR1-AS1,3585
RNA_lncRNA,lncRNA,NEUROG2-AS1,lncRNA__NEUROG2-AS1,3586
RNA_lncRNA,lncRNA,LINC02136,lncRNA__LINC02136,3587
RNA_lncRNA,lncRNA,LINC02480,lncRNA__LINC02480,3588
RNA_lncRNA,lncRNA,ST3GAL3-AS1,lncRNA__ST3GAL3-AS1,3589
RNA_lncRNA,lncRNA,LINC02227,lncRNA__LINC02227,3590
RNA_lncRNA,lncRNA,LINC02847,lncRNA__LINC02847,3591
RNA_lncRNA,lncRNA,IGBP1-AS2,lncRNA__IGBP1-AS2,3592
RNA_lncRNA,lncRNA,KCNQ1-AS1,lncRNA__KCNQ1-AS1,3593
RNA_lncRNA,lncRNA,MUC5B-AS1,lncRNA__MUC5B-AS1,3594
RNA_lncRNA,lncRNA,CARNMT1-AS1,lncRNA__CARNMT1-AS1,3595
RNA_lncRNA,lncRNA,LINC01861,lncRNA__LINC01861,3596
RNA_lncRNA,lncRNA,LINC01941,lncRNA__LINC01941,3597
RNA_lncRNA,lncRNA,LINC01509,lncRNA__LINC01509,3598
RNA_lncRNA,lncRNA,LINC00609,lncRNA__LINC00609,3599
RNA_lncRNA,lncRNA,LINC00538,lncRNA__LINC00538,3600
RNA_lncRNA,lncRNA,LINC02736,lncRNA__LINC02736,3601
RNA_lncRNA,lncRNA,LINC02069,lncRNA__LINC02069,3602
RNA_lncRNA,lncRNA,DDX39B-AS1,lncRNA__DDX39B-AS1,3603
RNA_lncRNA,lncRNA,ELAVL4-AS1,lncRNA__ELAVL4-AS1,3604
RNA_lncRNA,lncRNA,FAM85B,lncRNA__FAM85B,3605
RNA_lncRNA,lncRNA,LINC01170,lncRNA__LINC01170,3606
RNA_lncRNA,lncRNA,LINC00160,lncRNA__LINC00160,3607
RNA_lncRNA,lncRNA,LINC02616,lncRNA__LINC02616,3608
RNA_lncRNA,lncRNA,LINC01030,lncRNA__LINC01030,3609
RNA_lncRNA,lncRNA,EFCAB6-AS1,lncRNA__EFCAB6-AS1,3610
RNA_lncRNA,lncRNA,LINC01455,lncRNA__LINC01455,3611
RNA_lncRNA,lncRNA,MGC15885,lncRNA__MGC15885,3612
RNA_lncRNA,lncRNA,MCM8-AS1,lncRNA__MCM8-AS1,3613
RNA_lncRNA,lncRNA,LINC02025,lncRNA__LINC02025,3614
RNA_lncRNA,lncRNA,LINC02477,lncRNA__LINC02477,3615
RNA_lncRNA,lncRNA,CARS1-AS1,lncRNA__CARS1-AS1,3616
RNA_lncRNA,lncRNA,LINC02059,lncRNA__LINC02059,3617
RNA_lncRNA,lncRNA,MDS2,lncRNA__MDS2,3618
RNA_lncRNA,lncRNA,LINC02701,lncRNA__LINC02701,3619
RNA_lncRNA,lncRNA,CERNA1,lncRNA__CERNA1,3620
RNA_lncRNA,lncRNA,F10-AS1,lncRNA__F10-AS1,3621
RNA_lncRNA,lncRNA,FER1L6-AS1,lncRNA__FER1L6-AS1,3622
RNA_lncRNA,lncRNA,L3MBTL4-AS1,lncRNA__L3MBTL4-AS1,3623
RNA_lncRNA,lncRNA,LINC02042,lncRNA__LINC02042,3624
RNA_lncRNA,lncRNA,LINC02388,lncRNA__LINC02388,3625
RNA_lncRNA,lncRNA,LINC01873,lncRNA__LINC01873,3626
RNA_lncRNA,lncRNA,LINC01331,lncRNA__LINC01331,3627
RNA_lncRNA,lncRNA,SNHG28,lncRNA__SNHG28,3628
RNA_lncRNA,lncRNA,LINC01150,lncRNA__LINC01150,3629
RNA_lncRNA,lncRNA,LRP1-AS,lncRNA__LRP1-AS,3630
RNA_lncRNA,lncRNA,LINC01780,lncRNA__LINC01780,3631
RNA_lncRNA,lncRNA,SOX5-AS1,lncRNA__SOX5-AS1,3632
RNA_lncRNA,lncRNA,CDK6-AS1,lncRNA__CDK6-AS1,3633
RNA_lncRNA,lncRNA,LINC00671,lncRNA__LINC00671,3634
RNA_lncRNA,lncRNA,LINC00898,lncRNA__LINC00898,3635
RNA_lncRNA,lncRNA,LINC00920,lncRNA__LINC00920,3636
RNA_lncRNA,lncRNA,LINC01888,lncRNA__LINC01888,3637
RNA_lncRNA,lncRNA,CADM2-AS1,lncRNA__CADM2-AS1,3638
RNA_lncRNA,lncRNA,CCDC140,lncRNA__CCDC140,3639
RNA_lncRNA,lncRNA,LINC02298,lncRNA__LINC02298,3640
RNA_lncRNA,lncRNA,DPYD-AS1,lncRNA__DPYD-AS1,3641
RNA_lncRNA,lncRNA,LINC02599,lncRNA__LINC02599,3642
RNA_lncRNA,lncRNA,LINC00421,lncRNA__LINC00421,3643
RNA_lncRNA,lncRNA,DSCR10,lncRNA__DSCR10,3644
RNA_lncRNA,lncRNA,LINC01708,lncRNA__LINC01708,3645
RNA_lncRNA,lncRNA,COL18A1-AS1,lncRNA__COL18A1-AS1,3646
RNA_lncRNA,lncRNA,ELN-AS1,lncRNA__ELN-AS1,3647
RNA_lncRNA,lncRNA,MIR4300HG,lncRNA__MIR4300HG,3648
RNA_lncRNA,lncRNA,LINC01214,lncRNA__LINC01214,3649
RNA_lncRNA,lncRNA,LINC02645,lncRNA__LINC02645,3650
RNA_lncRNA,lncRNA,LINC02691,lncRNA__LINC02691,3651
RNA_lncRNA,lncRNA,LURAP1L-AS1,lncRNA__LURAP1L-AS1,3652
RNA_lncRNA,lncRNA,LINC02267,lncRNA__LINC02267,3653
RNA_lncRNA,lncRNA,LINC02518,lncRNA__LINC02518,3654
RNA_lncRNA,lncRNA,LINC02536,lncRNA__LINC02536,3655
RNA_lncRNA,lncRNA,LINC01097,lncRNA__LINC01097,3656
RNA_lncRNA,lncRNA,LINC02766,lncRNA__LINC02766,3657
RNA_lncRNA,lncRNA,EGFLAM-AS1,lncRNA__EGFLAM-AS1,3658
RNA_lncRNA,lncRNA,LINC00334,lncRNA__LINC00334,3659
RNA_lncRNA,lncRNA,LINC01770,lncRNA__LINC01770,3660
RNA_lncRNA,lncRNA,NDP-AS1,lncRNA__NDP-AS1,3661
RNA_lncRNA,lncRNA,LINC02225,lncRNA__LINC02225,3662
RNA_lncRNA,lncRNA,SZT2-AS1,lncRNA__SZT2-AS1,3663
RNA_lncRNA,lncRNA,C5ORF34-AS1,lncRNA__C5ORF34-AS1,3664
RNA_lncRNA,lncRNA,HCCAT5,lncRNA__HCCAT5,3665
RNA_lncRNA,lncRNA,LINC01683,lncRNA__LINC01683,3666
RNA_lncRNA,lncRNA,RFX5-AS1,lncRNA__RFX5-AS1,3667
RNA_lncRNA,lncRNA,LINC02487,lncRNA__LINC02487,3668
RNA_lncRNA,lncRNA,SLC14A2-AS1,lncRNA__SLC14A2-AS1,3669
RNA_lncRNA,lncRNA,LINC01237,lncRNA__LINC01237,3670
RNA_lncRNA,lncRNA,LINC00842,lncRNA__LINC00842,3671
RNA_lncRNA,lncRNA,DGUOK-AS1,lncRNA__DGUOK-AS1,3672
RNA_lncRNA,lncRNA,GTSE1-DT,lncRNA__GTSE1-DT,3673
RNA_lncRNA,lncRNA,OSTN-AS1,lncRNA__OSTN-AS1,3674
RNA_lncRNA,lncRNA,LINC02594,lncRNA__LINC02594,3675
RNA_lncRNA,lncRNA,LINC01391,lncRNA__LINC01391,3676
RNA_lncRNA,lncRNA,LINC01450,lncRNA__LINC01450,3677
RNA_lncRNA,lncRNA,LINC02758,lncRNA__LINC02758,3678
RNA_lncRNA,lncRNA,LINC00430,lncRNA__LINC00430,3679
RNA_lncRNA,lncRNA,LINC01843,lncRNA__LINC01843,3680
RNA_lncRNA,lncRNA,CASC9,lncRNA__CASC9,3681
RNA_lncRNA,lncRNA,LINC00845,lncRNA__LINC00845,3682
RNA_lncRNA,lncRNA,SRGAP3-AS4,lncRNA__SRGAP3-AS4,3683
RNA_lncRNA,lncRNA,LINC00494,lncRNA__LINC00494,3684
RNA_lncRNA,lncRNA,FILNC1,lncRNA__FILNC1,3685
RNA_lncRNA,lncRNA,LINC01831,lncRNA__LINC01831,3686
RNA_lncRNA,lncRNA,LINC01398,lncRNA__LINC01398,3687
RNA_lncRNA,lncRNA,NXF5,lncRNA__NXF5,3688
RNA_lncRNA,lncRNA,LINC02794,lncRNA__LINC02794,3689
RNA_lncRNA,lncRNA,LINC02727,lncRNA__LINC02727,3690
RNA_lncRNA,lncRNA,LINC02781,lncRNA__LINC02781,3691
RNA_lncRNA,lncRNA,LINC01269,lncRNA__LINC01269,3692
RNA_lncRNA,lncRNA,LINC02360,lncRNA__LINC02360,3693
RNA_lncRNA,lncRNA,P3H2-AS1,lncRNA__P3H2-AS1,3694
RNA_lncRNA,lncRNA,TAT-AS1,lncRNA__TAT-AS1,3695
RNA_lncRNA,lncRNA,LINC01643,lncRNA__LINC01643,3696
RNA_lncRNA,lncRNA,NAALADL2-AS2,lncRNA__NAALADL2-AS2,3697
RNA_lncRNA,lncRNA,CDR1,lncRNA__CDR1,3698
RNA_lncRNA,lncRNA,LINC01447,lncRNA__LINC01447,3699
RNA_lncRNA,lncRNA,DACT3-AS1,lncRNA__DACT3-AS1,3700
RNA_lncRNA,lncRNA,LINC01609,lncRNA__LINC01609,3701
RNA_lncRNA,lncRNA,HOXA10-AS,lncRNA__HOXA10-AS,3702
RNA_lncRNA,lncRNA,PTCSC1,lncRNA__PTCSC1,3703
RNA_lncRNA,lncRNA,PEX5L-AS1,lncRNA__PEX5L-AS1,3704
RNA_lncRNA,lncRNA,CATIP-AS1,lncRNA__CATIP-AS1,3705
RNA_lncRNA,lncRNA,LINC00628,lncRNA__LINC00628,3706
RNA_lncRNA,lncRNA,FAM30A,lncRNA__FAM30A,3707
RNA_lncRNA,lncRNA,TRAPPC12-AS1,lncRNA__TRAPPC12-AS1,3708
RNA_lncRNA,lncRNA,LINC01275,lncRNA__LINC01275,3709
RNA_lncRNA,lncRNA,FAM230H,lncRNA__FAM230H,3710
RNA_lncRNA,lncRNA,JADRR,lncRNA__JADRR,3711
RNA_lncRNA,lncRNA,IL21R-AS1,lncRNA__IL21R-AS1,3712
RNA_lncRNA,lncRNA,FAM83C-AS1,lncRNA__FAM83C-AS1,3713
RNA_lncRNA,lncRNA,AA06,lncRNA__AA06,3714
RNA_lncRNA,lncRNA,G2E3-AS1,lncRNA__G2E3-AS1,3715
RNA_lncRNA,lncRNA,MIR548XHG,lncRNA__MIR548XHG,3716
RNA_lncRNA,lncRNA,CLMAT3,lncRNA__CLMAT3,3717
RNA_lncRNA,lncRNA,RNU6ATAC35P,lncRNA__RNU6ATAC35P,3718
RNA_lncRNA,lncRNA,SLC12A9-AS1,lncRNA__SLC12A9-AS1,3719
RNA_lncRNA,lncRNA,C6ORF47-AS1,lncRNA__C6ORF47-AS1,3720
RNA_lncRNA,lncRNA,HAR1B,lncRNA__HAR1B,3721
RNA_lncRNA,lncRNA,LINC02874,lncRNA__LINC02874,3722
RNA_lncRNA,lncRNA,BAALC-AS2,lncRNA__BAALC-AS2,3723
RNA_lncRNA,lncRNA,LINC01337,lncRNA__LINC01337,3724
RNA_lncRNA,lncRNA,SNHG27,lncRNA__SNHG27,3725
RNA_lncRNA,lncRNA,LINC01874,lncRNA__LINC01874,3726
RNA_lncRNA,lncRNA,SLC25A48-AS1,lncRNA__SLC25A48-AS1,3727
RNA_lncRNA,lncRNA,LDLRAD4-AS1,lncRNA__LDLRAD4-AS1,3728
RNA_lncRNA,lncRNA,PRKAG2-AS1,lncRNA__PRKAG2-AS1,3729
RNA_lncRNA,lncRNA,RABGAP1L-IT1,lncRNA__RABGAP1L-IT1,3730
RNA_lncRNA,lncRNA,LINC01749,lncRNA__LINC01749,3731
RNA_lncRNA,lncRNA,LINC02810,lncRNA__LINC02810,3732
RNA_lncRNA,lncRNA,CYP4A22-AS1,lncRNA__CYP4A22-AS1,3733
RNA_lncRNA,lncRNA,LINC01511,lncRNA__LINC01511,3734
RNA_lncRNA,lncRNA,MYCL-AS1,lncRNA__MYCL-AS1,3735
RNA_lncRNA,lncRNA,LINC01750,lncRNA__LINC01750,3736
RNA_lncRNA,lncRNA,MAP3K20-AS1,lncRNA__MAP3K20-AS1,3737
RNA_lncRNA,lncRNA,LINC00992,lncRNA__LINC00992,3738
RNA_lncRNA,lncRNA,KIAA0087,lncRNA__KIAA0087,3739
RNA_lncRNA,lncRNA,LINC01671,lncRNA__LINC01671,3740
RNA_lncRNA,lncRNA,LINC01202,lncRNA__LINC01202,3741
RNA_lncRNA,lncRNA,ARSD-AS1,lncRNA__ARSD-AS1,3742
RNA_lncRNA,lncRNA,TMEM252-DT,lncRNA__TMEM252-DT,3743
RNA_lncRNA,lncRNA,VAV3-AS1,lncRNA__VAV3-AS1,3744
RNA_lncRNA,lncRNA,LINC02629,lncRNA__LINC02629,3745
RNA_lncRNA,lncRNA,LINC00485,lncRNA__LINC00485,3746
RNA_lncRNA,lncRNA,EPB41L4A-DT,lncRNA__EPB41L4A-DT,3747
RNA_lncRNA,lncRNA,MIR3659HG,lncRNA__MIR3659HG,3748
RNA_lncRNA,lncRNA,PDE6B-AS1,lncRNA__PDE6B-AS1,3749
RNA_lncRNA,lncRNA,HOXB-AS2,lncRNA__HOXB-AS2,3750
RNA_lncRNA,lncRNA,LINC00596,lncRNA__LINC00596,3751
RNA_lncRNA,lncRNA,LINC02713,lncRNA__LINC02713,3752
RNA_lncRNA,lncRNA,PRNT,lncRNA__PRNT,3753
RNA_lncRNA,lncRNA,LINC00626,lncRNA__LINC00626,3754
RNA_lncRNA,lncRNA,LINC02280,lncRNA__LINC02280,3755
RNA_lncRNA,lncRNA,LINC01449,lncRNA__LINC01449,3756
RNA_lncRNA,lncRNA,LINC01635,lncRNA__LINC01635,3757
RNA_lncRNA,lncRNA,HPYR1,lncRNA__HPYR1,3758
RNA_lncRNA,lncRNA,LINC01412,lncRNA__LINC01412,3759
RNA_lncRNA,lncRNA,LINC02396,lncRNA__LINC02396,3760
RNA_lncRNA,lncRNA,THSD4-AS1,lncRNA__THSD4-AS1,3761
RNA_lncRNA,lncRNA,LINC01271,lncRNA__LINC01271,3762
RNA_lncRNA,lncRNA,HDHD5-AS1,lncRNA__HDHD5-AS1,3763
RNA_lncRNA,lncRNA,ITPRIP-AS1,lncRNA__ITPRIP-AS1,3764
RNA_lncRNA,lncRNA,LINC02416,lncRNA__LINC02416,3765
RNA_lncRNA,lncRNA,JMJD1C-AS1,lncRNA__JMJD1C-AS1,3766
RNA_lncRNA,lncRNA,LINC02723,lncRNA__LINC02723,3767
RNA_lncRNA,lncRNA,LINC00358,lncRNA__LINC00358,3768
RNA_lncRNA,lncRNA,GLIS3-AS1,lncRNA__GLIS3-AS1,3769
RNA_lncRNA,lncRNA,VCAN-AS1,lncRNA__VCAN-AS1,3770
RNA_lncRNA,lncRNA,ZNF503-AS1,lncRNA__ZNF503-AS1,3771
RNA_lncRNA,lncRNA,LINC01654,lncRNA__LINC01654,3772
RNA_lncRNA,lncRNA,LINC01493,lncRNA__LINC01493,3773
RNA_lncRNA,lncRNA,LINC02820,lncRNA__LINC02820,3774
RNA_lncRNA,lncRNA,LINC00555,lncRNA__LINC00555,3775
RNA_lncRNA,lncRNA,LINC02578,lncRNA__LINC02578,3776
RNA_lncRNA,lncRNA,CYMP-AS1,lncRNA__CYMP-AS1,3777
RNA_lncRNA,lncRNA,TMEM18-DT,lncRNA__TMEM18-DT,3778
RNA_lncRNA,lncRNA,CISTR,lncRNA__CISTR,3779
RNA_lncRNA,lncRNA,LINC02549,lncRNA__LINC02549,3780
RNA_lncRNA,lncRNA,PIK3CD-AS2,lncRNA__PIK3CD-AS2,3781
RNA_lncRNA,lncRNA,GLCCI1-DT,lncRNA__GLCCI1-DT,3782
RNA_lncRNA,lncRNA,LINC01487,lncRNA__LINC01487,3783
RNA_lncRNA,lncRNA,LINC02770,lncRNA__LINC02770,3784
RNA_lncRNA,lncRNA,LINGO1-AS1,lncRNA__LINGO1-AS1,3785
RNA_lncRNA,lncRNA,DNAJB8-AS1,lncRNA__DNAJB8-AS1,3786
RNA_lncRNA,lncRNA,LINC02067,lncRNA__LINC02067,3787
RNA_lncRNA,lncRNA,LINC02670,lncRNA__LINC02670,3788
RNA_lncRNA,lncRNA,LINC02259,lncRNA__LINC02259,3789
RNA_lncRNA,lncRNA,LINC02379,lncRNA__LINC02379,3790
RNA_lncRNA,lncRNA,DKFZP434A062,lncRNA__DKFZP434A062,3791
RNA_lncRNA,lncRNA,LINC01858,lncRNA__LINC01858,3792
RNA_lncRNA,lncRNA,PTPRK-AS1,lncRNA__PTPRK-AS1,3793
RNA_lncRNA,lncRNA,SEC23A-AS1,lncRNA__SEC23A-AS1,3794
RNA_lncRNA,lncRNA,TEX26-AS1,lncRNA__TEX26-AS1,3795
RNA_lncRNA,lncRNA,CPNE8-AS1,lncRNA__CPNE8-AS1,3796
RNA_lncRNA,lncRNA,LCT-AS1,lncRNA__LCT-AS1,3797
RNA_lncRNA,lncRNA,DIRC1,lncRNA__DIRC1,3798
RNA_lncRNA,lncRNA,NECTIN4-AS1,lncRNA__NECTIN4-AS1,3799
RNA_lncRNA,lncRNA,LINC02427,lncRNA__LINC02427,3800
RNA_lncRNA,lncRNA,WARS2-IT1,lncRNA__WARS2-IT1,3801
RNA_lncRNA,lncRNA,NCKAP5-AS1,lncRNA__NCKAP5-AS1,3802
RNA_lncRNA,lncRNA,PARP11-AS1,lncRNA__PARP11-AS1,3803
RNA_lncRNA,lncRNA,DNAH17-AS1,lncRNA__DNAH17-AS1,3804
RNA_lncRNA,lncRNA,LINC00905,lncRNA__LINC00905,3805
RNA_lncRNA,lncRNA,LINC01927,lncRNA__LINC01927,3806
RNA_lncRNA,lncRNA,LINC01475,lncRNA__LINC01475,3807
RNA_lncRNA,lncRNA,LINC02390,lncRNA__LINC02390,3808
RNA_lncRNA,lncRNA,LINC02849,lncRNA__LINC02849,3809
RNA_lncRNA,lncRNA,LINC02029,lncRNA__LINC02029,3810
RNA_lncRNA,lncRNA,PTPRN2-AS1,lncRNA__PTPRN2-AS1,3811
RNA_lncRNA,lncRNA,LINC00315,lncRNA__LINC00315,3812
RNA_lncRNA,lncRNA,LINC02157,lncRNA__LINC02157,3813
RNA_lncRNA,lncRNA,LINC01747,lncRNA__LINC01747,3814
RNA_lncRNA,lncRNA,TTTY18,lncRNA__TTTY18,3815
RNA_lncRNA,lncRNA,LINC01595,lncRNA__LINC01595,3816
RNA_lncRNA,lncRNA,MIR181A2HG,lncRNA__MIR181A2HG,3817
RNA_lncRNA,lncRNA,SPTBN1-AS1,lncRNA__SPTBN1-AS1,3818
RNA_lncRNA,lncRNA,ZFY-AS1,lncRNA__ZFY-AS1,3819
RNA_lncRNA,lncRNA,WDR86-AS1,lncRNA__WDR86-AS1,3820
RNA_lncRNA,lncRNA,LINC02855,lncRNA__LINC02855,3821
RNA_lncRNA,lncRNA,LINC02084,lncRNA__LINC02084,3822
RNA_lncRNA,lncRNA,LINC00705,lncRNA__LINC00705,3823
RNA_lncRNA,lncRNA,ELOVL2-AS1,lncRNA__ELOVL2-AS1,3824
RNA_lncRNA,lncRNA,IL1R1-AS1,lncRNA__IL1R1-AS1,3825
RNA_lncRNA,lncRNA,LINC00524,lncRNA__LINC00524,3826
RNA_lncRNA,lncRNA,RBMS3-AS1,lncRNA__RBMS3-AS1,3827
RNA_lncRNA,lncRNA,LINC02190,lncRNA__LINC02190,3828
RNA_lncRNA,lncRNA,LINC02789,lncRNA__LINC02789,3829
RNA_lncRNA,lncRNA,PITPNM2-AS1,lncRNA__PITPNM2-AS1,3830
RNA_lncRNA,lncRNA,LINC01103,lncRNA__LINC01103,3831
RNA_lncRNA,lncRNA,LINC02538,lncRNA__LINC02538,3832
RNA_lncRNA,lncRNA,MEIS1-AS2,lncRNA__MEIS1-AS2,3833
RNA_lncRNA,lncRNA,LINC00544,lncRNA__LINC00544,3834
RNA_lncRNA,lncRNA,LINC00927,lncRNA__LINC00927,3835
RNA_lncRNA,lncRNA,LINC02281,lncRNA__LINC02281,3836
RNA_lncRNA,lncRNA,SGSM3-AS1,lncRNA__SGSM3-AS1,3837
RNA_lncRNA,lncRNA,FAM83A-AS1,lncRNA__FAM83A-AS1,3838
RNA_lncRNA,lncRNA,EPN2-AS1,lncRNA__EPN2-AS1,3839
RNA_lncRNA,lncRNA,LINC01620,lncRNA__LINC01620,3840
RNA_lncRNA,lncRNA,C8ORF34-AS1,lncRNA__C8ORF34-AS1,3841
RNA_lncRNA,lncRNA,MKX-AS1,lncRNA__MKX-AS1,3842
RNA_lncRNA,lncRNA,LINC00996,lncRNA__LINC00996,3843
RNA_lncRNA,lncRNA,LINC01983,lncRNA__LINC01983,3844
RNA_lncRNA,lncRNA,MAGI2-AS1,lncRNA__MAGI2-AS1,3845
RNA_lncRNA,lncRNA,FAM242A,lncRNA__FAM242A,3846
RNA_lncRNA,lncRNA,POTEH-AS1,lncRNA__POTEH-AS1,3847
RNA_lncRNA,lncRNA,AP4B1-AS1,lncRNA__AP4B1-AS1,3848
RNA_lncRNA,lncRNA,LNCSRLR,lncRNA__LNCSRLR,3849
RNA_lncRNA,lncRNA,LINC00547,lncRNA__LINC00547,3850
RNA_lncRNA,lncRNA,FAM242B,lncRNA__FAM242B,3851
RNA_lncRNA,lncRNA,LINC00942,lncRNA__LINC00942,3852
RNA_lncRNA,lncRNA,LINC00345,lncRNA__LINC00345,3853
RNA_lncRNA,lncRNA,LINC02252,lncRNA__LINC02252,3854
RNA_lncRNA,lncRNA,MYO3B-AS1,lncRNA__MYO3B-AS1,3855
RNA_lncRNA,lncRNA,LINC02506,lncRNA__LINC02506,3856
RNA_lncRNA,lncRNA,LINC02173,lncRNA__LINC02173,3857
RNA_lncRNA,lncRNA,ITFG1-AS1,lncRNA__ITFG1-AS1,3858
RNA_lncRNA,lncRNA,LINC02813,lncRNA__LINC02813,3859
RNA_lncRNA,lncRNA,SALRNA3,lncRNA__SALRNA3,3860
RNA_lncRNA,lncRNA,SNED1-AS1,lncRNA__SNED1-AS1,3861
RNA_lncRNA,lncRNA,ZKSCAN7-AS1,lncRNA__ZKSCAN7-AS1,3862
RNA_lncRNA,lncRNA,GHET1,lncRNA__GHET1,3863
RNA_lncRNA,lncRNA,LINC00433,lncRNA__LINC00433,3864
RNA_lncRNA,lncRNA,FARP1-AS1,lncRNA__FARP1-AS1,3865
RNA_lncRNA,lncRNA,GTSCR1,lncRNA__GTSCR1,3866
RNA_lncRNA,lncRNA,INSYN1-AS1,lncRNA__INSYN1-AS1,3867
RNA_lncRNA,lncRNA,LINC01471,lncRNA__LINC01471,3868
RNA_lncRNA,lncRNA,LINC01394,lncRNA__LINC01394,3869
RNA_lncRNA,lncRNA,NANOGP11,lncRNA__NANOGP11,3870
RNA_lncRNA,lncRNA,LINC02389,lncRNA__LINC02389,3871
RNA_lncRNA,lncRNA,LINC02721,lncRNA__LINC02721,3872
RNA_lncRNA,lncRNA,LINC02882,lncRNA__LINC02882,3873
RNA_lncRNA,lncRNA,MIR4422HG,lncRNA__MIR4422HG,3874
RNA_lncRNA,lncRNA,LINC02665,lncRNA__LINC02665,3875
RNA_lncRNA,lncRNA,BOK-AS1,lncRNA__BOK-AS1,3876
RNA_lncRNA,lncRNA,C5ORF67,lncRNA__C5ORF67,3877
RNA_lncRNA,lncRNA,LINC00379,lncRNA__LINC00379,3878
RNA_lncRNA,lncRNA,EGFLAM-AS2,lncRNA__EGFLAM-AS2,3879
RNA_lncRNA,lncRNA,LINC02733,lncRNA__LINC02733,3880
RNA_lncRNA,lncRNA,CTD-2194D22.4,lncRNA__CTD-2194D22.4,3881
RNA_lncRNA,lncRNA,LINC02120,lncRNA__LINC02120,3882
RNA_lncRNA,lncRNA,DLEU2L,lncRNA__DLEU2L,3883
RNA_lncRNA,lncRNA,LINC01997,lncRNA__LINC01997,3884
RNA_lncRNA,lncRNA,MYOSLID,lncRNA__MYOSLID,3885
RNA_lncRNA,lncRNA,FENDRR,lncRNA__FENDRR,3886
RNA_lncRNA,lncRNA,DDC-AS1,lncRNA__DDC-AS1,3887
RNA_lncRNA,lncRNA,LINC00543,lncRNA__LINC00543,3888
RNA_lncRNA,lncRNA,LINC01502,lncRNA__LINC01502,3889
RNA_lncRNA,lncRNA,PPP4R1-AS1,lncRNA__PPP4R1-AS1,3890
RNA_lncRNA,lncRNA,LINC01951,lncRNA__LINC01951,3891
RNA_lncRNA,lncRNA,LINC01508,lncRNA__LINC01508,3892
RNA_lncRNA,lncRNA,STPG3-AS1,lncRNA__STPG3-AS1,3893
RNA_lncRNA,lncRNA,LINC01704,lncRNA__LINC01704,3894
RNA_lncRNA,lncRNA,LINC02324,lncRNA__LINC02324,3895
RNA_lncRNA,lncRNA,UCA1,lncRNA__UCA1,3896
RNA_lncRNA,lncRNA,LINC01339,lncRNA__LINC01339,3897
RNA_lncRNA,lncRNA,RCAN3AS,lncRNA__RCAN3AS,3898
RNA_lncRNA,lncRNA,LINC02087,lncRNA__LINC02087,3899
RNA_lncRNA,lncRNA,LINC01363,lncRNA__LINC01363,3900
RNA_lncRNA,lncRNA,LINC02773,lncRNA__LINC02773,3901
RNA_lncRNA,lncRNA,LINC01937,lncRNA__LINC01937,3902
RNA_lncRNA,lncRNA,LINC02135,lncRNA__LINC02135,3903
RNA_lncRNA,lncRNA,LINC02140,lncRNA__LINC02140,3904
RNA_lncRNA,lncRNA,LINC01967,lncRNA__LINC01967,3905
RNA_lncRNA,lncRNA,LINC02424,lncRNA__LINC02424,3906
RNA_lncRNA,lncRNA,LINC01611,lncRNA__LINC01611,3907
RNA_lncRNA,lncRNA,CNTN4-AS2,lncRNA__CNTN4-AS2,3908
RNA_lncRNA,lncRNA,HOTAIRM1,lncRNA__HOTAIRM1,3909
RNA_lncRNA,lncRNA,LINC01181,lncRNA__LINC01181,3910
RNA_lncRNA,lncRNA,LINC01392,lncRNA__LINC01392,3911
RNA_lncRNA,lncRNA,DST-AS1,lncRNA__DST-AS1,3912
RNA_lncRNA,lncRNA,TMEM132D-AS1,lncRNA__TMEM132D-AS1,3913
RNA_lncRNA,lncRNA,HMMR-AS1,lncRNA__HMMR-AS1,3914
RNA_lncRNA,lncRNA,LINC00411,lncRNA__LINC00411,3915
RNA_lncRNA,lncRNA,LINC02414,lncRNA__LINC02414,3916
RNA_lncRNA,lncRNA,LINC02022,lncRNA__LINC02022,3917
RNA_lncRNA,lncRNA,LINC02513,lncRNA__LINC02513,3918
RNA_lncRNA,lncRNA,LINC00373,lncRNA__LINC00373,3919
RNA_lncRNA,lncRNA,HNF1A-AS1,lncRNA__HNF1A-AS1,3920
RNA_lncRNA,lncRNA,LINC01538,lncRNA__LINC01538,3921
RNA_lncRNA,lncRNA,LHX1-DT,lncRNA__LHX1-DT,3922
RNA_lncRNA,lncRNA,LINC00207,lncRNA__LINC00207,3923
RNA_lncRNA,lncRNA,LINC02765,lncRNA__LINC02765,3924
RNA_lncRNA,lncRNA,LINC02422,lncRNA__LINC02422,3925
RNA_lncRNA,lncRNA,LINC02233,lncRNA__LINC02233,3926
RNA_lncRNA,lncRNA,LINC01282,lncRNA__LINC01282,3927
RNA_lncRNA,lncRNA,TTC39A-AS1,lncRNA__TTC39A-AS1,3928
RNA_lncRNA,lncRNA,LINC01666,lncRNA__LINC01666,3929
RNA_lncRNA,lncRNA,MCHR2-AS1,lncRNA__MCHR2-AS1,3930
RNA_lncRNA,lncRNA,EML2-AS1,lncRNA__EML2-AS1,3931
RNA_lncRNA,lncRNA,TINAG-AS1,lncRNA__TINAG-AS1,3932
RNA_lncRNA,lncRNA,LINC01820,lncRNA__LINC01820,3933
RNA_lncRNA,lncRNA,LINC00658,lncRNA__LINC00658,3934
RNA_lncRNA,lncRNA,LINC01616,lncRNA__LINC01616,3935
RNA_lncRNA,lncRNA,LINC02575,lncRNA__LINC02575,3936
RNA_lncRNA,lncRNA,SLC12A5-AS1,lncRNA__SLC12A5-AS1,3937
RNA_lncRNA,lncRNA,CCDC13-AS1,lncRNA__CCDC13-AS1,3938
RNA_lncRNA,lncRNA,MROCKI,lncRNA__MROCKI,3939
RNA_lncRNA,lncRNA,MAPK10-AS1,lncRNA__MAPK10-AS1,3940
RNA_lncRNA,lncRNA,LINC02262,lncRNA__LINC02262,3941
RNA_lncRNA,lncRNA,LINC02203,lncRNA__LINC02203,3942
RNA_lncRNA,lncRNA,LINC01641,lncRNA__LINC01641,3943
RNA_lncRNA,lncRNA,PACERR,lncRNA__PACERR,3944
RNA_lncRNA,lncRNA,DDR1-DT,lncRNA__DDR1-DT,3945
RNA_lncRNA,lncRNA,FAM66D,lncRNA__FAM66D,3946
RNA_lncRNA,lncRNA,ADGRF5-AS1,lncRNA__ADGRF5-AS1,3947
RNA_lncRNA,lncRNA,LINC01653,lncRNA__LINC01653,3948
RNA_lncRNA,lncRNA,LINC02251,lncRNA__LINC02251,3949
RNA_lncRNA,lncRNA,EAF1-AS1,lncRNA__EAF1-AS1,3950
RNA_lncRNA,lncRNA,GPRACR,lncRNA__GPRACR,3951
RNA_lncRNA,lncRNA,LINC02819,lncRNA__LINC02819,3952
RNA_lncRNA,lncRNA,FBXO3-DT,lncRNA__FBXO3-DT,3953
RNA_lncRNA,lncRNA,LINC00216,lncRNA__LINC00216,3954
RNA_lncRNA,lncRNA,EGOT,lncRNA__EGOT,3955
RNA_lncRNA,lncRNA,GPRC5D-AS1,lncRNA__GPRC5D-AS1,3956
RNA_lncRNA,lncRNA,LINC01289,lncRNA__LINC01289,3957
RNA_lncRNA,lncRNA,LINC02392,lncRNA__LINC02392,3958
RNA_lncRNA,lncRNA,ATP11A-AS1,lncRNA__ATP11A-AS1,3959
RNA_lncRNA,lncRNA,LINC02137,lncRNA__LINC02137,3960
RNA_lncRNA,lncRNA,PALLD-AS1,lncRNA__PALLD-AS1,3961
RNA_lncRNA,lncRNA,LINC01973,lncRNA__LINC01973,3962
RNA_lncRNA,lncRNA,HOTAIR,lncRNA__HOTAIR,3963
RNA_lncRNA,lncRNA,IQCF5-AS1,lncRNA__IQCF5-AS1,3964
RNA_lncRNA,lncRNA,LINC00575,lncRNA__LINC00575,3965
RNA_lncRNA,lncRNA,LINC01111,lncRNA__LINC01111,3966
RNA_lncRNA,lncRNA,LINC01846,lncRNA__LINC01846,3967
RNA_lncRNA,lncRNA,HECW2-AS1,lncRNA__HECW2-AS1,3968
RNA_lncRNA,lncRNA,LINC01960,lncRNA__LINC01960,3969
RNA_lncRNA,lncRNA,RXYLT1-AS1,lncRNA__RXYLT1-AS1,3970
RNA_lncRNA,lncRNA,LINC02792,lncRNA__LINC02792,3971
RNA_lncRNA,lncRNA,LINC01676,lncRNA__LINC01676,3972
RNA_lncRNA,lncRNA,LINC00242,lncRNA__LINC00242,3973
RNA_lncRNA,lncRNA,LINC02746,lncRNA__LINC02746,3974
RNA_lncRNA,lncRNA,DLG1-AS1,lncRNA__DLG1-AS1,3975
RNA_lncRNA,lncRNA,MANCR,lncRNA__MANCR,3976
RNA_lncRNA,lncRNA,LINC01047,lncRNA__LINC01047,3977
RNA_lncRNA,lncRNA,MRTFA-AS1,lncRNA__MRTFA-AS1,3978
RNA_lncRNA,lncRNA,LINC01035,lncRNA__LINC01035,3979
RNA_lncRNA,lncRNA,LINC01091,lncRNA__LINC01091,3980
RNA_lncRNA,lncRNA,LINC01815,lncRNA__LINC01815,3981
RNA_lncRNA,lncRNA,LINC01546,lncRNA__LINC01546,3982
RNA_lncRNA,lncRNA,TLX1NB,lncRNA__TLX1NB,3983
RNA_lncRNA,lncRNA,LINC00570,lncRNA__LINC00570,3984
RNA_lncRNA,lncRNA,RBM5-AS1,lncRNA__RBM5-AS1,3985
RNA_lncRNA,lncRNA,LINC02288,lncRNA__LINC02288,3986
RNA_lncRNA,lncRNA,SDK1-AS1,lncRNA__SDK1-AS1,3987
RNA_lncRNA,lncRNA,TRHDE-AS1,lncRNA__TRHDE-AS1,3988
RNA_lncRNA,lncRNA,LINC01343,lncRNA__LINC01343,3989
RNA_lncRNA,lncRNA,ADGRL3-AS1,lncRNA__ADGRL3-AS1,3990
RNA_lncRNA,lncRNA,DCXR-DT,lncRNA__DCXR-DT,3991
RNA_lncRNA,lncRNA,LINC01826,lncRNA__LINC01826,3992
RNA_lncRNA,lncRNA,LINC01987,lncRNA__LINC01987,3993
RNA_lncRNA,lncRNA,FAM87A,lncRNA__FAM87A,3994
RNA_lncRNA,lncRNA,LINC02008,lncRNA__LINC02008,3995
RNA_lncRNA,lncRNA,SUGCT-AS1,lncRNA__SUGCT-AS1,3996
RNA_lncRNA,lncRNA,AQP4-AS1,lncRNA__AQP4-AS1,3997
RNA_lncRNA,lncRNA,LINC01081,lncRNA__LINC01081,3998
RNA_lncRNA,lncRNA,LINC01252,lncRNA__LINC01252,3999
RNA_lncRNA,lncRNA,LINC02687,lncRNA__LINC02687,4000
smallRNA,smallRNA,SNORD58C_URS00006ADC79,SNORD58C_URS00006ADC79,1
smallRNA,smallRNA,SNORD116-18_URS000075CDDE,SNORD116-18_URS000075CDDE,2
smallRNA,smallRNA,SNORD116-18_URS00006D1413,SNORD116-18_URS00006D1413,3
smallRNA,smallRNA,SNORD103B_URS000075CFA2,SNORD103B_URS000075CFA2,4
smallRNA,smallRNA,SNORD103A_URS000075CFA2,SNORD103A_URS000075CFA2,5
smallRNA,smallRNA,SNORD14D_URS000071EB91,SNORD14D_URS000071EB91,6
smallRNA,smallRNA,SNORD114-20_URS000075E000,SNORD114-20_URS000075E000,7
smallRNA,smallRNA,SNORD68_URS0000714052,SNORD68_URS0000714052,8
smallRNA,smallRNA,SNORD114-20_URS0000690AB9,SNORD114-20_URS0000690AB9,9
smallRNA,smallRNA,tRNA-Und-NNN-4-1,tRNA-Und-NNN-4-1,10
smallRNA,smallRNA,hsa-miR-451a,hsa-miR-451a,11
smallRNA,smallRNA,SNORD115-40_URS0000713B2F,SNORD115-40_URS0000713B2F,12
smallRNA,smallRNA,SNORA73A_URS00004A4D73,SNORA73A_URS00004A4D73,13
smallRNA,smallRNA,hsa-piR-28764_627566,hsa-piR-28764_627566,14
smallRNA,smallRNA,SNORD19_URS0000673CBC,SNORD19_URS0000673CBC,15
smallRNA,smallRNA,hsa-piR-27081_595441,hsa-piR-27081_595441,16
smallRNA,smallRNA,hsa-miR-146b-5p,hsa-miR-146b-5p,17
smallRNA,smallRNA,hsa-piR-23127_440092,hsa-piR-23127_440092,18
smallRNA,smallRNA,hsa-piR-33031_752301,hsa-piR-33031_752301,19
smallRNA,smallRNA,hsa-piR-32913_735910,hsa-piR-32913_735910,20
smallRNA,smallRNA,hsa-piR-5744_774271,hsa-piR-5744_774271,21
smallRNA,smallRNA,hsa-miR-381-3p,hsa-miR-381-3p,22
smallRNA,smallRNA,hsa-piR-33031_752321,hsa-piR-33031_752321,23
smallRNA,smallRNA,hsa-piR-32865_735045,hsa-piR-32865_735045,24
smallRNA,smallRNA,SCARNA4_URS000071234F,SCARNA4_URS000071234F,25
smallRNA,smallRNA,hsa-piR-33031_752312,hsa-piR-33031_752312,26
smallRNA,smallRNA,hsa-piR-33031_752307,hsa-piR-33031_752307,27
smallRNA,smallRNA,hsa-piR-32865_735047,hsa-piR-32865_735047,28
smallRNA,smallRNA,hsa-miR-126-3p,hsa-miR-126-3p,29
smallRNA,smallRNA,SNORD36B_URS0000687979,SNORD36B_URS0000687979,30
smallRNA,smallRNA,hsa-piR-33048_752419,hsa-piR-33048_752419,31
smallRNA,smallRNA,hsa-miR-379-5p,hsa-miR-379-5p,32
smallRNA,smallRNA,SNORD51_URS000004E6C0,SNORD51_URS000004E6C0,33
smallRNA,smallRNA,hsa-piR-1091_16642,hsa-piR-1091_16642,34
smallRNA,smallRNA,hsa-miR-101-3p,hsa-miR-101-3p,35
smallRNA,smallRNA,hsa-piR-33031_752305,hsa-piR-33031_752305,36
smallRNA,smallRNA,hsa-piR-32913_735924,hsa-piR-32913_735924,37
smallRNA,smallRNA,hsa-piR-32927_743195,hsa-piR-32927_743195,38
smallRNA,smallRNA,hsa-piR-32865_735046,hsa-piR-32865_735046,39
smallRNA,smallRNA,hsa-miR-493-3p,hsa-miR-493-3p,40
smallRNA,smallRNA,hsa-piR-33076_752460,hsa-piR-33076_752460,41
smallRNA,smallRNA,hsa-miR-499a-5p,hsa-miR-499a-5p,42
smallRNA,smallRNA,hsa-miR-148a-3p,hsa-miR-148a-3p,43
smallRNA,smallRNA,hsa-piR-33031_752304,hsa-piR-33031_752304,44
smallRNA,smallRNA,SCARNA3_URS0000648DBA,SCARNA3_URS0000648DBA,45
smallRNA,smallRNA,SNORD111B_URS000075BD61,SNORD111B_URS000075BD61,46
smallRNA,smallRNA,hsa-piR-32913_735925,hsa-piR-32913_735925,47
smallRNA,smallRNA,hsa-piR-33031_752319,hsa-piR-33031_752319,48
smallRNA,smallRNA,hsa-piR-414_763304,hsa-piR-414_763304,49
smallRNA,smallRNA,SNORD12C_URS0000359B05,SNORD12C_URS0000359B05,50
smallRNA,smallRNA,hsa-piR-32913_735908,hsa-piR-32913_735908,51
smallRNA,smallRNA,hsa-piR-33031_752309,hsa-piR-33031_752309,52
smallRNA,smallRNA,hsa-piR-32913_735914,hsa-piR-32913_735914,53
smallRNA,smallRNA,hsa-piR-33112_752509,hsa-piR-33112_752509,54
smallRNA,smallRNA,hsa-miR-223-3p,hsa-miR-223-3p,55
smallRNA,smallRNA,hsa-piR-33031_752318,hsa-piR-33031_752318,56
smallRNA,smallRNA,hsa-miR-199b-5p,hsa-miR-199b-5p,57
smallRNA,smallRNA,hsa-piR-25627_570747,hsa-piR-25627_570747,58
smallRNA,smallRNA,hsa-piR-33057_752431,hsa-piR-33057_752431,59
smallRNA,smallRNA,hsa-piR-33031_752315,hsa-piR-33031_752315,60
smallRNA,smallRNA,hsa-piR-33031_752302,hsa-piR-33031_752302,61
smallRNA,smallRNA,hsa-miR-495-3p,hsa-miR-495-3p,62
smallRNA,smallRNA,SNORD76_URS0000830339,SNORD76_URS0000830339,63
smallRNA,smallRNA,hsa-piR-32913_735912,hsa-piR-32913_735912,64
smallRNA,smallRNA,hsa-miR-21-5p,hsa-miR-21-5p,65
smallRNA,smallRNA,hsa-miR-195-5p,hsa-miR-195-5p,66
smallRNA,smallRNA,hsa-miR-122-5p,hsa-miR-122-5p,67
smallRNA,smallRNA,hsa-miR-218-5p,hsa-miR-218-5p,68
smallRNA,smallRNA,hsa-piR-32865_735040,hsa-piR-32865_735040,69
smallRNA,smallRNA,SNORD123_URS000075A19D,SNORD123_URS000075A19D,70
smallRNA,smallRNA,hsa-piR-33057_752430,hsa-piR-33057_752430,71
smallRNA,smallRNA,hsa-piR-20492_291463,hsa-piR-20492_291463,72
smallRNA,smallRNA,hsa-piR-414_763301,hsa-piR-414_763301,73
smallRNA,smallRNA,hsa-piR-33057_752429,hsa-piR-33057_752429,74
smallRNA,smallRNA,SNORD11B_URS000075ED7D,SNORD11B_URS000075ED7D,75
smallRNA,smallRNA,hsa-piR-32913_735921,hsa-piR-32913_735921,76
smallRNA,smallRNA,SCARNA9L1_URS00008142CF,SCARNA9L1_URS00008142CF,77
smallRNA,smallRNA,hsa-piR-12654_45866,hsa-piR-12654_45866,78
smallRNA,smallRNA,hsa-piR-32845_734843,hsa-piR-32845_734843,79
smallRNA,smallRNA,hsa-piR-23020_439896,hsa-piR-23020_439896,80
smallRNA,smallRNA,hsa-piR-1911_208229,hsa-piR-1911_208229,81
smallRNA,smallRNA,hsa-miR-192-5p,hsa-miR-192-5p,82
smallRNA,smallRNA,SNORA75_URS00004640CB,SNORA75_URS00004640CB,83
smallRNA,smallRNA,hsa-piR-33031_752313,hsa-piR-33031_752313,84
smallRNA,smallRNA,hsa-piR-32913_735917,hsa-piR-32913_735917,85
smallRNA,smallRNA,hsa-piR-12654_45864,hsa-piR-12654_45864,86
smallRNA,smallRNA,hsa-piR-33048_752418,hsa-piR-33048_752418,87
smallRNA,smallRNA,hsa-piR-32913_735926,hsa-piR-32913_735926,88
smallRNA,smallRNA,hsa-piR-32913_735920,hsa-piR-32913_735920,89
smallRNA,smallRNA,hsa-miR-140-5p,hsa-miR-140-5p,90
smallRNA,smallRNA,hsa-piR-32865_735044,hsa-piR-32865_735044,91
smallRNA,smallRNA,hsa-piR-33165_752567,hsa-piR-33165_752567,92
smallRNA,smallRNA,SNORD145_URS0000ABD825,SNORD145_URS0000ABD825,93
smallRNA,smallRNA,hsa-piR-27435_596272,hsa-piR-27435_596272,94
smallRNA,smallRNA,hsa-miR-182-5p,hsa-miR-182-5p,95
smallRNA,smallRNA,tRNA-Cys-GCA-11-1,tRNA-Cys-GCA-11-1,96
smallRNA,smallRNA,SNORD76_URS0000361A8E,SNORD76_URS0000361A8E,97
smallRNA,smallRNA,hsa-miR-503-5p,hsa-miR-503-5p,98
smallRNA,smallRNA,hsa-piR-33048_752416,hsa-piR-33048_752416,99
smallRNA,smallRNA,hsa-piR-32864_735032,hsa-piR-32864_735032,100
smallRNA,smallRNA,hsa-piR-1091_16644,hsa-piR-1091_16644,101
smallRNA,smallRNA,hsa-miR-98-5p,hsa-miR-98-5p,102
smallRNA,smallRNA,hsa-piR-33031_752310,hsa-piR-33031_752310,103
smallRNA,smallRNA,hsa-miR-511-5p,hsa-miR-511-5p,104
smallRNA,smallRNA,hsa-piR-33031_752316,hsa-piR-33031_752316,105
smallRNA,smallRNA,hsa-piR-33120_752518,hsa-piR-33120_752518,106
smallRNA,smallRNA,hsa-piR-32913_735915,hsa-piR-32913_735915,107
smallRNA,smallRNA,hsa-piR-32913_735911,hsa-piR-32913_735911,108
smallRNA,smallRNA,hsa-miR-214-5p,hsa-miR-214-5p,109
smallRNA,smallRNA,tRNA-Cys-GCA-13-1,tRNA-Cys-GCA-13-1,110
smallRNA,smallRNA,SNODB2077_URS0000EFB93E,SNODB2077_URS0000EFB93E,111
smallRNA,smallRNA,hsa-piR-32913_735922,hsa-piR-32913_735922,112
smallRNA,smallRNA,snoU2_19_URS0000716A37,snoU2_19_URS0000716A37,113
smallRNA,smallRNA,hsa-miR-411-5p,hsa-miR-411-5p,114
smallRNA,smallRNA,hsa-piR-32864_735030,hsa-piR-32864_735030,115
smallRNA,smallRNA,hsa-piR-12654_45867,hsa-piR-12654_45867,116
smallRNA,smallRNA,hsa-piR-414_763302,hsa-piR-414_763302,117
smallRNA,smallRNA,hsa-miR-337-3p,hsa-miR-337-3p,118
smallRNA,smallRNA,hsa-miR-122b-5p,hsa-miR-122b-5p,119
smallRNA,smallRNA,hsa-piR-26626_575110,hsa-piR-26626_575110,120
smallRNA,smallRNA,hsa-piR-32865_735049,hsa-piR-32865_735049,121
smallRNA,smallRNA,hsa-piR-33048_752417,hsa-piR-33048_752417,122
smallRNA,smallRNA,hsa-let-7f-5p,hsa-let-7f-5p,123
smallRNA,smallRNA,hsa-piR-32913_735927,hsa-piR-32913_735927,124
smallRNA,smallRNA,hsa-miR-4661-5p,hsa-miR-4661-5p,125
smallRNA,smallRNA,SNORD115-8_URS00003707F2,SNORD115-8_URS00003707F2,126
smallRNA,smallRNA,hsa-piR-20492_291464,hsa-piR-20492_291464,127
smallRNA,smallRNA,hsa-piR-33031_752308,hsa-piR-33031_752308,128
smallRNA,smallRNA,hsa-piR-32913_735913,hsa-piR-32913_735913,129
smallRNA,smallRNA,hsa-miR-15b-3p,hsa-miR-15b-3p,130
smallRNA,smallRNA,hsa-piR-20492_291465,hsa-piR-20492_291465,131
smallRNA,smallRNA,hsa-piR-25987_572571,hsa-piR-25987_572571,132
smallRNA,smallRNA,hsa-piR-32865_735043,hsa-piR-32865_735043,133
smallRNA,smallRNA,hsa-piR-1911_208228,hsa-piR-1911_208228,134
smallRNA,smallRNA,tRNA-Val-CAC-2-1,tRNA-Val-CAC-2-1,135
smallRNA,smallRNA,hsa-miR-132-5p,hsa-miR-132-5p,136
smallRNA,smallRNA,hsa-piR-32845_734845,hsa-piR-32845_734845,137
smallRNA,smallRNA,hsa-piR-32931_743203,hsa-piR-32931_743203,138
smallRNA,smallRNA,hsa-piR-33171_752575,hsa-piR-33171_752575,139
smallRNA,smallRNA,hsa-piR-1091_16643,hsa-piR-1091_16643,140
smallRNA,smallRNA,hsa-miR-335-3p,hsa-miR-335-3p,141
smallRNA,smallRNA,hsa-piR-33031_752314,hsa-piR-33031_752314,142
smallRNA,smallRNA,hsa-piR-32913_735909,hsa-piR-32913_735909,143
smallRNA,smallRNA,hsa-piR-1028_11267,hsa-piR-1028_11267,144
smallRNA,smallRNA,tRNA-Cys-GCA-6-1,tRNA-Cys-GCA-6-1,145
smallRNA,smallRNA,SCARNA15_URS00005172B7,SCARNA15_URS00005172B7,146
smallRNA,smallRNA,hsa-piR-10942_17102,hsa-piR-10942_17102,147
smallRNA,smallRNA,hsa-piR-33031_752317,hsa-piR-33031_752317,148
smallRNA,smallRNA,hsa-miR-155-5p,hsa-miR-155-5p,149
smallRNA,smallRNA,hsa-miR-370-3p,hsa-miR-370-3p,150
smallRNA,smallRNA,SNORA14A_URS0000481B37,SNORA14A_URS0000481B37,151
smallRNA,smallRNA,SNORD18A_URS0000651CAB,SNORD18A_URS0000651CAB,152
smallRNA,smallRNA,hsa-piR-32915_735937,hsa-piR-32915_735937,153
smallRNA,smallRNA,hsa-miR-146a-5p,hsa-miR-146a-5p,154
smallRNA,smallRNA,SNORA74B_URS000000D517,SNORA74B_URS000000D517,155
smallRNA,smallRNA,tRNA-Gly-CCC-4-1,tRNA-Gly-CCC-4-1,156
smallRNA,smallRNA,hsa-piR-32913_735923,hsa-piR-32913_735923,157
smallRNA,smallRNA,hsa-piR-33031_752303,hsa-piR-33031_752303,158
smallRNA,smallRNA,tRNA-Cys-GCA-9-4,tRNA-Cys-GCA-9-4,159
smallRNA,smallRNA,tRNA-Cys-GCA-10-1,tRNA-Cys-GCA-10-1,160
smallRNA,smallRNA,hsa-piR-33031_752311,hsa-piR-33031_752311,161
smallRNA,smallRNA,hsa-piR-33031_752320,hsa-piR-33031_752320,162
smallRNA,smallRNA,hsa-piR-32913_735906,hsa-piR-32913_735906,163
smallRNA,smallRNA,hsa-piR-3440_757359,hsa-piR-3440_757359,164
smallRNA,smallRNA,hsa-miR-338-5p,hsa-miR-338-5p,165
smallRNA,smallRNA,SNORD113-5_URS000075D546,SNORD113-5_URS000075D546,166
smallRNA,smallRNA,hsa-piR-32845_734846,hsa-piR-32845_734846,167
smallRNA,smallRNA,hsa-let-7i-5p,hsa-let-7i-5p,168
smallRNA,smallRNA,hsa-piR-26626_575112,hsa-piR-26626_575112,169
smallRNA,smallRNA,hsa-miR-224-5p,hsa-miR-224-5p,170
smallRNA,smallRNA,hsa-piR-414_763303,hsa-piR-414_763303,171
smallRNA,smallRNA,hsa-piR-10942_17103,hsa-piR-10942_17103,172
smallRNA,smallRNA,hsa-miR-340-5p,hsa-miR-340-5p,173
smallRNA,smallRNA,SNORD113-5_URS0000661285,SNORD113-5_URS0000661285,174
smallRNA,smallRNA,hsa-miR-4485-3p,hsa-miR-4485-3p,175
smallRNA,smallRNA,hsa-piR-11621_21932,hsa-piR-11621_21932,176
smallRNA,smallRNA,hsa-miR-183-5p,hsa-miR-183-5p,177
smallRNA,smallRNA,hsa-piR-33175_752579,hsa-piR-33175_752579,178
smallRNA,smallRNA,hsa-piR-32865_735050,hsa-piR-32865_735050,179
smallRNA,smallRNA,hsa-miR-374b-5p,hsa-miR-374b-5p,180
smallRNA,smallRNA,hsa-piR-1911_208226,hsa-piR-1911_208226,181
smallRNA,smallRNA,hsa-miR-493-5p,hsa-miR-493-5p,182
smallRNA,smallRNA,hsa-piR-10942_17101,hsa-piR-10942_17101,183
smallRNA,smallRNA,tRNA-Cys-GCA-15-1,tRNA-Cys-GCA-15-1,184
smallRNA,smallRNA,hsa-piR-32913_735905,hsa-piR-32913_735905,185
smallRNA,smallRNA,hsa-piR-3440_757358,hsa-piR-3440_757358,186
smallRNA,smallRNA,SNORA14A_URS00006C8B95,SNORA14A_URS00006C8B95,187
smallRNA,smallRNA,hsa-miR-96-5p,hsa-miR-96-5p,188
smallRNA,smallRNA,hsa-piR-32864_735034,hsa-piR-32864_735034,189
smallRNA,smallRNA,hsa-piR-33181_752589,hsa-piR-33181_752589,190
smallRNA,smallRNA,hsa-miR-152-3p,hsa-miR-152-3p,191
smallRNA,smallRNA,hsa-piR-28276_625748,hsa-piR-28276_625748,192
smallRNA,smallRNA,tRNA-Cys-GCA-14-1,tRNA-Cys-GCA-14-1,193
smallRNA,smallRNA,hsa-miR-363-3p,hsa-miR-363-3p,194
smallRNA,smallRNA,hsa-miR-7-5p,hsa-miR-7-5p,195
smallRNA,smallRNA,hsa-piR-12654_45868,hsa-piR-12654_45868,196
smallRNA,smallRNA,tRNA-His-GTG-1-3,tRNA-His-GTG-1-3,197
smallRNA,smallRNA,hsa-piR-20492_291466,hsa-piR-20492_291466,198
smallRNA,smallRNA,hsa-piR-27080_595437,hsa-piR-27080_595437,199
smallRNA,smallRNA,hsa-miR-3615,hsa-miR-3615,200
smallRNA,smallRNA,hsa-piR-1911_208227,hsa-piR-1911_208227,201
smallRNA,smallRNA,hsa-piR-26626_575108,hsa-piR-26626_575108,202
smallRNA,smallRNA,hsa-piR-12654_45865,hsa-piR-12654_45865,203
smallRNA,smallRNA,hsa-piR-27435_596268,hsa-piR-27435_596268,204
smallRNA,smallRNA,hsa-miR-148a-5p,hsa-miR-148a-5p,205
smallRNA,smallRNA,hsa-miR-1226-3p,hsa-miR-1226-3p,206
smallRNA,smallRNA,hsa-miR-29c-3p,hsa-miR-29c-3p,207
smallRNA,smallRNA,hsa-piR-3185_659730,hsa-piR-3185_659730,208
smallRNA,smallRNA,hsa-miR-382-5p,hsa-miR-382-5p,209
smallRNA,smallRNA,hsa-miR-143-3p,hsa-miR-143-3p,210
smallRNA,smallRNA,hsa-piR-427_764104,hsa-piR-427_764104,211
smallRNA,smallRNA,hsa-piR-28278_625758,hsa-piR-28278_625758,212
smallRNA,smallRNA,hsa-piR-32931_743202,hsa-piR-32931_743202,213
smallRNA,smallRNA,hsa-miR-9-5p,hsa-miR-9-5p,214
smallRNA,smallRNA,hsa-let-7g-5p,hsa-let-7g-5p,215
smallRNA,smallRNA,hsa-piR-26626_575111,hsa-piR-26626_575111,216
smallRNA,smallRNA,hsa-piR-32899_735176,hsa-piR-32899_735176,217
smallRNA,smallRNA,hsa-piR-1901_205338,hsa-piR-1901_205338,218
smallRNA,smallRNA,SNORD115-21_URS00000F4646,SNORD115-21_URS00000F4646,219
smallRNA,smallRNA,SNORD3A_URS00005A4CE1,SNORD3A_URS00005A4CE1,220
smallRNA,smallRNA,hsa-piR-32899_735174,hsa-piR-32899_735174,221
smallRNA,smallRNA,hsa-piR-3440_757356,hsa-piR-3440_757356,222
smallRNA,smallRNA,hsa-miR-424-3p,hsa-miR-424-3p,223
smallRNA,smallRNA,hsa-piR-3185_659731,hsa-piR-3185_659731,224
smallRNA,smallRNA,SNORD3B-2_URS0000A9F9BD,SNORD3B-2_URS0000A9F9BD,225
smallRNA,smallRNA,hsa-piR-32158_692419,hsa-piR-32158_692419,226
smallRNA,smallRNA,hsa-miR-190b-5p,hsa-miR-190b-5p,227
smallRNA,smallRNA,hsa-piR-27080_595439,hsa-piR-27080_595439,228
smallRNA,smallRNA,hsa-piR-427_764103,hsa-piR-427_764103,229
smallRNA,smallRNA,hsa-miR-144-5p,hsa-miR-144-5p,230
smallRNA,smallRNA,hsa-piR-33031_752306,hsa-piR-33031_752306,231
smallRNA,smallRNA,hsa-piR-32158_692422,hsa-piR-32158_692422,232
smallRNA,smallRNA,SNORD121A_URS000075D829,SNORD121A_URS000075D829,233
smallRNA,smallRNA,SNORD19_URS0000A90AA7,SNORD19_URS0000A90AA7,234
smallRNA,smallRNA,hsa-piR-32913_735919,hsa-piR-32913_735919,235
smallRNA,smallRNA,hsa-piR-28278_625759,hsa-piR-28278_625759,236
smallRNA,smallRNA,hsa-miR-10b-5p,hsa-miR-10b-5p,237
smallRNA,smallRNA,SCARNA4_URS00005C0742,SCARNA4_URS00005C0742,238
smallRNA,smallRNA,hsa-piR-32864_735029,hsa-piR-32864_735029,239
smallRNA,smallRNA,hsa-miR-3148,hsa-miR-3148,240
smallRNA,smallRNA,hsa-piR-3440_757355,hsa-piR-3440_757355,241
smallRNA,smallRNA,SNORD3B-1_URS0000AA83E0,SNORD3B-1_URS0000AA83E0,242
smallRNA,smallRNA,hsa-miR-618,hsa-miR-618,243
smallRNA,smallRNA,hsa-miR-377-5p,hsa-miR-377-5p,244
smallRNA,smallRNA,hsa-piR-27198_595731,hsa-piR-27198_595731,245
smallRNA,smallRNA,hsa-miR-340-3p,hsa-miR-340-3p,246
smallRNA,smallRNA,SNORD115-37_URS00006EED37,SNORD115-37_URS00006EED37,247
smallRNA,smallRNA,tRNA-His-GTG-1-9,tRNA-His-GTG-1-9,248
smallRNA,smallRNA,hsa-miR-204-5p,hsa-miR-204-5p,249
smallRNA,smallRNA,hsa-miR-27a-5p,hsa-miR-27a-5p,250
smallRNA,smallRNA,tRNA-Cys-GCA-9-2,tRNA-Cys-GCA-9-2,251
smallRNA,smallRNA,hsa-miR-34a-5p,hsa-miR-34a-5p,252
smallRNA,smallRNA,SNORA72_URS000042BEC6,SNORA72_URS000042BEC6,253
smallRNA,smallRNA,hsa-miR-629-5p,hsa-miR-629-5p,254
smallRNA,smallRNA,hsa-miR-181a-3p,hsa-miR-181a-3p,255
smallRNA,smallRNA,hsa-miR-5698,hsa-miR-5698,256
smallRNA,smallRNA,tRNA-Cys-GCA-19-1,tRNA-Cys-GCA-19-1,257
smallRNA,smallRNA,hsa-piR-26626_575109,hsa-piR-26626_575109,258
smallRNA,smallRNA,hsa-miR-543,hsa-miR-543,259
smallRNA,smallRNA,hsa-piR-3185_659732,hsa-piR-3185_659732,260
smallRNA,smallRNA,hsa-piR-427_764102,hsa-piR-427_764102,261
smallRNA,smallRNA,SNORD116-13_URS000063EF58,SNORD116-13_URS000063EF58,262
smallRNA,smallRNA,tRNA-Gly-GCC-1-3,tRNA-Gly-GCC-1-3,263
smallRNA,smallRNA,hsa-piR-28271_625733,hsa-piR-28271_625733,264
smallRNA,smallRNA,hsa-piR-1901_205333,hsa-piR-1901_205333,265
smallRNA,smallRNA,hsa-piR-3440_757357,hsa-piR-3440_757357,266
smallRNA,smallRNA,hsa-piR-32913_735918,hsa-piR-32913_735918,267
smallRNA,smallRNA,hsa-piR-27080_595438,hsa-piR-27080_595438,268
smallRNA,smallRNA,SNORD115-31_URS00003357E8,SNORD115-31_URS00003357E8,269
smallRNA,smallRNA,tRNA-Gly-GCC-1-4,tRNA-Gly-GCC-1-4,270
smallRNA,smallRNA,hsa-piR-1091_16641,hsa-piR-1091_16641,271
smallRNA,smallRNA,hsa-miR-10a-3p,hsa-miR-10a-3p,272
smallRNA,smallRNA,hsa-piR-32976_744093,hsa-piR-32976_744093,273
smallRNA,smallRNA,hsa-piR-32865_735048,hsa-piR-32865_735048,274
smallRNA,smallRNA,hsa-miR-194-5p,hsa-miR-194-5p,275
smallRNA,smallRNA,tRNA-Gly-GCC-1-2,tRNA-Gly-GCC-1-2,276
smallRNA,smallRNA,hsa-piR-32865_735052,hsa-piR-32865_735052,277
smallRNA,smallRNA,tRNA-Pro-TGG-3-2,tRNA-Pro-TGG-3-2,278
smallRNA,smallRNA,hsa-piR-33090_752480,hsa-piR-33090_752480,279
smallRNA,smallRNA,hsa-piR-32899_735179,hsa-piR-32899_735179,280
smallRNA,smallRNA,hsa-miR-16-5p,hsa-miR-16-5p,281
smallRNA,smallRNA,hsa-piR-32913_735907,hsa-piR-32913_735907,282
smallRNA,smallRNA,hsa-piR-32899_735177,hsa-piR-32899_735177,283
smallRNA,smallRNA,hsa-miR-369-5p,hsa-miR-369-5p,284
smallRNA,smallRNA,hsa-miR-1249-3p,hsa-miR-1249-3p,285
smallRNA,smallRNA,hsa-piR-427_764105,hsa-piR-427_764105,286
smallRNA,smallRNA,hsa-piR-1056_12504,hsa-piR-1056_12504,287
smallRNA,smallRNA,hsa-miR-483-3p,hsa-miR-483-3p,288
smallRNA,smallRNA,hsa-piR-1056_12506,hsa-piR-1056_12506,289
smallRNA,smallRNA,hsa-piR-601_774895,hsa-piR-601_774895,290
smallRNA,smallRNA,hsa-miR-26b-5p,hsa-miR-26b-5p,291
smallRNA,smallRNA,hsa-piR-32899_735178,hsa-piR-32899_735178,292
smallRNA,smallRNA,hsa-miR-424-5p,hsa-miR-424-5p,293
smallRNA,smallRNA,hsa-miR-615-3p,hsa-miR-615-3p,294
smallRNA,smallRNA,tRNA-Gly-GCC-1-1,tRNA-Gly-GCC-1-1,295
smallRNA,smallRNA,hsa-miR-10a-5p,hsa-miR-10a-5p,296
smallRNA,smallRNA,hsa-miR-15a-5p,hsa-miR-15a-5p,297
smallRNA,smallRNA,hsa-miR-126-5p,hsa-miR-126-5p,298
smallRNA,smallRNA,hsa-piR-28765_627567,hsa-piR-28765_627567,299
smallRNA,smallRNA,hsa-miR-200b-3p,hsa-miR-200b-3p,300
smallRNA,smallRNA,tRX-Gly-NNN-1-2,tRX-Gly-NNN-1-2,301
smallRNA,smallRNA,hsa-piR-28096_601043,hsa-piR-28096_601043,302
smallRNA,smallRNA,hsa-miR-99a-5p,hsa-miR-99a-5p,303
smallRNA,smallRNA,hsa-piR-28271_625735,hsa-piR-28271_625735,304
smallRNA,smallRNA,hsa-piR-32960_744042,hsa-piR-32960_744042,305
smallRNA,smallRNA,tRNA-His-GTG-1-8,tRNA-His-GTG-1-8,306
smallRNA,smallRNA,hsa-piR-32919_735943,hsa-piR-32919_735943,307
smallRNA,smallRNA,hsa-piR-28271_625732,hsa-piR-28271_625732,308
smallRNA,smallRNA,tRNA-Ala-AGC-2-2,tRNA-Ala-AGC-2-2,309
smallRNA,smallRNA,hsa-piR-32842_734837,hsa-piR-32842_734837,310
smallRNA,smallRNA,hsa-piR-33100_752494,hsa-piR-33100_752494,311
smallRNA,smallRNA,SNORD116-21_URS000075AF3E,SNORD116-21_URS000075AF3E,312
smallRNA,smallRNA,hsa-piR-3185_659729,hsa-piR-3185_659729,313
smallRNA,smallRNA,hsa-piR-33117_752514,hsa-piR-33117_752514,314
smallRNA,smallRNA,hsa-miR-758-3p,hsa-miR-758-3p,315
smallRNA,smallRNA,hsa-piR-32864_735025,hsa-piR-32864_735025,316
smallRNA,smallRNA,hsa-miR-20b-5p,hsa-miR-20b-5p,317
smallRNA,smallRNA,hsa-piR-32871_735060,hsa-piR-32871_735060,318
smallRNA,smallRNA,hsa-piR-32864_735031,hsa-piR-32864_735031,319
smallRNA,smallRNA,snoU2-30_URS00006CFD5E,snoU2-30_URS00006CFD5E,320
smallRNA,smallRNA,hsa-piR-28172_625444,hsa-piR-28172_625444,321
smallRNA,smallRNA,SNORD81_URS000067CDA6,SNORD81_URS000067CDA6,322
smallRNA,smallRNA,tRNA-Pro-AGG-2-3,tRNA-Pro-AGG-2-3,323
smallRNA,smallRNA,tRNA-Cys-GCA-8-1,tRNA-Cys-GCA-8-1,324
smallRNA,smallRNA,SNORD3C_URS00003C5431,SNORD3C_URS00003C5431,325
smallRNA,smallRNA,tRNA-Pro-TGG-3-1,tRNA-Pro-TGG-3-1,326
smallRNA,smallRNA,hsa-miR-145-3p,hsa-miR-145-3p,327
smallRNA,smallRNA,hsa-piR-32993_744233,hsa-piR-32993_744233,328
smallRNA,smallRNA,SNORD36A_URS000061A537,SNORD36A_URS000061A537,329
smallRNA,smallRNA,hsa-piR-27080_595440,hsa-piR-27080_595440,330
smallRNA,smallRNA,hsa-piR-33041_752353,hsa-piR-33041_752353,331
smallRNA,smallRNA,tRNA-His-GTG-1-6,tRNA-His-GTG-1-6,332
smallRNA,smallRNA,SNORA65_URS00008159A6,SNORA65_URS00008159A6,333
smallRNA,smallRNA,hsa-miR-196a-5p,hsa-miR-196a-5p,334
smallRNA,smallRNA,tRNA-Gly-GCC-1-5,tRNA-Gly-GCC-1-5,335
smallRNA,smallRNA,SNORD115-3_URS0000644A2D,SNORD115-3_URS0000644A2D,336
smallRNA,smallRNA,hsa-piR-28270_625726,hsa-piR-28270_625726,337
smallRNA,smallRNA,tRNA-Cys-GCA-9-1,tRNA-Cys-GCA-9-1,338
smallRNA,smallRNA,hsa-miR-409-5p,hsa-miR-409-5p,339
smallRNA,smallRNA,hsa-piR-32194_692819,hsa-piR-32194_692819,340
smallRNA,smallRNA,tRNA-Pro-TGG-3-3,tRNA-Pro-TGG-3-3,341
smallRNA,smallRNA,hsa-miR-452-5p,hsa-miR-452-5p,342
smallRNA,smallRNA,SNORD116-21_URS000030FCF9,SNORD116-21_URS000030FCF9,343
smallRNA,smallRNA,hsa-miR-199a-5p,hsa-miR-199a-5p,344
smallRNA,smallRNA,hsa-miR-154-5p,hsa-miR-154-5p,345
smallRNA,smallRNA,hsa-piR-27570_596561,hsa-piR-27570_596561,346
smallRNA,smallRNA,hsa-piR-28271_625734,hsa-piR-28271_625734,347
smallRNA,smallRNA,hsa-miR-548o-3p,hsa-miR-548o-3p,348
smallRNA,smallRNA,tRNA-Ala-CGC-4-1,tRNA-Ala-CGC-4-1,349
smallRNA,smallRNA,hsa-piR-32166_692485,hsa-piR-32166_692485,350
smallRNA,smallRNA,hsa-piR-33083_752468,hsa-piR-33083_752468,351
smallRNA,smallRNA,hsa-miR-196b-5p,hsa-miR-196b-5p,352
smallRNA,smallRNA,SNORA81_URS00001C12A7,SNORA81_URS00001C12A7,353
smallRNA,smallRNA,hsa-piR-32899_735175,hsa-piR-32899_735175,354
smallRNA,smallRNA,hsa-piR-33036_752333,hsa-piR-33036_752333,355
smallRNA,smallRNA,hsa-miR-1306-5p,hsa-miR-1306-5p,356
smallRNA,smallRNA,hsa-miR-30e-5p,hsa-miR-30e-5p,357
smallRNA,smallRNA,hsa-miR-30a-5p,hsa-miR-30a-5p,358
smallRNA,smallRNA,SNORA10_URS0000034D55,SNORA10_URS0000034D55,359
smallRNA,smallRNA,hsa-miR-29c-5p,hsa-miR-29c-5p,360
smallRNA,smallRNA,SNORD114-15_URS000075AFFC,SNORD114-15_URS000075AFFC,361
smallRNA,smallRNA,hsa-piR-26478_574787,hsa-piR-26478_574787,362
smallRNA,smallRNA,hsa-piR-27080_595436,hsa-piR-27080_595436,363
smallRNA,smallRNA,SNORA13_URS00001BD443,SNORA13_URS00001BD443,364
smallRNA,smallRNA,hsa-piR-427_764101,hsa-piR-427_764101,365
smallRNA,smallRNA,hsa-piR-11621_21931,hsa-piR-11621_21931,366
smallRNA,smallRNA,tRNA-Pro-AGG-2-5,tRNA-Pro-AGG-2-5,367
smallRNA,smallRNA,hsa-miR-885-3p,hsa-miR-885-3p,368
smallRNA,smallRNA,hsa-piR-32166_692499,hsa-piR-32166_692499,369
smallRNA,smallRNA,tRNA-Lys-TTT-3-2,tRNA-Lys-TTT-3-2,370
smallRNA,smallRNA,tRNA-Glu-TTC-2-2,tRNA-Glu-TTC-2-2,371
smallRNA,smallRNA,hsa-miR-200c-3p,hsa-miR-200c-3p,372
smallRNA,smallRNA,hsa-piR-1028_11269,hsa-piR-1028_11269,373
smallRNA,smallRNA,hsa-piR-28063_600964,hsa-piR-28063_600964,374
smallRNA,smallRNA,hsa-piR-1080_16478,hsa-piR-1080_16478,375
smallRNA,smallRNA,tRNA-Phe-GAA-1-1,tRNA-Phe-GAA-1-1,376
smallRNA,smallRNA,hsa-miR-151a-3p,hsa-miR-151a-3p,377
smallRNA,smallRNA,hsa-miR-485-5p,hsa-miR-485-5p,378
smallRNA,smallRNA,hsa-miR-184,hsa-miR-184,379
smallRNA,smallRNA,hsa-piR-28738_627516,hsa-piR-28738_627516,380
smallRNA,smallRNA,hsa-piR-1901_205337,hsa-piR-1901_205337,381
smallRNA,smallRNA,hsa-piR-3440_757360,hsa-piR-3440_757360,382
smallRNA,smallRNA,hsa-miR-641,hsa-miR-641,383
smallRNA,smallRNA,hsa-piR-23413_532549,hsa-piR-23413_532549,384
smallRNA,smallRNA,hsa-piR-24828_560507,hsa-piR-24828_560507,385
smallRNA,smallRNA,tRNA-Pro-TGG-2-1,tRNA-Pro-TGG-2-1,386
smallRNA,smallRNA,tRNA-Ser-GCT-2-1,tRNA-Ser-GCT-2-1,387
smallRNA,smallRNA,hsa-miR-146b-3p,hsa-miR-146b-3p,388
smallRNA,smallRNA,hsa-miR-410-3p,hsa-miR-410-3p,389
smallRNA,smallRNA,hsa-piR-32914_735929,hsa-piR-32914_735929,390
smallRNA,smallRNA,SNORD134_URS00008E3A70,SNORD134_URS00008E3A70,391
smallRNA,smallRNA,hsa-piR-32977_744094,hsa-piR-32977_744094,392
smallRNA,smallRNA,hsa-piR-5747_774274,hsa-piR-5747_774274,393
smallRNA,smallRNA,hsa-piR-28737_627515,hsa-piR-28737_627515,394
smallRNA,smallRNA,hsa-piR-32993_744236,hsa-piR-32993_744236,395
smallRNA,smallRNA,hsa-piR-33161_752563,hsa-piR-33161_752563,396
smallRNA,smallRNA,hsa-miR-299-5p,hsa-miR-299-5p,397
smallRNA,smallRNA,hsa-miR-885-5p,hsa-miR-885-5p,398
smallRNA,smallRNA,hsa-piR-27198_595738,hsa-piR-27198_595738,399
smallRNA,smallRNA,tRNA-His-GTG-1-1,tRNA-His-GTG-1-1,400
smallRNA,smallRNA,hsa-miR-4699-3p,hsa-miR-4699-3p,401
smallRNA,smallRNA,tRNA-Phe-GAA-1-5,tRNA-Phe-GAA-1-5,402
smallRNA,smallRNA,tRNA-SeC-TCA-2-1,tRNA-SeC-TCA-2-1,403
smallRNA,smallRNA,hsa-piR-8871_792675,hsa-piR-8871_792675,404
smallRNA,smallRNA,hsa-miR-433-3p,hsa-miR-433-3p,405
smallRNA,smallRNA,hsa-piR-6960_778105,hsa-piR-6960_778105,406
smallRNA,smallRNA,hsa-piR-32865_735042,hsa-piR-32865_735042,407
smallRNA,smallRNA,hsa-piR-33091_752481,hsa-piR-33091_752481,408
smallRNA,smallRNA,hsa-piR-8871_792673,hsa-piR-8871_792673,409
smallRNA,smallRNA,hsa-piR-33073_752455,hsa-piR-33073_752455,410
smallRNA,smallRNA,hsa-miR-27b-5p,hsa-miR-27b-5p,411
smallRNA,smallRNA,hsa-piR-33041_752371,hsa-piR-33041_752371,412
smallRNA,smallRNA,hsa-piR-28085_601017,hsa-piR-28085_601017,413
smallRNA,smallRNA,hsa-piR-32984_744163,hsa-piR-32984_744163,414
smallRNA,smallRNA,hsa-miR-432-5p,hsa-miR-432-5p,415
smallRNA,smallRNA,hsa-piR-23413_532556,hsa-piR-23413_532556,416
smallRNA,smallRNA,tRNA-Pro-TGG-3-5,tRNA-Pro-TGG-3-5,417
smallRNA,smallRNA,tRNA-Glu-TTC-2-1,tRNA-Glu-TTC-2-1,418
smallRNA,smallRNA,tRNA-His-GTG-1-2,tRNA-His-GTG-1-2,419
smallRNA,smallRNA,SNORA59A_URS0000056589,SNORA59A_URS0000056589,420
smallRNA,smallRNA,SNORD115-41_URS000071C0E6,SNORD115-41_URS000071C0E6,421
smallRNA,smallRNA,SNORA60_URS00006A1082,SNORA60_URS00006A1082,422
smallRNA,smallRNA,hsa-piR-14992_62870,hsa-piR-14992_62870,423
smallRNA,smallRNA,hsa-piR-32993_744235,hsa-piR-32993_744235,424
smallRNA,smallRNA,hsa-piR-32993_744234,hsa-piR-32993_744234,425
smallRNA,smallRNA,hsa-miR-29b-3p,hsa-miR-29b-3p,426
smallRNA,smallRNA,SNORD115-44_URS00006346FD,SNORD115-44_URS00006346FD,427
smallRNA,smallRNA,SNODB2078_URS0000EFB92F,SNODB2078_URS0000EFB92F,428
smallRNA,smallRNA,SNORA55_URS000027BAE7,SNORA55_URS000027BAE7,429
smallRNA,smallRNA,tRNA-Lys-CTT-3-1,tRNA-Lys-CTT-3-1,430
smallRNA,smallRNA,hsa-miR-221-5p,hsa-miR-221-5p,431
smallRNA,smallRNA,tRNA-Pro-AGG-2-8,tRNA-Pro-AGG-2-8,432
smallRNA,smallRNA,hsa-piR-33164_752566,hsa-piR-33164_752566,433
smallRNA,smallRNA,hsa-piR-32946_743911,hsa-piR-32946_743911,434
smallRNA,smallRNA,tRNA-Pro-AGG-2-4,tRNA-Pro-AGG-2-4,435
smallRNA,smallRNA,hsa-piR-32914_735936,hsa-piR-32914_735936,436
smallRNA,smallRNA,hsa-piR-25627_570745,hsa-piR-25627_570745,437
smallRNA,smallRNA,hsa-piR-1056_12503,hsa-piR-1056_12503,438
smallRNA,smallRNA,hsa-piR-15392_174241,hsa-piR-15392_174241,439
smallRNA,smallRNA,hsa-piR-32845_734847,hsa-piR-32845_734847,440
smallRNA,smallRNA,tRNA-Glu-TTC-1-1,tRNA-Glu-TTC-1-1,441
smallRNA,smallRNA,hsa-piR-33053_752425,hsa-piR-33053_752425,442
smallRNA,smallRNA,hsa-piR-32865_735051,hsa-piR-32865_735051,443
smallRNA,smallRNA,SNORD63_URS00006E0396,SNORD63_URS00006E0396,444
smallRNA,smallRNA,hsa-miR-654-5p,hsa-miR-654-5p,445
smallRNA,smallRNA,hsa-piR-1028_11268,hsa-piR-1028_11268,446
smallRNA,smallRNA,tRNA-Glu-TTC-6-1,tRNA-Glu-TTC-6-1,447
smallRNA,smallRNA,hsa-miR-6511b-3p,hsa-miR-6511b-3p,448
smallRNA,smallRNA,SNORA5C_URS000072157F,SNORA5C_URS000072157F,449
smallRNA,smallRNA,hsa-piR-816_788048,hsa-piR-816_788048,450
smallRNA,smallRNA,hsa-miR-181d-5p,hsa-miR-181d-5p,451
smallRNA,smallRNA,hsa-piR-8871_792672,hsa-piR-8871_792672,452
smallRNA,smallRNA,hsa-miR-152-5p,hsa-miR-152-5p,453
smallRNA,smallRNA,hsa-piR-28269_625719,hsa-piR-28269_625719,454
smallRNA,smallRNA,hsa-piR-23840_555834,hsa-piR-23840_555834,455
smallRNA,smallRNA,hsa-piR-32899_735180,hsa-piR-32899_735180,456
smallRNA,smallRNA,SNORD115-4_URS00004F749B,SNORD115-4_URS00004F749B,457
smallRNA,smallRNA,tRNA-Cys-GCA-9-3,tRNA-Cys-GCA-9-3,458
smallRNA,smallRNA,hsa-piR-1079_16299,hsa-piR-1079_16299,459
smallRNA,smallRNA,hsa-piR-32913_735916,hsa-piR-32913_735916,460
smallRNA,smallRNA,hsa-piR-24828_560509,hsa-piR-24828_560509,461
smallRNA,smallRNA,hsa-piR-28085_601015,hsa-piR-28085_601015,462
smallRNA,smallRNA,hsa-miR-199a-3p,hsa-miR-199a-3p,463
smallRNA,smallRNA,tRNA-His-GTG-1-5,tRNA-His-GTG-1-5,464
smallRNA,smallRNA,hsa-piR-33041_752383,hsa-piR-33041_752383,465
smallRNA,smallRNA,tRNA-Ala-AGC-5-1,tRNA-Ala-AGC-5-1,466
smallRNA,smallRNA,hsa-miR-330-5p,hsa-miR-330-5p,467
smallRNA,smallRNA,tRNA-Ala-AGC-2-1,tRNA-Ala-AGC-2-1,468
smallRNA,smallRNA,hsa-piR-33064_752443,hsa-piR-33064_752443,469
smallRNA,smallRNA,tRNA-Ala-AGC-3-1,tRNA-Ala-AGC-3-1,470
smallRNA,smallRNA,tRNA-Ala-AGC-7-1,tRNA-Ala-AGC-7-1,471
smallRNA,smallRNA,SNORD101_URS000034C57A,SNORD101_URS000034C57A,472
smallRNA,smallRNA,hsa-miR-487b-3p,hsa-miR-487b-3p,473
smallRNA,smallRNA,hsa-miR-199b-3p,hsa-miR-199b-3p,474
smallRNA,smallRNA,hsa-piR-14633_62036,hsa-piR-14633_62036,475
smallRNA,smallRNA,hsa-piR-33187_752595,hsa-piR-33187_752595,476
smallRNA,smallRNA,SNORA21_URS00004EA987,SNORA21_URS00004EA987,477
smallRNA,smallRNA,tRNA-Glu-TTC-1-2,tRNA-Glu-TTC-1-2,478
smallRNA,smallRNA,tRNA-Phe-GAA-1-6,tRNA-Phe-GAA-1-6,479
smallRNA,smallRNA,hsa-piR-14992_62869,hsa-piR-14992_62869,480
smallRNA,smallRNA,SNORD115-26_URS000057460D,SNORD115-26_URS000057460D,481
smallRNA,smallRNA,SNORA4_URS000063EA00,SNORA4_URS000063EA00,482
smallRNA,smallRNA,tRNA-Phe-GAA-1-3,tRNA-Phe-GAA-1-3,483
smallRNA,smallRNA,hsa-piR-32896_735112,hsa-piR-32896_735112,484
smallRNA,smallRNA,tRNA-Pro-TGG-3-4,tRNA-Pro-TGG-3-4,485
smallRNA,smallRNA,hsa-piR-24828_560508,hsa-piR-24828_560508,486
smallRNA,smallRNA,SNORD116-4_URS0000632CF2,SNORD116-4_URS0000632CF2,487
smallRNA,smallRNA,hsa-piR-1014_305,hsa-piR-1014_305,488
smallRNA,smallRNA,tRNA-Val-TAC-4-1,tRNA-Val-TAC-4-1,489
smallRNA,smallRNA,hsa-piR-33168_752570,hsa-piR-33168_752570,490
smallRNA,smallRNA,hsa-piR-32985_744169,hsa-piR-32985_744169,491
smallRNA,smallRNA,hsa-piR-33177_752583,hsa-piR-33177_752583,492
smallRNA,smallRNA,tRNA-Pro-AGG-2-1,tRNA-Pro-AGG-2-1,493
smallRNA,smallRNA,hsa-piR-29006_628299,hsa-piR-29006_628299,494
smallRNA,smallRNA,hsa-miR-374a-5p,hsa-miR-374a-5p,495
smallRNA,smallRNA,hsa-piR-33041_752381,hsa-piR-33041_752381,496
smallRNA,smallRNA,hsa-miR-497-5p,hsa-miR-497-5p,497
smallRNA,smallRNA,hsa-miR-324-5p,hsa-miR-324-5p,498
smallRNA,smallRNA,hsa-piR-28269_625722,hsa-piR-28269_625722,499
smallRNA,smallRNA,hsa-piR-28255_625565,hsa-piR-28255_625565,500
