"","baseMean","log2FoldChange","lfcSE","stat","pvalue","padj"
"PVALB",15.1393141149507,2.03623570956652,0.371096877706513,5.48707313882846,4.08647967718634e-08,0.00144702245369168
