sample_id,ES_positive,ES_control,CPS,CPS_zscore,Unnamed: 0,title,geo_accession,status,submission_date,last_update_date,type,channel_count,source_name_ch1,organism_ch1,characteristics_ch1,characteristics_ch1.1,treatment_protocol_ch1,growth_protocol_ch1,molecule_ch1,extract_protocol_ch1,extract_protocol_ch1.1,taxid_ch1,data_processing,data_processing.1,data_processing.2,data_processing.3,platform_id,contact_name,contact_email,contact_phone,contact_department,contact_institute,contact_address,contact_city,contact_state,contact_zip/postal_code,contact_country,data_row_count,instrument_model,library_selection,library_source,library_strategy,relation,relation.1,supplementary_file_1,tissue:ch1,subgroup,CPS_class
AB_3,1.0547708188807359,1.198781595126036,-0.14401077624530023,-0.433132645357547,GSM8059489,"AB_3, Pancreas",GSM8059489,Public on Jul 15 2025,Feb 01 2024,Jul 15 2025,SRA,1,Skeletal muscle tissue,Homo sapiens,tissue: Rectus abdominis muscle,tissue: Skeletal muscle tissue,Not Applicable,Not Applicable,total RNA,"RNA extraction was performed using the Trizol method and Qiagen RNAeasy midi kit (Mississauga, ON). The optical density (OD) 260/280 ratio was measured using Nanodrop, and RNA integrity number (RIN) was assessed using Agilent Bio-analyzer 2100 for all the samples.",NEB Next RNA First-strand synthesis and NEBNext Ultra Directional RNA Second strand synthesis were used. Remaining steps were performed using NEBNext Ultra II DNA library Prep kit  for Illumina.,9606,"The libraries were normalized, pooled, and denatured. Pooled libraries were loaded on Illumina NovaSeq S4 lane using Xp protocol per manufacturer's recommendations.",Base-calling was performed with RTA v.3.4.4. Program bcl2fastq2 was used to demultiplex and generate fastq reads. Raw fastq files were subjected to cutadapt for  adapter trimming. Trimmed Reads were aligned to human genome 38 using STAR v.2.7.3a.,Assembly: hg38,Supplementary files format and content: tab-delimited text file includes raw count data for each sample,GPL24676,"Sambasivarao,,Damaraju",sdamaraj@ualberta.ca,7807821469,Laboratory Medicine and Pathology,University of Alberta,11560 University Avenue,Edmonton,Alberta,T6G1Z2,Canada,0,Illumina NovaSeq 6000,cDNA,transcriptomic,RNA-Seq,BioSample: https://www.ncbi.nlm.nih.gov/biosample/SAMN39735623,SRA: https://www.ncbi.nlm.nih.gov/sra?term=SRX23503982,NONE,Rectus abdominis muscle;Skeletal muscle tissue,Pancreas,CPS-LowOrMid
AB_4,0.7648194501325968,0.8385361928243755,-0.07371674269177875,-0.11359338320377448,GSM8059490,"AB_4, Pancreas",GSM8059490,Public on Jul 15 2025,Feb 01 2024,Jul 15 2025,SRA,1,Skeletal muscle tissue,Homo sapiens,tissue: Rectus abdominis muscle,tissue: Skeletal muscle tissue,Not Applicable,Not Applicable,total RNA,"RNA extraction was performed using the Trizol method and Qiagen RNAeasy midi kit (Mississauga, ON). The optical density (OD) 260/280 ratio was measured using Nanodrop, and RNA integrity number (RIN) was assessed using Agilent Bio-analyzer 2100 for all the samples.",NEB Next RNA First-strand synthesis and NEBNext Ultra Directional RNA Second strand synthesis were used. Remaining steps were performed using NEBNext Ultra II DNA library Prep kit  for Illumina.,9606,"The libraries were normalized, pooled, and denatured. Pooled libraries were loaded on Illumina NovaSeq S4 lane using Xp protocol per manufacturer's recommendations.",Base-calling was performed with RTA v.3.4.4. Program bcl2fastq2 was used to demultiplex and generate fastq reads. Raw fastq files were subjected to cutadapt for  adapter trimming. Trimmed Reads were aligned to human genome 38 using STAR v.2.7.3a.,Assembly: hg38,Supplementary files format and content: tab-delimited text file includes raw count data for each sample,GPL24676,"Sambasivarao,,Damaraju",sdamaraj@ualberta.ca,7807821469,Laboratory Medicine and Pathology,University of Alberta,11560 University Avenue,Edmonton,Alberta,T6G1Z2,Canada,0,Illumina NovaSeq 6000,cDNA,transcriptomic,RNA-Seq,BioSample: https://www.ncbi.nlm.nih.gov/biosample/SAMN39735622,SRA: https://www.ncbi.nlm.nih.gov/sra?term=SRX23503983,NONE,Rectus abdominis muscle;Skeletal muscle tissue,Pancreas,CPS-LowOrMid
AB_5,0.6290157220983641,0.8609297866664747,-0.2319140645681106,-0.8327192172416982,GSM8059491,"AB_5, Pancreas",GSM8059491,Public on Jul 15 2025,Feb 01 2024,Jul 15 2025,SRA,1,Skeletal muscle tissue,Homo sapiens,tissue: Rectus abdominis muscle,tissue: Skeletal muscle tissue,Not Applicable,Not Applicable,total RNA,"RNA extraction was performed using the Trizol method and Qiagen RNAeasy midi kit (Mississauga, ON). The optical density (OD) 260/280 ratio was measured using Nanodrop, and RNA integrity number (RIN) was assessed using Agilent Bio-analyzer 2100 for all the samples.",NEB Next RNA First-strand synthesis and NEBNext Ultra Directional RNA Second strand synthesis were used. Remaining steps were performed using NEBNext Ultra II DNA library Prep kit  for Illumina.,9606,"The libraries were normalized, pooled, and denatured. Pooled libraries were loaded on Illumina NovaSeq S4 lane using Xp protocol per manufacturer's recommendations.",Base-calling was performed with RTA v.3.4.4. Program bcl2fastq2 was used to demultiplex and generate fastq reads. Raw fastq files were subjected to cutadapt for  adapter trimming. Trimmed Reads were aligned to human genome 38 using STAR v.2.7.3a.,Assembly: hg38,Supplementary files format and content: tab-delimited text file includes raw count data for each sample,GPL24676,"Sambasivarao,,Damaraju",sdamaraj@ualberta.ca,7807821469,Laboratory Medicine and Pathology,University of Alberta,11560 University Avenue,Edmonton,Alberta,T6G1Z2,Canada,0,Illumina NovaSeq 6000,cDNA,transcriptomic,RNA-Seq,BioSample: https://www.ncbi.nlm.nih.gov/biosample/SAMN39735621,SRA: https://www.ncbi.nlm.nih.gov/sra?term=SRX23503984,NONE,Rectus abdominis muscle;Skeletal muscle tissue,Pancreas,CPS-LowOrMid
AB_6,1.2729674263201414,1.0580842153480614,0.21488321097207996,1.1983105094807631,GSM8059492,"AB_6, Pancreas",GSM8059492,Public on Jul 15 2025,Feb 01 2024,Jul 15 2025,SRA,1,Skeletal muscle tissue,Homo sapiens,tissue: Rectus abdominis muscle,tissue: Skeletal muscle tissue,Not Applicable,Not Applicable,total RNA,"RNA extraction was performed using the Trizol method and Qiagen RNAeasy midi kit (Mississauga, ON). The optical density (OD) 260/280 ratio was measured using Nanodrop, and RNA integrity number (RIN) was assessed using Agilent Bio-analyzer 2100 for all the samples.",NEB Next RNA First-strand synthesis and NEBNext Ultra Directional RNA Second strand synthesis were used. Remaining steps were performed using NEBNext Ultra II DNA library Prep kit  for Illumina.,9606,"The libraries were normalized, pooled, and denatured. Pooled libraries were loaded on Illumina NovaSeq S4 lane using Xp protocol per manufacturer's recommendations.",Base-calling was performed with RTA v.3.4.4. Program bcl2fastq2 was used to demultiplex and generate fastq reads. Raw fastq files were subjected to cutadapt for  adapter trimming. Trimmed Reads were aligned to human genome 38 using STAR v.2.7.3a.,Assembly: hg38,Supplementary files format and content: tab-delimited text file includes raw count data for each sample,GPL24676,"Sambasivarao,,Damaraju",sdamaraj@ualberta.ca,7807821469,Laboratory Medicine and Pathology,University of Alberta,11560 University Avenue,Edmonton,Alberta,T6G1Z2,Canada,0,Illumina NovaSeq 6000,cDNA,transcriptomic,RNA-Seq,BioSample: https://www.ncbi.nlm.nih.gov/biosample/SAMN39735620,SRA: https://www.ncbi.nlm.nih.gov/sra?term=SRX23503985,NONE,Rectus abdominis muscle;Skeletal muscle tissue,Pancreas,CPS-High
AB_7,0.9508548263592074,0.9201363676682465,0.030718458690960904,0.36114316989660594,GSM8059493,"AB_7, Pancreas",GSM8059493,Public on Jul 15 2025,Feb 01 2024,Jul 15 2025,SRA,1,Skeletal muscle tissue,Homo sapiens,tissue: Rectus abdominis muscle,tissue: Skeletal muscle tissue,Not Applicable,Not Applicable,total RNA,"RNA extraction was performed using the Trizol method and Qiagen RNAeasy midi kit (Mississauga, ON). The optical density (OD) 260/280 ratio was measured using Nanodrop, and RNA integrity number (RIN) was assessed using Agilent Bio-analyzer 2100 for all the samples.",NEB Next RNA First-strand synthesis and NEBNext Ultra Directional RNA Second strand synthesis were used. Remaining steps were performed using NEBNext Ultra II DNA library Prep kit  for Illumina.,9606,"The libraries were normalized, pooled, and denatured. Pooled libraries were loaded on Illumina NovaSeq S4 lane using Xp protocol per manufacturer's recommendations.",Base-calling was performed with RTA v.3.4.4. Program bcl2fastq2 was used to demultiplex and generate fastq reads. Raw fastq files were subjected to cutadapt for  adapter trimming. Trimmed Reads were aligned to human genome 38 using STAR v.2.7.3a.,Assembly: hg38,Supplementary files format and content: tab-delimited text file includes raw count data for each sample,GPL24676,"Sambasivarao,,Damaraju",sdamaraj@ualberta.ca,7807821469,Laboratory Medicine and Pathology,University of Alberta,11560 University Avenue,Edmonton,Alberta,T6G1Z2,Canada,0,Illumina NovaSeq 6000,cDNA,transcriptomic,RNA-Seq,BioSample: https://www.ncbi.nlm.nih.gov/biosample/SAMN39735619,SRA: https://www.ncbi.nlm.nih.gov/sra?term=SRX23503986,NONE,Rectus abdominis muscle;Skeletal muscle tissue,Pancreas,CPS-LowOrMid
AB_8,0.9057814728287972,0.8667168159701847,0.03906465685861249,0.3990829191108826,GSM8059494,"AB_8, Colorectal",GSM8059494,Public on Jul 15 2025,Feb 01 2024,Jul 15 2025,SRA,1,Skeletal muscle tissue,Homo sapiens,tissue: Rectus abdominis muscle,tissue: Skeletal muscle tissue,Not Applicable,Not Applicable,total RNA,"RNA extraction was performed using the Trizol method and Qiagen RNAeasy midi kit (Mississauga, ON). The optical density (OD) 260/280 ratio was measured using Nanodrop, and RNA integrity number (RIN) was assessed using Agilent Bio-analyzer 2100 for all the samples.",NEB Next RNA First-strand synthesis and NEBNext Ultra Directional RNA Second strand synthesis were used. Remaining steps were performed using NEBNext Ultra II DNA library Prep kit  for Illumina.,9606,"The libraries were normalized, pooled, and denatured. Pooled libraries were loaded on Illumina NovaSeq S4 lane using Xp protocol per manufacturer's recommendations.",Base-calling was performed with RTA v.3.4.4. Program bcl2fastq2 was used to demultiplex and generate fastq reads. Raw fastq files were subjected to cutadapt for  adapter trimming. Trimmed Reads were aligned to human genome 38 using STAR v.2.7.3a.,Assembly: hg38,Supplementary files format and content: tab-delimited text file includes raw count data for each sample,GPL24676,"Sambasivarao,,Damaraju",sdamaraj@ualberta.ca,7807821469,Laboratory Medicine and Pathology,University of Alberta,11560 University Avenue,Edmonton,Alberta,T6G1Z2,Canada,0,Illumina NovaSeq 6000,cDNA,transcriptomic,RNA-Seq,BioSample: https://www.ncbi.nlm.nih.gov/biosample/SAMN39735618,SRA: https://www.ncbi.nlm.nih.gov/sra?term=SRX23503987,NONE,Rectus abdominis muscle;Skeletal muscle tissue,Colorectal,CPS-LowOrMid
AB_9,0.6439134625867925,0.9497965034777938,-0.30588304089100127,-1.1689638588084685,GSM8059495,"AB_9, Pancreas",GSM8059495,Public on Jul 15 2025,Feb 01 2024,Jul 15 2025,SRA,1,Skeletal muscle tissue,Homo sapiens,tissue: Rectus abdominis muscle,tissue: Skeletal muscle tissue,Not Applicable,Not Applicable,total RNA,"RNA extraction was performed using the Trizol method and Qiagen RNAeasy midi kit (Mississauga, ON). The optical density (OD) 260/280 ratio was measured using Nanodrop, and RNA integrity number (RIN) was assessed using Agilent Bio-analyzer 2100 for all the samples.",NEB Next RNA First-strand synthesis and NEBNext Ultra Directional RNA Second strand synthesis were used. Remaining steps were performed using NEBNext Ultra II DNA library Prep kit  for Illumina.,9606,"The libraries were normalized, pooled, and denatured. Pooled libraries were loaded on Illumina NovaSeq S4 lane using Xp protocol per manufacturer's recommendations.",Base-calling was performed with RTA v.3.4.4. Program bcl2fastq2 was used to demultiplex and generate fastq reads. Raw fastq files were subjected to cutadapt for  adapter trimming. Trimmed Reads were aligned to human genome 38 using STAR v.2.7.3a.,Assembly: hg38,Supplementary files format and content: tab-delimited text file includes raw count data for each sample,GPL24676,"Sambasivarao,,Damaraju",sdamaraj@ualberta.ca,7807821469,Laboratory Medicine and Pathology,University of Alberta,11560 University Avenue,Edmonton,Alberta,T6G1Z2,Canada,0,Illumina NovaSeq 6000,cDNA,transcriptomic,RNA-Seq,BioSample: https://www.ncbi.nlm.nih.gov/biosample/SAMN39735617,SRA: https://www.ncbi.nlm.nih.gov/sra?term=SRX23503988,NONE,Rectus abdominis muscle;Skeletal muscle tissue,Pancreas,CPS-LowOrMid
AB_10,0.7689392586160787,0.5922144633444013,0.1767247952716774,1.0248518049296893,GSM8059496,"AB_10, Colorectal",GSM8059496,Public on Jul 15 2025,Feb 01 2024,Jul 15 2025,SRA,1,Skeletal muscle tissue,Homo sapiens,tissue: Rectus abdominis muscle,tissue: Skeletal muscle tissue,Not Applicable,Not Applicable,total RNA,"RNA extraction was performed using the Trizol method and Qiagen RNAeasy midi kit (Mississauga, ON). The optical density (OD) 260/280 ratio was measured using Nanodrop, and RNA integrity number (RIN) was assessed using Agilent Bio-analyzer 2100 for all the samples.",NEB Next RNA First-strand synthesis and NEBNext Ultra Directional RNA Second strand synthesis were used. Remaining steps were performed using NEBNext Ultra II DNA library Prep kit  for Illumina.,9606,"The libraries were normalized, pooled, and denatured. Pooled libraries were loaded on Illumina NovaSeq S4 lane using Xp protocol per manufacturer's recommendations.",Base-calling was performed with RTA v.3.4.4. Program bcl2fastq2 was used to demultiplex and generate fastq reads. Raw fastq files were subjected to cutadapt for  adapter trimming. Trimmed Reads were aligned to human genome 38 using STAR v.2.7.3a.,Assembly: hg38,Supplementary files format and content: tab-delimited text file includes raw count data for each sample,GPL24676,"Sambasivarao,,Damaraju",sdamaraj@ualberta.ca,7807821469,Laboratory Medicine and Pathology,University of Alberta,11560 University Avenue,Edmonton,Alberta,T6G1Z2,Canada,0,Illumina NovaSeq 6000,cDNA,transcriptomic,RNA-Seq,BioSample: https://www.ncbi.nlm.nih.gov/biosample/SAMN39735616,SRA: https://www.ncbi.nlm.nih.gov/sra?term=SRX23503989,NONE,Rectus abdominis muscle;Skeletal muscle tissue,Colorectal,CPS-High
AB_11,1.3577635274026307,1.3086932090551844,0.04907031834744635,0.44456617747402744,GSM8059497,"AB_11, Colorectal",GSM8059497,Public on Jul 15 2025,Feb 01 2024,Jul 15 2025,SRA,1,Skeletal muscle tissue,Homo sapiens,tissue: Rectus abdominis muscle,tissue: Skeletal muscle tissue,Not Applicable,Not Applicable,total RNA,"RNA extraction was performed using the Trizol method and Qiagen RNAeasy midi kit (Mississauga, ON). The optical density (OD) 260/280 ratio was measured using Nanodrop, and RNA integrity number (RIN) was assessed using Agilent Bio-analyzer 2100 for all the samples.",NEB Next RNA First-strand synthesis and NEBNext Ultra Directional RNA Second strand synthesis were used. Remaining steps were performed using NEBNext Ultra II DNA library Prep kit  for Illumina.,9606,"The libraries were normalized, pooled, and denatured. Pooled libraries were loaded on Illumina NovaSeq S4 lane using Xp protocol per manufacturer's recommendations.",Base-calling was performed with RTA v.3.4.4. Program bcl2fastq2 was used to demultiplex and generate fastq reads. Raw fastq files were subjected to cutadapt for  adapter trimming. Trimmed Reads were aligned to human genome 38 using STAR v.2.7.3a.,Assembly: hg38,Supplementary files format and content: tab-delimited text file includes raw count data for each sample,GPL24676,"Sambasivarao,,Damaraju",sdamaraj@ualberta.ca,7807821469,Laboratory Medicine and Pathology,University of Alberta,11560 University Avenue,Edmonton,Alberta,T6G1Z2,Canada,0,Illumina NovaSeq 6000,cDNA,transcriptomic,RNA-Seq,BioSample: https://www.ncbi.nlm.nih.gov/biosample/SAMN39735615,SRA: https://www.ncbi.nlm.nih.gov/sra?term=SRX23503990,NONE,Rectus abdominis muscle;Skeletal muscle tissue,Colorectal,CPS-LowOrMid
AB_12,0.6585054491375368,0.5690727607993733,0.08943268833816354,0.6280435122294923,GSM8059498,"AB_12, Colorectal",GSM8059498,Public on Jul 15 2025,Feb 01 2024,Jul 15 2025,SRA,1,Skeletal muscle tissue,Homo sapiens,tissue: Rectus abdominis muscle,tissue: Skeletal muscle tissue,Not Applicable,Not Applicable,total RNA,"RNA extraction was performed using the Trizol method and Qiagen RNAeasy midi kit (Mississauga, ON). The optical density (OD) 260/280 ratio was measured using Nanodrop, and RNA integrity number (RIN) was assessed using Agilent Bio-analyzer 2100 for all the samples.",NEB Next RNA First-strand synthesis and NEBNext Ultra Directional RNA Second strand synthesis were used. Remaining steps were performed using NEBNext Ultra II DNA library Prep kit  for Illumina.,9606,"The libraries were normalized, pooled, and denatured. Pooled libraries were loaded on Illumina NovaSeq S4 lane using Xp protocol per manufacturer's recommendations.",Base-calling was performed with RTA v.3.4.4. Program bcl2fastq2 was used to demultiplex and generate fastq reads. Raw fastq files were subjected to cutadapt for  adapter trimming. Trimmed Reads were aligned to human genome 38 using STAR v.2.7.3a.,Assembly: hg38,Supplementary files format and content: tab-delimited text file includes raw count data for each sample,GPL24676,"Sambasivarao,,Damaraju",sdamaraj@ualberta.ca,7807821469,Laboratory Medicine and Pathology,University of Alberta,11560 University Avenue,Edmonton,Alberta,T6G1Z2,Canada,0,Illumina NovaSeq 6000,cDNA,transcriptomic,RNA-Seq,BioSample: https://www.ncbi.nlm.nih.gov/biosample/SAMN39735614,SRA: https://www.ncbi.nlm.nih.gov/sra?term=SRX23503991,NONE,Rectus abdominis muscle;Skeletal muscle tissue,Colorectal,CPS-High
AB_13,0.8647368242883358,0.45298165110595817,0.4117551731823776,2.0932416773663824,GSM8059499,"AB_13, Pancreas",GSM8059499,Public on Jul 15 2025,Feb 01 2024,Jul 15 2025,SRA,1,Skeletal muscle tissue,Homo sapiens,tissue: Rectus abdominis muscle,tissue: Skeletal muscle tissue,Not Applicable,Not Applicable,total RNA,"RNA extraction was performed using the Trizol method and Qiagen RNAeasy midi kit (Mississauga, ON). The optical density (OD) 260/280 ratio was measured using Nanodrop, and RNA integrity number (RIN) was assessed using Agilent Bio-analyzer 2100 for all the samples.",NEB Next RNA First-strand synthesis and NEBNext Ultra Directional RNA Second strand synthesis were used. Remaining steps were performed using NEBNext Ultra II DNA library Prep kit  for Illumina.,9606,"The libraries were normalized, pooled, and denatured. Pooled libraries were loaded on Illumina NovaSeq S4 lane using Xp protocol per manufacturer's recommendations.",Base-calling was performed with RTA v.3.4.4. Program bcl2fastq2 was used to demultiplex and generate fastq reads. Raw fastq files were subjected to cutadapt for  adapter trimming. Trimmed Reads were aligned to human genome 38 using STAR v.2.7.3a.,Assembly: hg38,Supplementary files format and content: tab-delimited text file includes raw count data for each sample,GPL24676,"Sambasivarao,,Damaraju",sdamaraj@ualberta.ca,7807821469,Laboratory Medicine and Pathology,University of Alberta,11560 University Avenue,Edmonton,Alberta,T6G1Z2,Canada,0,Illumina NovaSeq 6000,cDNA,transcriptomic,RNA-Seq,BioSample: https://www.ncbi.nlm.nih.gov/biosample/SAMN39735613,SRA: https://www.ncbi.nlm.nih.gov/sra?term=SRX23503992,NONE,Rectus abdominis muscle;Skeletal muscle tissue,Pancreas,CPS-High
AB_14,0.5610493205776548,0.7811945471605788,-0.22014522658292401,-0.7792209953288739,GSM8059500,"AB_14, Colorectal",GSM8059500,Public on Jul 15 2025,Feb 01 2024,Jul 15 2025,SRA,1,Skeletal muscle tissue,Homo sapiens,tissue: Rectus abdominis muscle,tissue: Skeletal muscle tissue,Not Applicable,Not Applicable,total RNA,"RNA extraction was performed using the Trizol method and Qiagen RNAeasy midi kit (Mississauga, ON). The optical density (OD) 260/280 ratio was measured using Nanodrop, and RNA integrity number (RIN) was assessed using Agilent Bio-analyzer 2100 for all the samples.",NEB Next RNA First-strand synthesis and NEBNext Ultra Directional RNA Second strand synthesis were used. Remaining steps were performed using NEBNext Ultra II DNA library Prep kit  for Illumina.,9606,"The libraries were normalized, pooled, and denatured. Pooled libraries were loaded on Illumina NovaSeq S4 lane using Xp protocol per manufacturer's recommendations.",Base-calling was performed with RTA v.3.4.4. Program bcl2fastq2 was used to demultiplex and generate fastq reads. Raw fastq files were subjected to cutadapt for  adapter trimming. Trimmed Reads were aligned to human genome 38 using STAR v.2.7.3a.,Assembly: hg38,Supplementary files format and content: tab-delimited text file includes raw count data for each sample,GPL24676,"Sambasivarao,,Damaraju",sdamaraj@ualberta.ca,7807821469,Laboratory Medicine and Pathology,University of Alberta,11560 University Avenue,Edmonton,Alberta,T6G1Z2,Canada,0,Illumina NovaSeq 6000,cDNA,transcriptomic,RNA-Seq,BioSample: https://www.ncbi.nlm.nih.gov/biosample/SAMN39735612,SRA: https://www.ncbi.nlm.nih.gov/sra?term=SRX23503993,NONE,Rectus abdominis muscle;Skeletal muscle tissue,Colorectal,CPS-LowOrMid
AB_15,0.6781991896008337,0.7674902877977939,-0.08929109819696024,-0.18439054499784152,GSM8059501,"AB_15, Colorectal",GSM8059501,Public on Jul 15 2025,Feb 01 2024,Jul 15 2025,SRA,1,Skeletal muscle tissue,Homo sapiens,tissue: Rectus abdominis muscle,tissue: Skeletal muscle tissue,Not Applicable,Not Applicable,total RNA,"RNA extraction was performed using the Trizol method and Qiagen RNAeasy midi kit (Mississauga, ON). The optical density (OD) 260/280 ratio was measured using Nanodrop, and RNA integrity number (RIN) was assessed using Agilent Bio-analyzer 2100 for all the samples.",NEB Next RNA First-strand synthesis and NEBNext Ultra Directional RNA Second strand synthesis were used. Remaining steps were performed using NEBNext Ultra II DNA library Prep kit  for Illumina.,9606,"The libraries were normalized, pooled, and denatured. Pooled libraries were loaded on Illumina NovaSeq S4 lane using Xp protocol per manufacturer's recommendations.",Base-calling was performed with RTA v.3.4.4. Program bcl2fastq2 was used to demultiplex and generate fastq reads. Raw fastq files were subjected to cutadapt for  adapter trimming. Trimmed Reads were aligned to human genome 38 using STAR v.2.7.3a.,Assembly: hg38,Supplementary files format and content: tab-delimited text file includes raw count data for each sample,GPL24676,"Sambasivarao,,Damaraju",sdamaraj@ualberta.ca,7807821469,Laboratory Medicine and Pathology,University of Alberta,11560 University Avenue,Edmonton,Alberta,T6G1Z2,Canada,0,Illumina NovaSeq 6000,cDNA,transcriptomic,RNA-Seq,BioSample: https://www.ncbi.nlm.nih.gov/biosample/SAMN39735611,SRA: https://www.ncbi.nlm.nih.gov/sra?term=SRX23503994,NONE,Rectus abdominis muscle;Skeletal muscle tissue,Colorectal,CPS-LowOrMid
AB_16,0.9356888091335666,0.975198025607375,-0.03950921647380845,0.04190555653872192,GSM8059502,"AB_16, Pancreas",GSM8059502,Public on Jul 15 2025,Feb 01 2024,Jul 15 2025,SRA,1,Skeletal muscle tissue,Homo sapiens,tissue: Rectus abdominis muscle,tissue: Skeletal muscle tissue,Not Applicable,Not Applicable,total RNA,"RNA extraction was performed using the Trizol method and Qiagen RNAeasy midi kit (Mississauga, ON). The optical density (OD) 260/280 ratio was measured using Nanodrop, and RNA integrity number (RIN) was assessed using Agilent Bio-analyzer 2100 for all the samples.",NEB Next RNA First-strand synthesis and NEBNext Ultra Directional RNA Second strand synthesis were used. Remaining steps were performed using NEBNext Ultra II DNA library Prep kit  for Illumina.,9606,"The libraries were normalized, pooled, and denatured. Pooled libraries were loaded on Illumina NovaSeq S4 lane using Xp protocol per manufacturer's recommendations.",Base-calling was performed with RTA v.3.4.4. Program bcl2fastq2 was used to demultiplex and generate fastq reads. Raw fastq files were subjected to cutadapt for  adapter trimming. Trimmed Reads were aligned to human genome 38 using STAR v.2.7.3a.,Assembly: hg38,Supplementary files format and content: tab-delimited text file includes raw count data for each sample,GPL24676,"Sambasivarao,,Damaraju",sdamaraj@ualberta.ca,7807821469,Laboratory Medicine and Pathology,University of Alberta,11560 University Avenue,Edmonton,Alberta,T6G1Z2,Canada,0,Illumina NovaSeq 6000,cDNA,transcriptomic,RNA-Seq,BioSample: https://www.ncbi.nlm.nih.gov/biosample/SAMN39735610,SRA: https://www.ncbi.nlm.nih.gov/sra?term=SRX23503995,NONE,Rectus abdominis muscle;Skeletal muscle tissue,Pancreas,CPS-LowOrMid
AB_17,0.7981617901188539,0.6005267984222747,0.19763499169657917,1.1199043776635647,GSM8059503,"AB_17, Pancreas",GSM8059503,Public on Jul 15 2025,Feb 01 2024,Jul 15 2025,SRA,1,Skeletal muscle tissue,Homo sapiens,tissue: Rectus abdominis muscle,tissue: Skeletal muscle tissue,Not Applicable,Not Applicable,total RNA,"RNA extraction was performed using the Trizol method and Qiagen RNAeasy midi kit (Mississauga, ON). The optical density (OD) 260/280 ratio was measured using Nanodrop, and RNA integrity number (RIN) was assessed using Agilent Bio-analyzer 2100 for all the samples.",NEB Next RNA First-strand synthesis and NEBNext Ultra Directional RNA Second strand synthesis were used. Remaining steps were performed using NEBNext Ultra II DNA library Prep kit  for Illumina.,9606,"The libraries were normalized, pooled, and denatured. Pooled libraries were loaded on Illumina NovaSeq S4 lane using Xp protocol per manufacturer's recommendations.",Base-calling was performed with RTA v.3.4.4. Program bcl2fastq2 was used to demultiplex and generate fastq reads. Raw fastq files were subjected to cutadapt for  adapter trimming. Trimmed Reads were aligned to human genome 38 using STAR v.2.7.3a.,Assembly: hg38,Supplementary files format and content: tab-delimited text file includes raw count data for each sample,GPL24676,"Sambasivarao,,Damaraju",sdamaraj@ualberta.ca,7807821469,Laboratory Medicine and Pathology,University of Alberta,11560 University Avenue,Edmonton,Alberta,T6G1Z2,Canada,0,Illumina NovaSeq 6000,cDNA,transcriptomic,RNA-Seq,BioSample: https://www.ncbi.nlm.nih.gov/biosample/SAMN39735609,SRA: https://www.ncbi.nlm.nih.gov/sra?term=SRX23503996,NONE,Rectus abdominis muscle;Skeletal muscle tissue,Pancreas,CPS-High
AB_18,1.2393624851576683,0.7803949900757067,0.45896749508196166,2.307857196518132,GSM8059504,"AB_18, Colorectal",GSM8059504,Public on Jul 15 2025,Feb 01 2024,Jul 15 2025,SRA,1,Skeletal muscle tissue,Homo sapiens,tissue: Rectus abdominis muscle,tissue: Skeletal muscle tissue,Not Applicable,Not Applicable,total RNA,"RNA extraction was performed using the Trizol method and Qiagen RNAeasy midi kit (Mississauga, ON). The optical density (OD) 260/280 ratio was measured using Nanodrop, and RNA integrity number (RIN) was assessed using Agilent Bio-analyzer 2100 for all the samples.",NEB Next RNA First-strand synthesis and NEBNext Ultra Directional RNA Second strand synthesis were used. Remaining steps were performed using NEBNext Ultra II DNA library Prep kit  for Illumina.,9606,"The libraries were normalized, pooled, and denatured. Pooled libraries were loaded on Illumina NovaSeq S4 lane using Xp protocol per manufacturer's recommendations.",Base-calling was performed with RTA v.3.4.4. Program bcl2fastq2 was used to demultiplex and generate fastq reads. Raw fastq files were subjected to cutadapt for  adapter trimming. Trimmed Reads were aligned to human genome 38 using STAR v.2.7.3a.,Assembly: hg38,Supplementary files format and content: tab-delimited text file includes raw count data for each sample,GPL24676,"Sambasivarao,,Damaraju",sdamaraj@ualberta.ca,7807821469,Laboratory Medicine and Pathology,University of Alberta,11560 University Avenue,Edmonton,Alberta,T6G1Z2,Canada,0,Illumina NovaSeq 6000,cDNA,transcriptomic,RNA-Seq,BioSample: https://www.ncbi.nlm.nih.gov/biosample/SAMN39735608,SRA: https://www.ncbi.nlm.nih.gov/sra?term=SRX23503997,NONE,Rectus abdominis muscle;Skeletal muscle tissue,Colorectal,CPS-High
AB_27,0.6678619797080919,0.6151804402362923,0.052681539471799654,0.4609818940749446,GSM8059513,"AB_27, Colorectal",GSM8059513,Public on Jul 15 2025,Feb 01 2024,Jul 15 2025,SRA,1,Skeletal muscle tissue,Homo sapiens,tissue: Rectus abdominis muscle,tissue: Skeletal muscle tissue,Not Applicable,Not Applicable,total RNA,"RNA extraction was performed using the Trizol method and Qiagen RNAeasy midi kit (Mississauga, ON). The optical density (OD) 260/280 ratio was measured using Nanodrop, and RNA integrity number (RIN) was assessed using Agilent Bio-analyzer 2100 for all the samples.",NEB Next RNA First-strand synthesis and NEBNext Ultra Directional RNA Second strand synthesis were used. Remaining steps were performed using NEBNext Ultra II DNA library Prep kit  for Illumina.,9606,"The libraries were normalized, pooled, and denatured. Pooled libraries were loaded on Illumina NovaSeq S4 lane using Xp protocol per manufacturer's recommendations.",Base-calling was performed with RTA v.3.4.4. Program bcl2fastq2 was used to demultiplex and generate fastq reads. Raw fastq files were subjected to cutadapt for  adapter trimming. Trimmed Reads were aligned to human genome 38 using STAR v.2.7.3a.,Assembly: hg38,Supplementary files format and content: tab-delimited text file includes raw count data for each sample,GPL24676,"Sambasivarao,,Damaraju",sdamaraj@ualberta.ca,7807821469,Laboratory Medicine and Pathology,University of Alberta,11560 University Avenue,Edmonton,Alberta,T6G1Z2,Canada,0,Illumina NovaSeq 6000,cDNA,transcriptomic,RNA-Seq,BioSample: https://www.ncbi.nlm.nih.gov/biosample/SAMN39735599,SRA: https://www.ncbi.nlm.nih.gov/sra?term=SRX23504006,NONE,Rectus abdominis muscle;Skeletal muscle tissue,Colorectal,CPS-LowOrMid
AB_28,0.6648450943187294,0.7908663624277349,-0.1260212681090055,-0.3513567980233042,GSM8059514,"AB_28, Pancreas",GSM8059514,Public on Jul 15 2025,Feb 01 2024,Jul 15 2025,SRA,1,Skeletal muscle tissue,Homo sapiens,tissue: Rectus abdominis muscle,tissue: Skeletal muscle tissue,Not Applicable,Not Applicable,total RNA,"RNA extraction was performed using the Trizol method and Qiagen RNAeasy midi kit (Mississauga, ON). The optical density (OD) 260/280 ratio was measured using Nanodrop, and RNA integrity number (RIN) was assessed using Agilent Bio-analyzer 2100 for all the samples.",NEB Next RNA First-strand synthesis and NEBNext Ultra Directional RNA Second strand synthesis were used. Remaining steps were performed using NEBNext Ultra II DNA library Prep kit  for Illumina.,9606,"The libraries were normalized, pooled, and denatured. Pooled libraries were loaded on Illumina NovaSeq S4 lane using Xp protocol per manufacturer's recommendations.",Base-calling was performed with RTA v.3.4.4. Program bcl2fastq2 was used to demultiplex and generate fastq reads. Raw fastq files were subjected to cutadapt for  adapter trimming. Trimmed Reads were aligned to human genome 38 using STAR v.2.7.3a.,Assembly: hg38,Supplementary files format and content: tab-delimited text file includes raw count data for each sample,GPL24676,"Sambasivarao,,Damaraju",sdamaraj@ualberta.ca,7807821469,Laboratory Medicine and Pathology,University of Alberta,11560 University Avenue,Edmonton,Alberta,T6G1Z2,Canada,0,Illumina NovaSeq 6000,cDNA,transcriptomic,RNA-Seq,BioSample: https://www.ncbi.nlm.nih.gov/biosample/SAMN39735598,SRA: https://www.ncbi.nlm.nih.gov/sra?term=SRX23504007,NONE,Rectus abdominis muscle;Skeletal muscle tissue,Pancreas,CPS-LowOrMid
AB_29,0.8452136077641189,0.6541872134540759,0.19102639431004298,1.0898633311335304,GSM8059515,"AB_29, Colorectal",GSM8059515,Public on Jul 15 2025,Feb 01 2024,Jul 15 2025,SRA,1,Skeletal muscle tissue,Homo sapiens,tissue: Rectus abdominis muscle,tissue: Skeletal muscle tissue,Not Applicable,Not Applicable,total RNA,"RNA extraction was performed using the Trizol method and Qiagen RNAeasy midi kit (Mississauga, ON). The optical density (OD) 260/280 ratio was measured using Nanodrop, and RNA integrity number (RIN) was assessed using Agilent Bio-analyzer 2100 for all the samples.",NEB Next RNA First-strand synthesis and NEBNext Ultra Directional RNA Second strand synthesis were used. Remaining steps were performed using NEBNext Ultra II DNA library Prep kit  for Illumina.,9606,"The libraries were normalized, pooled, and denatured. Pooled libraries were loaded on Illumina NovaSeq S4 lane using Xp protocol per manufacturer's recommendations.",Base-calling was performed with RTA v.3.4.4. Program bcl2fastq2 was used to demultiplex and generate fastq reads. Raw fastq files were subjected to cutadapt for  adapter trimming. Trimmed Reads were aligned to human genome 38 using STAR v.2.7.3a.,Assembly: hg38,Supplementary files format and content: tab-delimited text file includes raw count data for each sample,GPL24676,"Sambasivarao,,Damaraju",sdamaraj@ualberta.ca,7807821469,Laboratory Medicine and Pathology,University of Alberta,11560 University Avenue,Edmonton,Alberta,T6G1Z2,Canada,0,Illumina NovaSeq 6000,cDNA,transcriptomic,RNA-Seq,BioSample: https://www.ncbi.nlm.nih.gov/biosample/SAMN39735597,SRA: https://www.ncbi.nlm.nih.gov/sra?term=SRX23504008,NONE,Rectus abdominis muscle;Skeletal muscle tissue,Colorectal,CPS-High
AB_31,0.8466394165784581,0.7351384337389213,0.1115009828395368,0.7283605119161278,GSM8059517,"AB_31, Pancreas",GSM8059517,Public on Jul 15 2025,Feb 01 2024,Jul 15 2025,SRA,1,Skeletal muscle tissue,Homo sapiens,tissue: Rectus abdominis muscle,tissue: Skeletal muscle tissue,Not Applicable,Not Applicable,total RNA,"RNA extraction was performed using the Trizol method and Qiagen RNAeasy midi kit (Mississauga, ON). The optical density (OD) 260/280 ratio was measured using Nanodrop, and RNA integrity number (RIN) was assessed using Agilent Bio-analyzer 2100 for all the samples.",NEB Next RNA First-strand synthesis and NEBNext Ultra Directional RNA Second strand synthesis were used. Remaining steps were performed using NEBNext Ultra II DNA library Prep kit  for Illumina.,9606,"The libraries were normalized, pooled, and denatured. Pooled libraries were loaded on Illumina NovaSeq S4 lane using Xp protocol per manufacturer's recommendations.",Base-calling was performed with RTA v.3.4.4. Program bcl2fastq2 was used to demultiplex and generate fastq reads. Raw fastq files were subjected to cutadapt for  adapter trimming. Trimmed Reads were aligned to human genome 38 using STAR v.2.7.3a.,Assembly: hg38,Supplementary files format and content: tab-delimited text file includes raw count data for each sample,GPL24676,"Sambasivarao,,Damaraju",sdamaraj@ualberta.ca,7807821469,Laboratory Medicine and Pathology,University of Alberta,11560 University Avenue,Edmonton,Alberta,T6G1Z2,Canada,0,Illumina NovaSeq 6000,cDNA,transcriptomic,RNA-Seq,BioSample: https://www.ncbi.nlm.nih.gov/biosample/SAMN39735595,SRA: https://www.ncbi.nlm.nih.gov/sra?term=SRX23504010,NONE,Rectus abdominis muscle;Skeletal muscle tissue,Pancreas,CPS-High
AB_32,0.6528625991923698,0.6415381393166147,0.011324459875755033,0.27298285587929244,GSM8059518,"AB_32, Colorectal",GSM8059518,Public on Jul 15 2025,Feb 01 2024,Jul 15 2025,SRA,1,Skeletal muscle tissue,Homo sapiens,tissue: Rectus abdominis muscle,tissue: Skeletal muscle tissue,Not Applicable,Not Applicable,total RNA,"RNA extraction was performed using the Trizol method and Qiagen RNAeasy midi kit (Mississauga, ON). The optical density (OD) 260/280 ratio was measured using Nanodrop, and RNA integrity number (RIN) was assessed using Agilent Bio-analyzer 2100 for all the samples.",NEB Next RNA First-strand synthesis and NEBNext Ultra Directional RNA Second strand synthesis were used. Remaining steps were performed using NEBNext Ultra II DNA library Prep kit  for Illumina.,9606,"The libraries were normalized, pooled, and denatured. Pooled libraries were loaded on Illumina NovaSeq S4 lane using Xp protocol per manufacturer's recommendations.",Base-calling was performed with RTA v.3.4.4. Program bcl2fastq2 was used to demultiplex and generate fastq reads. Raw fastq files were subjected to cutadapt for  adapter trimming. Trimmed Reads were aligned to human genome 38 using STAR v.2.7.3a.,Assembly: hg38,Supplementary files format and content: tab-delimited text file includes raw count data for each sample,GPL24676,"Sambasivarao,,Damaraju",sdamaraj@ualberta.ca,7807821469,Laboratory Medicine and Pathology,University of Alberta,11560 University Avenue,Edmonton,Alberta,T6G1Z2,Canada,0,Illumina NovaSeq 6000,cDNA,transcriptomic,RNA-Seq,BioSample: https://www.ncbi.nlm.nih.gov/biosample/SAMN39735594,SRA: https://www.ncbi.nlm.nih.gov/sra?term=SRX23504011,NONE,Rectus abdominis muscle;Skeletal muscle tissue,Colorectal,CPS-LowOrMid
AB_33,0.8549922637233093,0.5745168905146718,0.28047537320863747,1.4964762294516034,GSM8059519,"AB_33, Colorectal",GSM8059519,Public on Jul 15 2025,Feb 01 2024,Jul 15 2025,SRA,1,Skeletal muscle tissue,Homo sapiens,tissue: Rectus abdominis muscle,tissue: Skeletal muscle tissue,Not Applicable,Not Applicable,total RNA,"RNA extraction was performed using the Trizol method and Qiagen RNAeasy midi kit (Mississauga, ON). The optical density (OD) 260/280 ratio was measured using Nanodrop, and RNA integrity number (RIN) was assessed using Agilent Bio-analyzer 2100 for all the samples.",NEB Next RNA First-strand synthesis and NEBNext Ultra Directional RNA Second strand synthesis were used. Remaining steps were performed using NEBNext Ultra II DNA library Prep kit  for Illumina.,9606,"The libraries were normalized, pooled, and denatured. Pooled libraries were loaded on Illumina NovaSeq S4 lane using Xp protocol per manufacturer's recommendations.",Base-calling was performed with RTA v.3.4.4. Program bcl2fastq2 was used to demultiplex and generate fastq reads. Raw fastq files were subjected to cutadapt for  adapter trimming. Trimmed Reads were aligned to human genome 38 using STAR v.2.7.3a.,Assembly: hg38,Supplementary files format and content: tab-delimited text file includes raw count data for each sample,GPL24676,"Sambasivarao,,Damaraju",sdamaraj@ualberta.ca,7807821469,Laboratory Medicine and Pathology,University of Alberta,11560 University Avenue,Edmonton,Alberta,T6G1Z2,Canada,0,Illumina NovaSeq 6000,cDNA,transcriptomic,RNA-Seq,BioSample: https://www.ncbi.nlm.nih.gov/biosample/SAMN39735593,SRA: https://www.ncbi.nlm.nih.gov/sra?term=SRX23504012,NONE,Rectus abdominis muscle;Skeletal muscle tissue,Colorectal,CPS-High
AB_34,0.6295712653380977,0.8695452000831099,-0.23997393474501216,-0.8693573903438491,GSM8059520,"AB_34, Pancreas",GSM8059520,Public on Jul 15 2025,Feb 01 2024,Jul 15 2025,SRA,1,Skeletal muscle tissue,Homo sapiens,tissue: Rectus abdominis muscle,tissue: Skeletal muscle tissue,Not Applicable,Not Applicable,total RNA,"RNA extraction was performed using the Trizol method and Qiagen RNAeasy midi kit (Mississauga, ON). The optical density (OD) 260/280 ratio was measured using Nanodrop, and RNA integrity number (RIN) was assessed using Agilent Bio-analyzer 2100 for all the samples.",NEB Next RNA First-strand synthesis and NEBNext Ultra Directional RNA Second strand synthesis were used. Remaining steps were performed using NEBNext Ultra II DNA library Prep kit  for Illumina.,9606,"The libraries were normalized, pooled, and denatured. Pooled libraries were loaded on Illumina NovaSeq S4 lane using Xp protocol per manufacturer's recommendations.",Base-calling was performed with RTA v.3.4.4. Program bcl2fastq2 was used to demultiplex and generate fastq reads. Raw fastq files were subjected to cutadapt for  adapter trimming. Trimmed Reads were aligned to human genome 38 using STAR v.2.7.3a.,Assembly: hg38,Supplementary files format and content: tab-delimited text file includes raw count data for each sample,GPL24676,"Sambasivarao,,Damaraju",sdamaraj@ualberta.ca,7807821469,Laboratory Medicine and Pathology,University of Alberta,11560 University Avenue,Edmonton,Alberta,T6G1Z2,Canada,0,Illumina NovaSeq 6000,cDNA,transcriptomic,RNA-Seq,BioSample: https://www.ncbi.nlm.nih.gov/biosample/SAMN39735592,SRA: https://www.ncbi.nlm.nih.gov/sra?term=SRX23504013,NONE,Rectus abdominis muscle;Skeletal muscle tissue,Pancreas,CPS-LowOrMid
AB_35,0.5451156966986604,0.911279006469049,-0.3661633097703886,-1.442983027526174,GSM8059521,"AB_35, Colorectal",GSM8059521,Public on Jul 15 2025,Feb 01 2024,Jul 15 2025,SRA,1,Skeletal muscle tissue,Homo sapiens,tissue: Rectus abdominis muscle,tissue: Skeletal muscle tissue,Not Applicable,Not Applicable,total RNA,"RNA extraction was performed using the Trizol method and Qiagen RNAeasy midi kit (Mississauga, ON). The optical density (OD) 260/280 ratio was measured using Nanodrop, and RNA integrity number (RIN) was assessed using Agilent Bio-analyzer 2100 for all the samples.",NEB Next RNA First-strand synthesis and NEBNext Ultra Directional RNA Second strand synthesis were used. Remaining steps were performed using NEBNext Ultra II DNA library Prep kit  for Illumina.,9606,"The libraries were normalized, pooled, and denatured. Pooled libraries were loaded on Illumina NovaSeq S4 lane using Xp protocol per manufacturer's recommendations.",Base-calling was performed with RTA v.3.4.4. Program bcl2fastq2 was used to demultiplex and generate fastq reads. Raw fastq files were subjected to cutadapt for  adapter trimming. Trimmed Reads were aligned to human genome 38 using STAR v.2.7.3a.,Assembly: hg38,Supplementary files format and content: tab-delimited text file includes raw count data for each sample,GPL24676,"Sambasivarao,,Damaraju",sdamaraj@ualberta.ca,7807821469,Laboratory Medicine and Pathology,University of Alberta,11560 University Avenue,Edmonton,Alberta,T6G1Z2,Canada,0,Illumina NovaSeq 6000,cDNA,transcriptomic,RNA-Seq,BioSample: https://www.ncbi.nlm.nih.gov/biosample/SAMN39735591,SRA: https://www.ncbi.nlm.nih.gov/sra?term=SRX23504014,NONE,Rectus abdominis muscle;Skeletal muscle tissue,Colorectal,CPS-LowOrMid
AB_36,0.6340397254368733,0.9803552288271712,-0.34631550339029793,-1.3527598167434802,GSM8059522,"AB_36, Pancreas",GSM8059522,Public on Jul 15 2025,Feb 01 2024,Jul 15 2025,SRA,1,Skeletal muscle tissue,Homo sapiens,tissue: Rectus abdominis muscle,tissue: Skeletal muscle tissue,Not Applicable,Not Applicable,total RNA,"RNA extraction was performed using the Trizol method and Qiagen RNAeasy midi kit (Mississauga, ON). The optical density (OD) 260/280 ratio was measured using Nanodrop, and RNA integrity number (RIN) was assessed using Agilent Bio-analyzer 2100 for all the samples.",NEB Next RNA First-strand synthesis and NEBNext Ultra Directional RNA Second strand synthesis were used. Remaining steps were performed using NEBNext Ultra II DNA library Prep kit  for Illumina.,9606,"The libraries were normalized, pooled, and denatured. Pooled libraries were loaded on Illumina NovaSeq S4 lane using Xp protocol per manufacturer's recommendations.",Base-calling was performed with RTA v.3.4.4. Program bcl2fastq2 was used to demultiplex and generate fastq reads. Raw fastq files were subjected to cutadapt for  adapter trimming. Trimmed Reads were aligned to human genome 38 using STAR v.2.7.3a.,Assembly: hg38,Supplementary files format and content: tab-delimited text file includes raw count data for each sample,GPL24676,"Sambasivarao,,Damaraju",sdamaraj@ualberta.ca,7807821469,Laboratory Medicine and Pathology,University of Alberta,11560 University Avenue,Edmonton,Alberta,T6G1Z2,Canada,0,Illumina NovaSeq 6000,cDNA,transcriptomic,RNA-Seq,BioSample: https://www.ncbi.nlm.nih.gov/biosample/SAMN39735590,SRA: https://www.ncbi.nlm.nih.gov/sra?term=SRX23504015,NONE,Rectus abdominis muscle;Skeletal muscle tissue,Pancreas,CPS-LowOrMid
AB_37,0.4852491844972306,0.4451287147016471,0.04012046979558348,0.40388238315921104,GSM8059523,"AB_37, Colorectal",GSM8059523,Public on Jul 15 2025,Feb 01 2024,Jul 15 2025,SRA,1,Skeletal muscle tissue,Homo sapiens,tissue: Rectus abdominis muscle,tissue: Skeletal muscle tissue,Not Applicable,Not Applicable,total RNA,"RNA extraction was performed using the Trizol method and Qiagen RNAeasy midi kit (Mississauga, ON). The optical density (OD) 260/280 ratio was measured using Nanodrop, and RNA integrity number (RIN) was assessed using Agilent Bio-analyzer 2100 for all the samples.",NEB Next RNA First-strand synthesis and NEBNext Ultra Directional RNA Second strand synthesis were used. Remaining steps were performed using NEBNext Ultra II DNA library Prep kit  for Illumina.,9606,"The libraries were normalized, pooled, and denatured. Pooled libraries were loaded on Illumina NovaSeq S4 lane using Xp protocol per manufacturer's recommendations.",Base-calling was performed with RTA v.3.4.4. Program bcl2fastq2 was used to demultiplex and generate fastq reads. Raw fastq files were subjected to cutadapt for  adapter trimming. Trimmed Reads were aligned to human genome 38 using STAR v.2.7.3a.,Assembly: hg38,Supplementary files format and content: tab-delimited text file includes raw count data for each sample,GPL24676,"Sambasivarao,,Damaraju",sdamaraj@ualberta.ca,7807821469,Laboratory Medicine and Pathology,University of Alberta,11560 University Avenue,Edmonton,Alberta,T6G1Z2,Canada,0,Illumina NovaSeq 6000,cDNA,transcriptomic,RNA-Seq,BioSample: https://www.ncbi.nlm.nih.gov/biosample/SAMN39735589,SRA: https://www.ncbi.nlm.nih.gov/sra?term=SRX23504016,NONE,Rectus abdominis muscle;Skeletal muscle tissue,Colorectal,CPS-LowOrMid
AB_38,0.49497070088664447,0.9475457885854136,-0.45257508769876914,-1.8357895626584448,GSM8059524,"AB_38, Colorectal",GSM8059524,Public on Jul 15 2025,Feb 01 2024,Jul 15 2025,SRA,1,Skeletal muscle tissue,Homo sapiens,tissue: Rectus abdominis muscle,tissue: Skeletal muscle tissue,Not Applicable,Not Applicable,total RNA,"RNA extraction was performed using the Trizol method and Qiagen RNAeasy midi kit (Mississauga, ON). The optical density (OD) 260/280 ratio was measured using Nanodrop, and RNA integrity number (RIN) was assessed using Agilent Bio-analyzer 2100 for all the samples.",NEB Next RNA First-strand synthesis and NEBNext Ultra Directional RNA Second strand synthesis were used. Remaining steps were performed using NEBNext Ultra II DNA library Prep kit  for Illumina.,9606,"The libraries were normalized, pooled, and denatured. Pooled libraries were loaded on Illumina NovaSeq S4 lane using Xp protocol per manufacturer's recommendations.",Base-calling was performed with RTA v.3.4.4. Program bcl2fastq2 was used to demultiplex and generate fastq reads. Raw fastq files were subjected to cutadapt for  adapter trimming. Trimmed Reads were aligned to human genome 38 using STAR v.2.7.3a.,Assembly: hg38,Supplementary files format and content: tab-delimited text file includes raw count data for each sample,GPL24676,"Sambasivarao,,Damaraju",sdamaraj@ualberta.ca,7807821469,Laboratory Medicine and Pathology,University of Alberta,11560 University Avenue,Edmonton,Alberta,T6G1Z2,Canada,0,Illumina NovaSeq 6000,cDNA,transcriptomic,RNA-Seq,BioSample: https://www.ncbi.nlm.nih.gov/biosample/SAMN39735588,SRA: https://www.ncbi.nlm.nih.gov/sra?term=SRX23504017,NONE,Rectus abdominis muscle;Skeletal muscle tissue,Colorectal,CPS-LowOrMid
AB_39,0.6630077872873661,0.7764369966973651,-0.11342920940999901,-0.29411641868707034,GSM8059525,"AB_39, Pancreas",GSM8059525,Public on Jul 15 2025,Feb 01 2024,Jul 15 2025,SRA,1,Skeletal muscle tissue,Homo sapiens,tissue: Rectus abdominis muscle,tissue: Skeletal muscle tissue,Not Applicable,Not Applicable,total RNA,"RNA extraction was performed using the Trizol method and Qiagen RNAeasy midi kit (Mississauga, ON). The optical density (OD) 260/280 ratio was measured using Nanodrop, and RNA integrity number (RIN) was assessed using Agilent Bio-analyzer 2100 for all the samples.",NEB Next RNA First-strand synthesis and NEBNext Ultra Directional RNA Second strand synthesis were used. Remaining steps were performed using NEBNext Ultra II DNA library Prep kit  for Illumina.,9606,"The libraries were normalized, pooled, and denatured. Pooled libraries were loaded on Illumina NovaSeq S4 lane using Xp protocol per manufacturer's recommendations.",Base-calling was performed with RTA v.3.4.4. Program bcl2fastq2 was used to demultiplex and generate fastq reads. Raw fastq files were subjected to cutadapt for  adapter trimming. Trimmed Reads were aligned to human genome 38 using STAR v.2.7.3a.,Assembly: hg38,Supplementary files format and content: tab-delimited text file includes raw count data for each sample,GPL24676,"Sambasivarao,,Damaraju",sdamaraj@ualberta.ca,7807821469,Laboratory Medicine and Pathology,University of Alberta,11560 University Avenue,Edmonton,Alberta,T6G1Z2,Canada,0,Illumina NovaSeq 6000,cDNA,transcriptomic,RNA-Seq,BioSample: https://www.ncbi.nlm.nih.gov/biosample/SAMN39735587,SRA: https://www.ncbi.nlm.nih.gov/sra?term=SRX23504018,NONE,Rectus abdominis muscle;Skeletal muscle tissue,Pancreas,CPS-LowOrMid
AB_40,0.7333986671344506,1.0179519549375577,-0.2845532878031072,-1.0720040854240263,GSM8059526,"AB_40, Colorectal",GSM8059526,Public on Jul 15 2025,Feb 01 2024,Jul 15 2025,SRA,1,Skeletal muscle tissue,Homo sapiens,tissue: Rectus abdominis muscle,tissue: Skeletal muscle tissue,Not Applicable,Not Applicable,total RNA,"RNA extraction was performed using the Trizol method and Qiagen RNAeasy midi kit (Mississauga, ON). The optical density (OD) 260/280 ratio was measured using Nanodrop, and RNA integrity number (RIN) was assessed using Agilent Bio-analyzer 2100 for all the samples.",NEB Next RNA First-strand synthesis and NEBNext Ultra Directional RNA Second strand synthesis were used. Remaining steps were performed using NEBNext Ultra II DNA library Prep kit  for Illumina.,9606,"The libraries were normalized, pooled, and denatured. Pooled libraries were loaded on Illumina NovaSeq S4 lane using Xp protocol per manufacturer's recommendations.",Base-calling was performed with RTA v.3.4.4. Program bcl2fastq2 was used to demultiplex and generate fastq reads. Raw fastq files were subjected to cutadapt for  adapter trimming. Trimmed Reads were aligned to human genome 38 using STAR v.2.7.3a.,Assembly: hg38,Supplementary files format and content: tab-delimited text file includes raw count data for each sample,GPL24676,"Sambasivarao,,Damaraju",sdamaraj@ualberta.ca,7807821469,Laboratory Medicine and Pathology,University of Alberta,11560 University Avenue,Edmonton,Alberta,T6G1Z2,Canada,0,Illumina NovaSeq 6000,cDNA,transcriptomic,RNA-Seq,BioSample: https://www.ncbi.nlm.nih.gov/biosample/SAMN39735586,SRA: https://www.ncbi.nlm.nih.gov/sra?term=SRX23504019,NONE,Rectus abdominis muscle;Skeletal muscle tissue,Colorectal,CPS-LowOrMid
AB_41,0.6518070747830438,0.848621776741175,-0.19681470195813122,-0.6731662102013353,GSM8059527,"AB_41, Pancreas",GSM8059527,Public on Jul 15 2025,Feb 01 2024,Jul 15 2025,SRA,1,Skeletal muscle tissue,Homo sapiens,tissue: Rectus abdominis muscle,tissue: Skeletal muscle tissue,Not Applicable,Not Applicable,total RNA,"RNA extraction was performed using the Trizol method and Qiagen RNAeasy midi kit (Mississauga, ON). The optical density (OD) 260/280 ratio was measured using Nanodrop, and RNA integrity number (RIN) was assessed using Agilent Bio-analyzer 2100 for all the samples.",NEB Next RNA First-strand synthesis and NEBNext Ultra Directional RNA Second strand synthesis were used. Remaining steps were performed using NEBNext Ultra II DNA library Prep kit  for Illumina.,9606,"The libraries were normalized, pooled, and denatured. Pooled libraries were loaded on Illumina NovaSeq S4 lane using Xp protocol per manufacturer's recommendations.",Base-calling was performed with RTA v.3.4.4. Program bcl2fastq2 was used to demultiplex and generate fastq reads. Raw fastq files were subjected to cutadapt for  adapter trimming. Trimmed Reads were aligned to human genome 38 using STAR v.2.7.3a.,Assembly: hg38,Supplementary files format and content: tab-delimited text file includes raw count data for each sample,GPL24676,"Sambasivarao,,Damaraju",sdamaraj@ualberta.ca,7807821469,Laboratory Medicine and Pathology,University of Alberta,11560 University Avenue,Edmonton,Alberta,T6G1Z2,Canada,0,Illumina NovaSeq 6000,cDNA,transcriptomic,RNA-Seq,BioSample: https://www.ncbi.nlm.nih.gov/biosample/SAMN39735585,SRA: https://www.ncbi.nlm.nih.gov/sra?term=SRX23504020,NONE,Rectus abdominis muscle;Skeletal muscle tissue,Pancreas,CPS-LowOrMid
AB_42,0.6358964478677556,0.5717234431081851,0.06417300475957044,0.5132192484205896,GSM8059528,"AB_42, Pancreas",GSM8059528,Public on Jul 15 2025,Feb 01 2024,Jul 15 2025,SRA,1,Skeletal muscle tissue,Homo sapiens,tissue: Rectus abdominis muscle,tissue: Skeletal muscle tissue,Not Applicable,Not Applicable,total RNA,"RNA extraction was performed using the Trizol method and Qiagen RNAeasy midi kit (Mississauga, ON). The optical density (OD) 260/280 ratio was measured using Nanodrop, and RNA integrity number (RIN) was assessed using Agilent Bio-analyzer 2100 for all the samples.",NEB Next RNA First-strand synthesis and NEBNext Ultra Directional RNA Second strand synthesis were used. Remaining steps were performed using NEBNext Ultra II DNA library Prep kit  for Illumina.,9606,"The libraries were normalized, pooled, and denatured. Pooled libraries were loaded on Illumina NovaSeq S4 lane using Xp protocol per manufacturer's recommendations.",Base-calling was performed with RTA v.3.4.4. Program bcl2fastq2 was used to demultiplex and generate fastq reads. Raw fastq files were subjected to cutadapt for  adapter trimming. Trimmed Reads were aligned to human genome 38 using STAR v.2.7.3a.,Assembly: hg38,Supplementary files format and content: tab-delimited text file includes raw count data for each sample,GPL24676,"Sambasivarao,,Damaraju",sdamaraj@ualberta.ca,7807821469,Laboratory Medicine and Pathology,University of Alberta,11560 University Avenue,Edmonton,Alberta,T6G1Z2,Canada,0,Illumina NovaSeq 6000,cDNA,transcriptomic,RNA-Seq,BioSample: https://www.ncbi.nlm.nih.gov/biosample/SAMN39735584,SRA: https://www.ncbi.nlm.nih.gov/sra?term=SRX23504021,NONE,Rectus abdominis muscle;Skeletal muscle tissue,Pancreas,CPS-High
AB_44,0.6239627724752655,0.9670078867382025,-0.34304511426293693,-1.337893437964448,GSM8059530,"AB_44, Pancreas",GSM8059530,Public on Jul 15 2025,Feb 01 2024,Jul 15 2025,SRA,1,Skeletal muscle tissue,Homo sapiens,tissue: Rectus abdominis muscle,tissue: Skeletal muscle tissue,Not Applicable,Not Applicable,total RNA,"RNA extraction was performed using the Trizol method and Qiagen RNAeasy midi kit (Mississauga, ON). The optical density (OD) 260/280 ratio was measured using Nanodrop, and RNA integrity number (RIN) was assessed using Agilent Bio-analyzer 2100 for all the samples.",NEB Next RNA First-strand synthesis and NEBNext Ultra Directional RNA Second strand synthesis were used. Remaining steps were performed using NEBNext Ultra II DNA library Prep kit  for Illumina.,9606,"The libraries were normalized, pooled, and denatured. Pooled libraries were loaded on Illumina NovaSeq S4 lane using Xp protocol per manufacturer's recommendations.",Base-calling was performed with RTA v.3.4.4. Program bcl2fastq2 was used to demultiplex and generate fastq reads. Raw fastq files were subjected to cutadapt for  adapter trimming. Trimmed Reads were aligned to human genome 38 using STAR v.2.7.3a.,Assembly: hg38,Supplementary files format and content: tab-delimited text file includes raw count data for each sample,GPL24676,"Sambasivarao,,Damaraju",sdamaraj@ualberta.ca,7807821469,Laboratory Medicine and Pathology,University of Alberta,11560 University Avenue,Edmonton,Alberta,T6G1Z2,Canada,0,Illumina NovaSeq 6000,cDNA,transcriptomic,RNA-Seq,BioSample: https://www.ncbi.nlm.nih.gov/biosample/SAMN39735582,SRA: https://www.ncbi.nlm.nih.gov/sra?term=SRX23504023,NONE,Rectus abdominis muscle;Skeletal muscle tissue,Pancreas,CPS-LowOrMid
AB_45,0.7117926947511061,0.6481597843339272,0.06363291041717889,0.5107641133410268,GSM8059531,"AB_45, Pancreas",GSM8059531,Public on Jul 15 2025,Feb 01 2024,Jul 15 2025,SRA,1,Skeletal muscle tissue,Homo sapiens,tissue: Rectus abdominis muscle,tissue: Skeletal muscle tissue,Not Applicable,Not Applicable,total RNA,"RNA extraction was performed using the Trizol method and Qiagen RNAeasy midi kit (Mississauga, ON). The optical density (OD) 260/280 ratio was measured using Nanodrop, and RNA integrity number (RIN) was assessed using Agilent Bio-analyzer 2100 for all the samples.",NEB Next RNA First-strand synthesis and NEBNext Ultra Directional RNA Second strand synthesis were used. Remaining steps were performed using NEBNext Ultra II DNA library Prep kit  for Illumina.,9606,"The libraries were normalized, pooled, and denatured. Pooled libraries were loaded on Illumina NovaSeq S4 lane using Xp protocol per manufacturer's recommendations.",Base-calling was performed with RTA v.3.4.4. Program bcl2fastq2 was used to demultiplex and generate fastq reads. Raw fastq files were subjected to cutadapt for  adapter trimming. Trimmed Reads were aligned to human genome 38 using STAR v.2.7.3a.,Assembly: hg38,Supplementary files format and content: tab-delimited text file includes raw count data for each sample,GPL24676,"Sambasivarao,,Damaraju",sdamaraj@ualberta.ca,7807821469,Laboratory Medicine and Pathology,University of Alberta,11560 University Avenue,Edmonton,Alberta,T6G1Z2,Canada,0,Illumina NovaSeq 6000,cDNA,transcriptomic,RNA-Seq,BioSample: https://www.ncbi.nlm.nih.gov/biosample/SAMN39735581,SRA: https://www.ncbi.nlm.nih.gov/sra?term=SRX23504024,NONE,Rectus abdominis muscle;Skeletal muscle tissue,Pancreas,CPS-High
AB_46,0.8101502377040058,0.8329177333463359,-0.02276749564233005,0.11800927190742198,GSM8059532,"AB_46, Pancreas",GSM8059532,Public on Jul 15 2025,Feb 01 2024,Jul 15 2025,SRA,1,Skeletal muscle tissue,Homo sapiens,tissue: Rectus abdominis muscle,tissue: Skeletal muscle tissue,Not Applicable,Not Applicable,total RNA,"RNA extraction was performed using the Trizol method and Qiagen RNAeasy midi kit (Mississauga, ON). The optical density (OD) 260/280 ratio was measured using Nanodrop, and RNA integrity number (RIN) was assessed using Agilent Bio-analyzer 2100 for all the samples.",NEB Next RNA First-strand synthesis and NEBNext Ultra Directional RNA Second strand synthesis were used. Remaining steps were performed using NEBNext Ultra II DNA library Prep kit  for Illumina.,9606,"The libraries were normalized, pooled, and denatured. Pooled libraries were loaded on Illumina NovaSeq S4 lane using Xp protocol per manufacturer's recommendations.",Base-calling was performed with RTA v.3.4.4. Program bcl2fastq2 was used to demultiplex and generate fastq reads. Raw fastq files were subjected to cutadapt for  adapter trimming. Trimmed Reads were aligned to human genome 38 using STAR v.2.7.3a.,Assembly: hg38,Supplementary files format and content: tab-delimited text file includes raw count data for each sample,GPL24676,"Sambasivarao,,Damaraju",sdamaraj@ualberta.ca,7807821469,Laboratory Medicine and Pathology,University of Alberta,11560 University Avenue,Edmonton,Alberta,T6G1Z2,Canada,0,Illumina NovaSeq 6000,cDNA,transcriptomic,RNA-Seq,BioSample: https://www.ncbi.nlm.nih.gov/biosample/SAMN39735580,SRA: https://www.ncbi.nlm.nih.gov/sra?term=SRX23504025,NONE,Rectus abdominis muscle;Skeletal muscle tissue,Pancreas,CPS-LowOrMid
AB_47,0.7192411315880021,0.765637280001761,-0.04639614841375894,0.010599270082425876,GSM8059533,"AB_47, Colorectal",GSM8059533,Public on Jul 15 2025,Feb 01 2024,Jul 15 2025,SRA,1,Skeletal muscle tissue,Homo sapiens,tissue: Rectus abdominis muscle,tissue: Skeletal muscle tissue,Not Applicable,Not Applicable,total RNA,"RNA extraction was performed using the Trizol method and Qiagen RNAeasy midi kit (Mississauga, ON). The optical density (OD) 260/280 ratio was measured using Nanodrop, and RNA integrity number (RIN) was assessed using Agilent Bio-analyzer 2100 for all the samples.",NEB Next RNA First-strand synthesis and NEBNext Ultra Directional RNA Second strand synthesis were used. Remaining steps were performed using NEBNext Ultra II DNA library Prep kit  for Illumina.,9606,"The libraries were normalized, pooled, and denatured. Pooled libraries were loaded on Illumina NovaSeq S4 lane using Xp protocol per manufacturer's recommendations.",Base-calling was performed with RTA v.3.4.4. Program bcl2fastq2 was used to demultiplex and generate fastq reads. Raw fastq files were subjected to cutadapt for  adapter trimming. Trimmed Reads were aligned to human genome 38 using STAR v.2.7.3a.,Assembly: hg38,Supplementary files format and content: tab-delimited text file includes raw count data for each sample,GPL24676,"Sambasivarao,,Damaraju",sdamaraj@ualberta.ca,7807821469,Laboratory Medicine and Pathology,University of Alberta,11560 University Avenue,Edmonton,Alberta,T6G1Z2,Canada,0,Illumina NovaSeq 6000,cDNA,transcriptomic,RNA-Seq,BioSample: https://www.ncbi.nlm.nih.gov/biosample/SAMN39735579,SRA: https://www.ncbi.nlm.nih.gov/sra?term=SRX23504026,NONE,Rectus abdominis muscle;Skeletal muscle tissue,Colorectal,CPS-LowOrMid
AB_48,0.825724776807138,0.7184995533339489,0.10722522347318908,0.7089239690973187,GSM8059534,"AB_48, Colorectal",GSM8059534,Public on Jul 15 2025,Feb 01 2024,Jul 15 2025,SRA,1,Skeletal muscle tissue,Homo sapiens,tissue: Rectus abdominis muscle,tissue: Skeletal muscle tissue,Not Applicable,Not Applicable,total RNA,"RNA extraction was performed using the Trizol method and Qiagen RNAeasy midi kit (Mississauga, ON). The optical density (OD) 260/280 ratio was measured using Nanodrop, and RNA integrity number (RIN) was assessed using Agilent Bio-analyzer 2100 for all the samples.",NEB Next RNA First-strand synthesis and NEBNext Ultra Directional RNA Second strand synthesis were used. Remaining steps were performed using NEBNext Ultra II DNA library Prep kit  for Illumina.,9606,"The libraries were normalized, pooled, and denatured. Pooled libraries were loaded on Illumina NovaSeq S4 lane using Xp protocol per manufacturer's recommendations.",Base-calling was performed with RTA v.3.4.4. Program bcl2fastq2 was used to demultiplex and generate fastq reads. Raw fastq files were subjected to cutadapt for  adapter trimming. Trimmed Reads were aligned to human genome 38 using STAR v.2.7.3a.,Assembly: hg38,Supplementary files format and content: tab-delimited text file includes raw count data for each sample,GPL24676,"Sambasivarao,,Damaraju",sdamaraj@ualberta.ca,7807821469,Laboratory Medicine and Pathology,University of Alberta,11560 University Avenue,Edmonton,Alberta,T6G1Z2,Canada,0,Illumina NovaSeq 6000,cDNA,transcriptomic,RNA-Seq,BioSample: https://www.ncbi.nlm.nih.gov/biosample/SAMN39735578,SRA: https://www.ncbi.nlm.nih.gov/sra?term=SRX23504027,NONE,Rectus abdominis muscle;Skeletal muscle tissue,Colorectal,CPS-High
AB_49,0.6419390894968662,0.5468731148113761,0.09506597468549005,0.6536510363951824,GSM8059535,"AB_49, Pancreas",GSM8059535,Public on Jul 15 2025,Feb 01 2024,Jul 15 2025,SRA,1,Skeletal muscle tissue,Homo sapiens,tissue: Rectus abdominis muscle,tissue: Skeletal muscle tissue,Not Applicable,Not Applicable,total RNA,"RNA extraction was performed using the Trizol method and Qiagen RNAeasy midi kit (Mississauga, ON). The optical density (OD) 260/280 ratio was measured using Nanodrop, and RNA integrity number (RIN) was assessed using Agilent Bio-analyzer 2100 for all the samples.",NEB Next RNA First-strand synthesis and NEBNext Ultra Directional RNA Second strand synthesis were used. Remaining steps were performed using NEBNext Ultra II DNA library Prep kit  for Illumina.,9606,"The libraries were normalized, pooled, and denatured. Pooled libraries were loaded on Illumina NovaSeq S4 lane using Xp protocol per manufacturer's recommendations.",Base-calling was performed with RTA v.3.4.4. Program bcl2fastq2 was used to demultiplex and generate fastq reads. Raw fastq files were subjected to cutadapt for  adapter trimming. Trimmed Reads were aligned to human genome 38 using STAR v.2.7.3a.,Assembly: hg38,Supplementary files format and content: tab-delimited text file includes raw count data for each sample,GPL24676,"Sambasivarao,,Damaraju",sdamaraj@ualberta.ca,7807821469,Laboratory Medicine and Pathology,University of Alberta,11560 University Avenue,Edmonton,Alberta,T6G1Z2,Canada,0,Illumina NovaSeq 6000,cDNA,transcriptomic,RNA-Seq,BioSample: https://www.ncbi.nlm.nih.gov/biosample/SAMN39735577,SRA: https://www.ncbi.nlm.nih.gov/sra?term=SRX23504028,NONE,Rectus abdominis muscle;Skeletal muscle tissue,Pancreas,CPS-High
AB_50,0.7175915065194093,0.7551248603376575,-0.03753335381824818,0.050887338678086605,GSM8059536,"AB_50, Pancreas",GSM8059536,Public on Jul 15 2025,Feb 01 2024,Jul 15 2025,SRA,1,Skeletal muscle tissue,Homo sapiens,tissue: Rectus abdominis muscle,tissue: Skeletal muscle tissue,Not Applicable,Not Applicable,total RNA,"RNA extraction was performed using the Trizol method and Qiagen RNAeasy midi kit (Mississauga, ON). The optical density (OD) 260/280 ratio was measured using Nanodrop, and RNA integrity number (RIN) was assessed using Agilent Bio-analyzer 2100 for all the samples.",NEB Next RNA First-strand synthesis and NEBNext Ultra Directional RNA Second strand synthesis were used. Remaining steps were performed using NEBNext Ultra II DNA library Prep kit  for Illumina.,9606,"The libraries were normalized, pooled, and denatured. Pooled libraries were loaded on Illumina NovaSeq S4 lane using Xp protocol per manufacturer's recommendations.",Base-calling was performed with RTA v.3.4.4. Program bcl2fastq2 was used to demultiplex and generate fastq reads. Raw fastq files were subjected to cutadapt for  adapter trimming. Trimmed Reads were aligned to human genome 38 using STAR v.2.7.3a.,Assembly: hg38,Supplementary files format and content: tab-delimited text file includes raw count data for each sample,GPL24676,"Sambasivarao,,Damaraju",sdamaraj@ualberta.ca,7807821469,Laboratory Medicine and Pathology,University of Alberta,11560 University Avenue,Edmonton,Alberta,T6G1Z2,Canada,0,Illumina NovaSeq 6000,cDNA,transcriptomic,RNA-Seq,BioSample: https://www.ncbi.nlm.nih.gov/biosample/SAMN39735576,SRA: https://www.ncbi.nlm.nih.gov/sra?term=SRX23504029,NONE,Rectus abdominis muscle;Skeletal muscle tissue,Pancreas,CPS-LowOrMid
AB_51,0.8191360271107204,0.8457603000362077,-0.026624272925487302,0.10047731784174493,GSM8059537,"AB_51, Colorectal",GSM8059537,Public on Jul 15 2025,Feb 01 2024,Jul 15 2025,SRA,1,Skeletal muscle tissue,Homo sapiens,tissue: Rectus abdominis muscle,tissue: Skeletal muscle tissue,Not Applicable,Not Applicable,total RNA,"RNA extraction was performed using the Trizol method and Qiagen RNAeasy midi kit (Mississauga, ON). The optical density (OD) 260/280 ratio was measured using Nanodrop, and RNA integrity number (RIN) was assessed using Agilent Bio-analyzer 2100 for all the samples.",NEB Next RNA First-strand synthesis and NEBNext Ultra Directional RNA Second strand synthesis were used. Remaining steps were performed using NEBNext Ultra II DNA library Prep kit  for Illumina.,9606,"The libraries were normalized, pooled, and denatured. Pooled libraries were loaded on Illumina NovaSeq S4 lane using Xp protocol per manufacturer's recommendations.",Base-calling was performed with RTA v.3.4.4. Program bcl2fastq2 was used to demultiplex and generate fastq reads. Raw fastq files were subjected to cutadapt for  adapter trimming. Trimmed Reads were aligned to human genome 38 using STAR v.2.7.3a.,Assembly: hg38,Supplementary files format and content: tab-delimited text file includes raw count data for each sample,GPL24676,"Sambasivarao,,Damaraju",sdamaraj@ualberta.ca,7807821469,Laboratory Medicine and Pathology,University of Alberta,11560 University Avenue,Edmonton,Alberta,T6G1Z2,Canada,0,Illumina NovaSeq 6000,cDNA,transcriptomic,RNA-Seq,BioSample: https://www.ncbi.nlm.nih.gov/biosample/SAMN39735575,SRA: https://www.ncbi.nlm.nih.gov/sra?term=SRX23504030,NONE,Rectus abdominis muscle;Skeletal muscle tissue,Colorectal,CPS-LowOrMid
AB_19,1.0520927445345194,0.6215225809531535,0.4305701635813659,2.178769962564947,GSM8059505,"AB_19, Pancreas",GSM8059505,Public on Jul 15 2025,Feb 01 2024,Jul 15 2025,SRA,1,Skeletal muscle tissue,Homo sapiens,tissue: Rectus abdominis muscle,tissue: Skeletal muscle tissue,Not Applicable,Not Applicable,total RNA,"RNA extraction was performed using the Trizol method and Qiagen RNAeasy midi kit (Mississauga, ON). The optical density (OD) 260/280 ratio was measured using Nanodrop, and RNA integrity number (RIN) was assessed using Agilent Bio-analyzer 2100 for all the samples.",NEB Next RNA First-strand synthesis and NEBNext Ultra Directional RNA Second strand synthesis were used. Remaining steps were performed using NEBNext Ultra II DNA library Prep kit  for Illumina.,9606,"The libraries were normalized, pooled, and denatured. Pooled libraries were loaded on Illumina NovaSeq S4 lane using Xp protocol per manufacturer's recommendations.",Base-calling was performed with RTA v.3.4.4. Program bcl2fastq2 was used to demultiplex and generate fastq reads. Raw fastq files were subjected to cutadapt for  adapter trimming. Trimmed Reads were aligned to human genome 38 using STAR v.2.7.3a.,Assembly: hg38,Supplementary files format and content: tab-delimited text file includes raw count data for each sample,GPL24676,"Sambasivarao,,Damaraju",sdamaraj@ualberta.ca,7807821469,Laboratory Medicine and Pathology,University of Alberta,11560 University Avenue,Edmonton,Alberta,T6G1Z2,Canada,0,Illumina NovaSeq 6000,cDNA,transcriptomic,RNA-Seq,BioSample: https://www.ncbi.nlm.nih.gov/biosample/SAMN39735607,SRA: https://www.ncbi.nlm.nih.gov/sra?term=SRX23503998,NONE,Rectus abdominis muscle;Skeletal muscle tissue,Pancreas,CPS-High
AB_20,0.5876457466929743,0.9641334902150835,-0.37648774352210923,-1.4899153456249559,GSM8059506,"AB_20, Pancreas",GSM8059506,Public on Jul 15 2025,Feb 01 2024,Jul 15 2025,SRA,1,Skeletal muscle tissue,Homo sapiens,tissue: Rectus abdominis muscle,tissue: Skeletal muscle tissue,Not Applicable,Not Applicable,total RNA,"RNA extraction was performed using the Trizol method and Qiagen RNAeasy midi kit (Mississauga, ON). The optical density (OD) 260/280 ratio was measured using Nanodrop, and RNA integrity number (RIN) was assessed using Agilent Bio-analyzer 2100 for all the samples.",NEB Next RNA First-strand synthesis and NEBNext Ultra Directional RNA Second strand synthesis were used. Remaining steps were performed using NEBNext Ultra II DNA library Prep kit  for Illumina.,9606,"The libraries were normalized, pooled, and denatured. Pooled libraries were loaded on Illumina NovaSeq S4 lane using Xp protocol per manufacturer's recommendations.",Base-calling was performed with RTA v.3.4.4. Program bcl2fastq2 was used to demultiplex and generate fastq reads. Raw fastq files were subjected to cutadapt for  adapter trimming. Trimmed Reads were aligned to human genome 38 using STAR v.2.7.3a.,Assembly: hg38,Supplementary files format and content: tab-delimited text file includes raw count data for each sample,GPL24676,"Sambasivarao,,Damaraju",sdamaraj@ualberta.ca,7807821469,Laboratory Medicine and Pathology,University of Alberta,11560 University Avenue,Edmonton,Alberta,T6G1Z2,Canada,0,Illumina NovaSeq 6000,cDNA,transcriptomic,RNA-Seq,BioSample: https://www.ncbi.nlm.nih.gov/biosample/SAMN39735606,SRA: https://www.ncbi.nlm.nih.gov/sra?term=SRX23503999,NONE,Rectus abdominis muscle;Skeletal muscle tissue,Pancreas,CPS-LowOrMid
AB_21,0.6065990513775653,0.8262793724038465,-0.2196803210262812,-0.7771076498423366,GSM8059507,"AB_21, Pancreas",GSM8059507,Public on Jul 15 2025,Feb 01 2024,Jul 15 2025,SRA,1,Skeletal muscle tissue,Homo sapiens,tissue: Rectus abdominis muscle,tissue: Skeletal muscle tissue,Not Applicable,Not Applicable,total RNA,"RNA extraction was performed using the Trizol method and Qiagen RNAeasy midi kit (Mississauga, ON). The optical density (OD) 260/280 ratio was measured using Nanodrop, and RNA integrity number (RIN) was assessed using Agilent Bio-analyzer 2100 for all the samples.",NEB Next RNA First-strand synthesis and NEBNext Ultra Directional RNA Second strand synthesis were used. Remaining steps were performed using NEBNext Ultra II DNA library Prep kit  for Illumina.,9606,"The libraries were normalized, pooled, and denatured. Pooled libraries were loaded on Illumina NovaSeq S4 lane using Xp protocol per manufacturer's recommendations.",Base-calling was performed with RTA v.3.4.4. Program bcl2fastq2 was used to demultiplex and generate fastq reads. Raw fastq files were subjected to cutadapt for  adapter trimming. Trimmed Reads were aligned to human genome 38 using STAR v.2.7.3a.,Assembly: hg38,Supplementary files format and content: tab-delimited text file includes raw count data for each sample,GPL24676,"Sambasivarao,,Damaraju",sdamaraj@ualberta.ca,7807821469,Laboratory Medicine and Pathology,University of Alberta,11560 University Avenue,Edmonton,Alberta,T6G1Z2,Canada,0,Illumina NovaSeq 6000,cDNA,transcriptomic,RNA-Seq,BioSample: https://www.ncbi.nlm.nih.gov/biosample/SAMN39735605,SRA: https://www.ncbi.nlm.nih.gov/sra?term=SRX23504000,NONE,Rectus abdominis muscle;Skeletal muscle tissue,Pancreas,CPS-LowOrMid
AB_22,0.8793473291819706,0.829468788642227,0.04987854053974361,0.44824015533427264,GSM8059508,"AB_22, Colorectal",GSM8059508,Public on Jul 15 2025,Feb 01 2024,Jul 15 2025,SRA,1,Skeletal muscle tissue,Homo sapiens,tissue: Rectus abdominis muscle,tissue: Skeletal muscle tissue,Not Applicable,Not Applicable,total RNA,"RNA extraction was performed using the Trizol method and Qiagen RNAeasy midi kit (Mississauga, ON). The optical density (OD) 260/280 ratio was measured using Nanodrop, and RNA integrity number (RIN) was assessed using Agilent Bio-analyzer 2100 for all the samples.",NEB Next RNA First-strand synthesis and NEBNext Ultra Directional RNA Second strand synthesis were used. Remaining steps were performed using NEBNext Ultra II DNA library Prep kit  for Illumina.,9606,"The libraries were normalized, pooled, and denatured. Pooled libraries were loaded on Illumina NovaSeq S4 lane using Xp protocol per manufacturer's recommendations.",Base-calling was performed with RTA v.3.4.4. Program bcl2fastq2 was used to demultiplex and generate fastq reads. Raw fastq files were subjected to cutadapt for  adapter trimming. Trimmed Reads were aligned to human genome 38 using STAR v.2.7.3a.,Assembly: hg38,Supplementary files format and content: tab-delimited text file includes raw count data for each sample,GPL24676,"Sambasivarao,,Damaraju",sdamaraj@ualberta.ca,7807821469,Laboratory Medicine and Pathology,University of Alberta,11560 University Avenue,Edmonton,Alberta,T6G1Z2,Canada,0,Illumina NovaSeq 6000,cDNA,transcriptomic,RNA-Seq,BioSample: https://www.ncbi.nlm.nih.gov/biosample/SAMN39735604,SRA: https://www.ncbi.nlm.nih.gov/sra?term=SRX23504001,NONE,Rectus abdominis muscle;Skeletal muscle tissue,Colorectal,CPS-LowOrMid
AB_23,0.6868276403130468,0.41547637053045894,0.27135126978258783,1.4550003156479836,GSM8059509,"AB_23, Pancreas",GSM8059509,Public on Jul 15 2025,Feb 01 2024,Jul 15 2025,SRA,1,Skeletal muscle tissue,Homo sapiens,tissue: Rectus abdominis muscle,tissue: Skeletal muscle tissue,Not Applicable,Not Applicable,total RNA,"RNA extraction was performed using the Trizol method and Qiagen RNAeasy midi kit (Mississauga, ON). The optical density (OD) 260/280 ratio was measured using Nanodrop, and RNA integrity number (RIN) was assessed using Agilent Bio-analyzer 2100 for all the samples.",NEB Next RNA First-strand synthesis and NEBNext Ultra Directional RNA Second strand synthesis were used. Remaining steps were performed using NEBNext Ultra II DNA library Prep kit  for Illumina.,9606,"The libraries were normalized, pooled, and denatured. Pooled libraries were loaded on Illumina NovaSeq S4 lane using Xp protocol per manufacturer's recommendations.",Base-calling was performed with RTA v.3.4.4. Program bcl2fastq2 was used to demultiplex and generate fastq reads. Raw fastq files were subjected to cutadapt for  adapter trimming. Trimmed Reads were aligned to human genome 38 using STAR v.2.7.3a.,Assembly: hg38,Supplementary files format and content: tab-delimited text file includes raw count data for each sample,GPL24676,"Sambasivarao,,Damaraju",sdamaraj@ualberta.ca,7807821469,Laboratory Medicine and Pathology,University of Alberta,11560 University Avenue,Edmonton,Alberta,T6G1Z2,Canada,0,Illumina NovaSeq 6000,cDNA,transcriptomic,RNA-Seq,BioSample: https://www.ncbi.nlm.nih.gov/biosample/SAMN39735603,SRA: https://www.ncbi.nlm.nih.gov/sra?term=SRX23504002,NONE,Rectus abdominis muscle;Skeletal muscle tissue,Pancreas,CPS-High
AB_24,0.6596328737771378,0.6235454965517282,0.036087377225409556,0.38554894347844487,GSM8059510,"AB_24, Pancreas",GSM8059510,Public on Jul 15 2025,Feb 01 2024,Jul 15 2025,SRA,1,Skeletal muscle tissue,Homo sapiens,tissue: Rectus abdominis muscle,tissue: Skeletal muscle tissue,Not Applicable,Not Applicable,total RNA,"RNA extraction was performed using the Trizol method and Qiagen RNAeasy midi kit (Mississauga, ON). The optical density (OD) 260/280 ratio was measured using Nanodrop, and RNA integrity number (RIN) was assessed using Agilent Bio-analyzer 2100 for all the samples.",NEB Next RNA First-strand synthesis and NEBNext Ultra Directional RNA Second strand synthesis were used. Remaining steps were performed using NEBNext Ultra II DNA library Prep kit  for Illumina.,9606,"The libraries were normalized, pooled, and denatured. Pooled libraries were loaded on Illumina NovaSeq S4 lane using Xp protocol per manufacturer's recommendations.",Base-calling was performed with RTA v.3.4.4. Program bcl2fastq2 was used to demultiplex and generate fastq reads. Raw fastq files were subjected to cutadapt for  adapter trimming. Trimmed Reads were aligned to human genome 38 using STAR v.2.7.3a.,Assembly: hg38,Supplementary files format and content: tab-delimited text file includes raw count data for each sample,GPL24676,"Sambasivarao,,Damaraju",sdamaraj@ualberta.ca,7807821469,Laboratory Medicine and Pathology,University of Alberta,11560 University Avenue,Edmonton,Alberta,T6G1Z2,Canada,0,Illumina NovaSeq 6000,cDNA,transcriptomic,RNA-Seq,BioSample: https://www.ncbi.nlm.nih.gov/biosample/SAMN39735602,SRA: https://www.ncbi.nlm.nih.gov/sra?term=SRX23504003,NONE,Rectus abdominis muscle;Skeletal muscle tissue,Pancreas,CPS-LowOrMid
AB_25,0.5909266450147319,0.8291761669251427,-0.23824952191041082,-0.861518636797327,GSM8059511,"AB_25, Colorectal",GSM8059511,Public on Jul 15 2025,Feb 01 2024,Jul 15 2025,SRA,1,Skeletal muscle tissue,Homo sapiens,tissue: Rectus abdominis muscle,tissue: Skeletal muscle tissue,Not Applicable,Not Applicable,total RNA,"RNA extraction was performed using the Trizol method and Qiagen RNAeasy midi kit (Mississauga, ON). The optical density (OD) 260/280 ratio was measured using Nanodrop, and RNA integrity number (RIN) was assessed using Agilent Bio-analyzer 2100 for all the samples.",NEB Next RNA First-strand synthesis and NEBNext Ultra Directional RNA Second strand synthesis were used. Remaining steps were performed using NEBNext Ultra II DNA library Prep kit  for Illumina.,9606,"The libraries were normalized, pooled, and denatured. Pooled libraries were loaded on Illumina NovaSeq S4 lane using Xp protocol per manufacturer's recommendations.",Base-calling was performed with RTA v.3.4.4. Program bcl2fastq2 was used to demultiplex and generate fastq reads. Raw fastq files were subjected to cutadapt for  adapter trimming. Trimmed Reads were aligned to human genome 38 using STAR v.2.7.3a.,Assembly: hg38,Supplementary files format and content: tab-delimited text file includes raw count data for each sample,GPL24676,"Sambasivarao,,Damaraju",sdamaraj@ualberta.ca,7807821469,Laboratory Medicine and Pathology,University of Alberta,11560 University Avenue,Edmonton,Alberta,T6G1Z2,Canada,0,Illumina NovaSeq 6000,cDNA,transcriptomic,RNA-Seq,BioSample: https://www.ncbi.nlm.nih.gov/biosample/SAMN39735601,SRA: https://www.ncbi.nlm.nih.gov/sra?term=SRX23504004,NONE,Rectus abdominis muscle;Skeletal muscle tissue,Colorectal,CPS-LowOrMid
AB_26,0.6975019885026933,0.8208437058262624,-0.12334171732356913,-0.33917622397458397,GSM8059512,"AB_26, Pancreas",GSM8059512,Public on Jul 15 2025,Feb 01 2024,Jul 15 2025,SRA,1,Skeletal muscle tissue,Homo sapiens,tissue: Rectus abdominis muscle,tissue: Skeletal muscle tissue,Not Applicable,Not Applicable,total RNA,"RNA extraction was performed using the Trizol method and Qiagen RNAeasy midi kit (Mississauga, ON). The optical density (OD) 260/280 ratio was measured using Nanodrop, and RNA integrity number (RIN) was assessed using Agilent Bio-analyzer 2100 for all the samples.",NEB Next RNA First-strand synthesis and NEBNext Ultra Directional RNA Second strand synthesis were used. Remaining steps were performed using NEBNext Ultra II DNA library Prep kit  for Illumina.,9606,"The libraries were normalized, pooled, and denatured. Pooled libraries were loaded on Illumina NovaSeq S4 lane using Xp protocol per manufacturer's recommendations.",Base-calling was performed with RTA v.3.4.4. Program bcl2fastq2 was used to demultiplex and generate fastq reads. Raw fastq files were subjected to cutadapt for  adapter trimming. Trimmed Reads were aligned to human genome 38 using STAR v.2.7.3a.,Assembly: hg38,Supplementary files format and content: tab-delimited text file includes raw count data for each sample,GPL24676,"Sambasivarao,,Damaraju",sdamaraj@ualberta.ca,7807821469,Laboratory Medicine and Pathology,University of Alberta,11560 University Avenue,Edmonton,Alberta,T6G1Z2,Canada,0,Illumina NovaSeq 6000,cDNA,transcriptomic,RNA-Seq,BioSample: https://www.ncbi.nlm.nih.gov/biosample/SAMN39735600,SRA: https://www.ncbi.nlm.nih.gov/sra?term=SRX23504005,NONE,Rectus abdominis muscle;Skeletal muscle tissue,Pancreas,CPS-LowOrMid
AB_52,0.8918015513287917,0.8361432746389321,0.055658276689859565,0.47451340402251807,GSM8059538,"AB_52, Colorectal",GSM8059538,Public on Jul 15 2025,Feb 01 2024,Jul 15 2025,SRA,1,Skeletal muscle tissue,Homo sapiens,tissue: Rectus abdominis muscle,tissue: Skeletal muscle tissue,Not Applicable,Not Applicable,total RNA,"RNA extraction was performed using the Trizol method and Qiagen RNAeasy midi kit (Mississauga, ON). The optical density (OD) 260/280 ratio was measured using Nanodrop, and RNA integrity number (RIN) was assessed using Agilent Bio-analyzer 2100 for all the samples.",NEB Next RNA First-strand synthesis and NEBNext Ultra Directional RNA Second strand synthesis were used. Remaining steps were performed using NEBNext Ultra II DNA library Prep kit  for Illumina.,9606,"The libraries were normalized, pooled, and denatured. Pooled libraries were loaded on Illumina NovaSeq S4 lane using Xp protocol per manufacturer's recommendations.",Base-calling was performed with RTA v.3.4.4. Program bcl2fastq2 was used to demultiplex and generate fastq reads. Raw fastq files were subjected to cutadapt for  adapter trimming. Trimmed Reads were aligned to human genome 38 using STAR v.2.7.3a.,Assembly: hg38,Supplementary files format and content: tab-delimited text file includes raw count data for each sample,GPL24676,"Sambasivarao,,Damaraju",sdamaraj@ualberta.ca,7807821469,Laboratory Medicine and Pathology,University of Alberta,11560 University Avenue,Edmonton,Alberta,T6G1Z2,Canada,0,Illumina NovaSeq 6000,cDNA,transcriptomic,RNA-Seq,BioSample: https://www.ncbi.nlm.nih.gov/biosample/SAMN39735574,SRA: https://www.ncbi.nlm.nih.gov/sra?term=SRX23504031,NONE,Rectus abdominis muscle;Skeletal muscle tissue,Colorectal,CPS-LowOrMid
AB_53,0.715153505070319,0.8363137839437527,-0.12116027887343361,-0.3292599452016574,GSM8059539,"AB_53, Pancreas",GSM8059539,Public on Jul 15 2025,Feb 01 2024,Jul 15 2025,SRA,1,Skeletal muscle tissue,Homo sapiens,tissue: Rectus abdominis muscle,tissue: Skeletal muscle tissue,Not Applicable,Not Applicable,total RNA,"RNA extraction was performed using the Trizol method and Qiagen RNAeasy midi kit (Mississauga, ON). The optical density (OD) 260/280 ratio was measured using Nanodrop, and RNA integrity number (RIN) was assessed using Agilent Bio-analyzer 2100 for all the samples.",NEB Next RNA First-strand synthesis and NEBNext Ultra Directional RNA Second strand synthesis were used. Remaining steps were performed using NEBNext Ultra II DNA library Prep kit  for Illumina.,9606,"The libraries were normalized, pooled, and denatured. Pooled libraries were loaded on Illumina NovaSeq S4 lane using Xp protocol per manufacturer's recommendations.",Base-calling was performed with RTA v.3.4.4. Program bcl2fastq2 was used to demultiplex and generate fastq reads. Raw fastq files were subjected to cutadapt for  adapter trimming. Trimmed Reads were aligned to human genome 38 using STAR v.2.7.3a.,Assembly: hg38,Supplementary files format and content: tab-delimited text file includes raw count data for each sample,GPL24676,"Sambasivarao,,Damaraju",sdamaraj@ualberta.ca,7807821469,Laboratory Medicine and Pathology,University of Alberta,11560 University Avenue,Edmonton,Alberta,T6G1Z2,Canada,0,Illumina NovaSeq 6000,cDNA,transcriptomic,RNA-Seq,BioSample: https://www.ncbi.nlm.nih.gov/biosample/SAMN39735573,SRA: https://www.ncbi.nlm.nih.gov/sra?term=SRX23504032,NONE,Rectus abdominis muscle;Skeletal muscle tissue,Pancreas,CPS-LowOrMid
AB_54,0.7526935013198969,0.7507433325444279,0.0019501687754689412,0.23036965088915096,GSM8059540,"AB_54, Colorectal",GSM8059540,Public on Jul 15 2025,Feb 01 2024,Jul 15 2025,SRA,1,Skeletal muscle tissue,Homo sapiens,tissue: Rectus abdominis muscle,tissue: Skeletal muscle tissue,Not Applicable,Not Applicable,total RNA,"RNA extraction was performed using the Trizol method and Qiagen RNAeasy midi kit (Mississauga, ON). The optical density (OD) 260/280 ratio was measured using Nanodrop, and RNA integrity number (RIN) was assessed using Agilent Bio-analyzer 2100 for all the samples.",NEB Next RNA First-strand synthesis and NEBNext Ultra Directional RNA Second strand synthesis were used. Remaining steps were performed using NEBNext Ultra II DNA library Prep kit  for Illumina.,9606,"The libraries were normalized, pooled, and denatured. Pooled libraries were loaded on Illumina NovaSeq S4 lane using Xp protocol per manufacturer's recommendations.",Base-calling was performed with RTA v.3.4.4. Program bcl2fastq2 was used to demultiplex and generate fastq reads. Raw fastq files were subjected to cutadapt for  adapter trimming. Trimmed Reads were aligned to human genome 38 using STAR v.2.7.3a.,Assembly: hg38,Supplementary files format and content: tab-delimited text file includes raw count data for each sample,GPL24676,"Sambasivarao,,Damaraju",sdamaraj@ualberta.ca,7807821469,Laboratory Medicine and Pathology,University of Alberta,11560 University Avenue,Edmonton,Alberta,T6G1Z2,Canada,0,Illumina NovaSeq 6000,cDNA,transcriptomic,RNA-Seq,BioSample: https://www.ncbi.nlm.nih.gov/biosample/SAMN39735572,SRA: https://www.ncbi.nlm.nih.gov/sra?term=SRX23504033,NONE,Rectus abdominis muscle;Skeletal muscle tissue,Colorectal,CPS-LowOrMid
AB_55,0.6344414555402178,0.9011840428056549,-0.2667425872654371,-0.9910410531360064,GSM8059541,"AB_55, Pancreas",GSM8059541,Public on Jul 15 2025,Feb 01 2024,Jul 15 2025,SRA,1,Skeletal muscle tissue,Homo sapiens,tissue: Rectus abdominis muscle,tissue: Skeletal muscle tissue,Not Applicable,Not Applicable,total RNA,"RNA extraction was performed using the Trizol method and Qiagen RNAeasy midi kit (Mississauga, ON). The optical density (OD) 260/280 ratio was measured using Nanodrop, and RNA integrity number (RIN) was assessed using Agilent Bio-analyzer 2100 for all the samples.",NEB Next RNA First-strand synthesis and NEBNext Ultra Directional RNA Second strand synthesis were used. Remaining steps were performed using NEBNext Ultra II DNA library Prep kit  for Illumina.,9606,"The libraries were normalized, pooled, and denatured. Pooled libraries were loaded on Illumina NovaSeq S4 lane using Xp protocol per manufacturer's recommendations.",Base-calling was performed with RTA v.3.4.4. Program bcl2fastq2 was used to demultiplex and generate fastq reads. Raw fastq files were subjected to cutadapt for  adapter trimming. Trimmed Reads were aligned to human genome 38 using STAR v.2.7.3a.,Assembly: hg38,Supplementary files format and content: tab-delimited text file includes raw count data for each sample,GPL24676,"Sambasivarao,,Damaraju",sdamaraj@ualberta.ca,7807821469,Laboratory Medicine and Pathology,University of Alberta,11560 University Avenue,Edmonton,Alberta,T6G1Z2,Canada,0,Illumina NovaSeq 6000,cDNA,transcriptomic,RNA-Seq,BioSample: https://www.ncbi.nlm.nih.gov/biosample/SAMN39735571,SRA: https://www.ncbi.nlm.nih.gov/sra?term=SRX23504034,NONE,Rectus abdominis muscle;Skeletal muscle tissue,Pancreas,CPS-LowOrMid
AB_56,0.46470407535598446,0.6447358237814522,-0.18003174842546776,-0.5968750611878829,GSM8059542,"AB_56, Colorectal",GSM8059542,Public on Jul 15 2025,Feb 01 2024,Jul 15 2025,SRA,1,Skeletal muscle tissue,Homo sapiens,tissue: Rectus abdominis muscle,tissue: Skeletal muscle tissue,Not Applicable,Not Applicable,total RNA,"RNA extraction was performed using the Trizol method and Qiagen RNAeasy midi kit (Mississauga, ON). The optical density (OD) 260/280 ratio was measured using Nanodrop, and RNA integrity number (RIN) was assessed using Agilent Bio-analyzer 2100 for all the samples.",NEB Next RNA First-strand synthesis and NEBNext Ultra Directional RNA Second strand synthesis were used. Remaining steps were performed using NEBNext Ultra II DNA library Prep kit  for Illumina.,9606,"The libraries were normalized, pooled, and denatured. Pooled libraries were loaded on Illumina NovaSeq S4 lane using Xp protocol per manufacturer's recommendations.",Base-calling was performed with RTA v.3.4.4. Program bcl2fastq2 was used to demultiplex and generate fastq reads. Raw fastq files were subjected to cutadapt for  adapter trimming. Trimmed Reads were aligned to human genome 38 using STAR v.2.7.3a.,Assembly: hg38,Supplementary files format and content: tab-delimited text file includes raw count data for each sample,GPL24676,"Sambasivarao,,Damaraju",sdamaraj@ualberta.ca,7807821469,Laboratory Medicine and Pathology,University of Alberta,11560 University Avenue,Edmonton,Alberta,T6G1Z2,Canada,0,Illumina NovaSeq 6000,cDNA,transcriptomic,RNA-Seq,BioSample: https://www.ncbi.nlm.nih.gov/biosample/SAMN39735570,SRA: https://www.ncbi.nlm.nih.gov/sra?term=SRX23504035,NONE,Rectus abdominis muscle;Skeletal muscle tissue,Colorectal,CPS-LowOrMid
AB_57,0.6150766326245293,0.7977175511473896,-0.18264091852286035,-0.6087357020646041,GSM8059543,"AB_57, Colorectal",GSM8059543,Public on Jul 15 2025,Feb 01 2024,Jul 15 2025,SRA,1,Skeletal muscle tissue,Homo sapiens,tissue: Rectus abdominis muscle,tissue: Skeletal muscle tissue,Not Applicable,Not Applicable,total RNA,"RNA extraction was performed using the Trizol method and Qiagen RNAeasy midi kit (Mississauga, ON). The optical density (OD) 260/280 ratio was measured using Nanodrop, and RNA integrity number (RIN) was assessed using Agilent Bio-analyzer 2100 for all the samples.",NEB Next RNA First-strand synthesis and NEBNext Ultra Directional RNA Second strand synthesis were used. Remaining steps were performed using NEBNext Ultra II DNA library Prep kit  for Illumina.,9606,"The libraries were normalized, pooled, and denatured. Pooled libraries were loaded on Illumina NovaSeq S4 lane using Xp protocol per manufacturer's recommendations.",Base-calling was performed with RTA v.3.4.4. Program bcl2fastq2 was used to demultiplex and generate fastq reads. Raw fastq files were subjected to cutadapt for  adapter trimming. Trimmed Reads were aligned to human genome 38 using STAR v.2.7.3a.,Assembly: hg38,Supplementary files format and content: tab-delimited text file includes raw count data for each sample,GPL24676,"Sambasivarao,,Damaraju",sdamaraj@ualberta.ca,7807821469,Laboratory Medicine and Pathology,University of Alberta,11560 University Avenue,Edmonton,Alberta,T6G1Z2,Canada,0,Illumina NovaSeq 6000,cDNA,transcriptomic,RNA-Seq,BioSample: https://www.ncbi.nlm.nih.gov/biosample/SAMN39735569,SRA: https://www.ncbi.nlm.nih.gov/sra?term=SRX23504036,NONE,Rectus abdominis muscle;Skeletal muscle tissue,Colorectal,CPS-LowOrMid
AB_58,0.4780702645106632,0.4715966271903512,0.006473637320311976,0.25093221826685597,GSM8059544,"AB_58, Pancreas",GSM8059544,Public on Jul 15 2025,Feb 01 2024,Jul 15 2025,SRA,1,Skeletal muscle tissue,Homo sapiens,tissue: Rectus abdominis muscle,tissue: Skeletal muscle tissue,Not Applicable,Not Applicable,total RNA,"RNA extraction was performed using the Trizol method and Qiagen RNAeasy midi kit (Mississauga, ON). The optical density (OD) 260/280 ratio was measured using Nanodrop, and RNA integrity number (RIN) was assessed using Agilent Bio-analyzer 2100 for all the samples.",NEB Next RNA First-strand synthesis and NEBNext Ultra Directional RNA Second strand synthesis were used. Remaining steps were performed using NEBNext Ultra II DNA library Prep kit  for Illumina.,9606,"The libraries were normalized, pooled, and denatured. Pooled libraries were loaded on Illumina NovaSeq S4 lane using Xp protocol per manufacturer's recommendations.",Base-calling was performed with RTA v.3.4.4. Program bcl2fastq2 was used to demultiplex and generate fastq reads. Raw fastq files were subjected to cutadapt for  adapter trimming. Trimmed Reads were aligned to human genome 38 using STAR v.2.7.3a.,Assembly: hg38,Supplementary files format and content: tab-delimited text file includes raw count data for each sample,GPL24676,"Sambasivarao,,Damaraju",sdamaraj@ualberta.ca,7807821469,Laboratory Medicine and Pathology,University of Alberta,11560 University Avenue,Edmonton,Alberta,T6G1Z2,Canada,0,Illumina NovaSeq 6000,cDNA,transcriptomic,RNA-Seq,BioSample: https://www.ncbi.nlm.nih.gov/biosample/SAMN39735568,SRA: https://www.ncbi.nlm.nih.gov/sra?term=SRX23504037,NONE,Rectus abdominis muscle;Skeletal muscle tissue,Pancreas,CPS-LowOrMid
AB_59,0.6369615868619186,0.9689284899864081,-0.3319669031244895,-1.287534634603592,GSM8059545,"AB_59, Colorectal",GSM8059545,Public on Jul 15 2025,Feb 01 2024,Jul 15 2025,SRA,1,Skeletal muscle tissue,Homo sapiens,tissue: Rectus abdominis muscle,tissue: Skeletal muscle tissue,Not Applicable,Not Applicable,total RNA,"RNA extraction was performed using the Trizol method and Qiagen RNAeasy midi kit (Mississauga, ON). The optical density (OD) 260/280 ratio was measured using Nanodrop, and RNA integrity number (RIN) was assessed using Agilent Bio-analyzer 2100 for all the samples.",NEB Next RNA First-strand synthesis and NEBNext Ultra Directional RNA Second strand synthesis were used. Remaining steps were performed using NEBNext Ultra II DNA library Prep kit  for Illumina.,9606,"The libraries were normalized, pooled, and denatured. Pooled libraries were loaded on Illumina NovaSeq S4 lane using Xp protocol per manufacturer's recommendations.",Base-calling was performed with RTA v.3.4.4. Program bcl2fastq2 was used to demultiplex and generate fastq reads. Raw fastq files were subjected to cutadapt for  adapter trimming. Trimmed Reads were aligned to human genome 38 using STAR v.2.7.3a.,Assembly: hg38,Supplementary files format and content: tab-delimited text file includes raw count data for each sample,GPL24676,"Sambasivarao,,Damaraju",sdamaraj@ualberta.ca,7807821469,Laboratory Medicine and Pathology,University of Alberta,11560 University Avenue,Edmonton,Alberta,T6G1Z2,Canada,0,Illumina NovaSeq 6000,cDNA,transcriptomic,RNA-Seq,BioSample: https://www.ncbi.nlm.nih.gov/biosample/SAMN39735567,SRA: https://www.ncbi.nlm.nih.gov/sra?term=SRX23504038,NONE,Rectus abdominis muscle;Skeletal muscle tissue,Colorectal,CPS-LowOrMid
AB_60,0.5337808091243883,0.6916232726662502,-0.15784246354186193,-0.49600806919732204,GSM8059546,"AB_60, Colorectal",GSM8059546,Public on Jul 15 2025,Feb 01 2024,Jul 15 2025,SRA,1,Skeletal muscle tissue,Homo sapiens,tissue: Rectus abdominis muscle,tissue: Skeletal muscle tissue,Not Applicable,Not Applicable,total RNA,"RNA extraction was performed using the Trizol method and Qiagen RNAeasy midi kit (Mississauga, ON). The optical density (OD) 260/280 ratio was measured using Nanodrop, and RNA integrity number (RIN) was assessed using Agilent Bio-analyzer 2100 for all the samples.",NEB Next RNA First-strand synthesis and NEBNext Ultra Directional RNA Second strand synthesis were used. Remaining steps were performed using NEBNext Ultra II DNA library Prep kit  for Illumina.,9606,"The libraries were normalized, pooled, and denatured. Pooled libraries were loaded on Illumina NovaSeq S4 lane using Xp protocol per manufacturer's recommendations.",Base-calling was performed with RTA v.3.4.4. Program bcl2fastq2 was used to demultiplex and generate fastq reads. Raw fastq files were subjected to cutadapt for  adapter trimming. Trimmed Reads were aligned to human genome 38 using STAR v.2.7.3a.,Assembly: hg38,Supplementary files format and content: tab-delimited text file includes raw count data for each sample,GPL24676,"Sambasivarao,,Damaraju",sdamaraj@ualberta.ca,7807821469,Laboratory Medicine and Pathology,University of Alberta,11560 University Avenue,Edmonton,Alberta,T6G1Z2,Canada,0,Illumina NovaSeq 6000,cDNA,transcriptomic,RNA-Seq,BioSample: https://www.ncbi.nlm.nih.gov/biosample/SAMN39735566,SRA: https://www.ncbi.nlm.nih.gov/sra?term=SRX23504039,NONE,Rectus abdominis muscle;Skeletal muscle tissue,Colorectal,CPS-LowOrMid
AB_62,0.9289373475897484,1.1079720577411218,-0.1790347101513734,-0.5923427721963768,GSM8059548,"AB_62, Colorectal",GSM8059548,Public on Jul 15 2025,Feb 01 2024,Jul 15 2025,SRA,1,Skeletal muscle tissue,Homo sapiens,tissue: Rectus abdominis muscle,tissue: Skeletal muscle tissue,Not Applicable,Not Applicable,total RNA,"RNA extraction was performed using the Trizol method and Qiagen RNAeasy midi kit (Mississauga, ON). The optical density (OD) 260/280 ratio was measured using Nanodrop, and RNA integrity number (RIN) was assessed using Agilent Bio-analyzer 2100 for all the samples.",NEB Next RNA First-strand synthesis and NEBNext Ultra Directional RNA Second strand synthesis were used. Remaining steps were performed using NEBNext Ultra II DNA library Prep kit  for Illumina.,9606,"The libraries were normalized, pooled, and denatured. Pooled libraries were loaded on Illumina NovaSeq S4 lane using Xp protocol per manufacturer's recommendations.",Base-calling was performed with RTA v.3.4.4. Program bcl2fastq2 was used to demultiplex and generate fastq reads. Raw fastq files were subjected to cutadapt for  adapter trimming. Trimmed Reads were aligned to human genome 38 using STAR v.2.7.3a.,Assembly: hg38,Supplementary files format and content: tab-delimited text file includes raw count data for each sample,GPL24676,"Sambasivarao,,Damaraju",sdamaraj@ualberta.ca,7807821469,Laboratory Medicine and Pathology,University of Alberta,11560 University Avenue,Edmonton,Alberta,T6G1Z2,Canada,0,Illumina NovaSeq 6000,cDNA,transcriptomic,RNA-Seq,BioSample: https://www.ncbi.nlm.nih.gov/biosample/SAMN39735564,SRA: https://www.ncbi.nlm.nih.gov/sra?term=SRX23504041,NONE,Rectus abdominis muscle;Skeletal muscle tissue,Colorectal,CPS-LowOrMid
AB_63,0.6707295525083422,0.8092130235379338,-0.13848347102959158,-0.40800688516082306,GSM8059549,"AB_63, Pancreas",GSM8059549,Public on Jul 15 2025,Feb 01 2024,Jul 15 2025,SRA,1,Skeletal muscle tissue,Homo sapiens,tissue: Rectus abdominis muscle,tissue: Skeletal muscle tissue,Not Applicable,Not Applicable,total RNA,"RNA extraction was performed using the Trizol method and Qiagen RNAeasy midi kit (Mississauga, ON). The optical density (OD) 260/280 ratio was measured using Nanodrop, and RNA integrity number (RIN) was assessed using Agilent Bio-analyzer 2100 for all the samples.",NEB Next RNA First-strand synthesis and NEBNext Ultra Directional RNA Second strand synthesis were used. Remaining steps were performed using NEBNext Ultra II DNA library Prep kit  for Illumina.,9606,"The libraries were normalized, pooled, and denatured. Pooled libraries were loaded on Illumina NovaSeq S4 lane using Xp protocol per manufacturer's recommendations.",Base-calling was performed with RTA v.3.4.4. Program bcl2fastq2 was used to demultiplex and generate fastq reads. Raw fastq files were subjected to cutadapt for  adapter trimming. Trimmed Reads were aligned to human genome 38 using STAR v.2.7.3a.,Assembly: hg38,Supplementary files format and content: tab-delimited text file includes raw count data for each sample,GPL24676,"Sambasivarao,,Damaraju",sdamaraj@ualberta.ca,7807821469,Laboratory Medicine and Pathology,University of Alberta,11560 University Avenue,Edmonton,Alberta,T6G1Z2,Canada,0,Illumina NovaSeq 6000,cDNA,transcriptomic,RNA-Seq,BioSample: https://www.ncbi.nlm.nih.gov/biosample/SAMN39735563,SRA: https://www.ncbi.nlm.nih.gov/sra?term=SRX23504042,NONE,Rectus abdominis muscle;Skeletal muscle tissue,Pancreas,CPS-LowOrMid
AB_64,0.7414750980504207,0.6324975516701543,0.10897754638026635,0.7168895949189795,GSM8059550,"AB_64, Colorectal",GSM8059550,Public on Jul 15 2025,Feb 01 2024,Jul 15 2025,SRA,1,Skeletal muscle tissue,Homo sapiens,tissue: Rectus abdominis muscle,tissue: Skeletal muscle tissue,Not Applicable,Not Applicable,total RNA,"RNA extraction was performed using the Trizol method and Qiagen RNAeasy midi kit (Mississauga, ON). The optical density (OD) 260/280 ratio was measured using Nanodrop, and RNA integrity number (RIN) was assessed using Agilent Bio-analyzer 2100 for all the samples.",NEB Next RNA First-strand synthesis and NEBNext Ultra Directional RNA Second strand synthesis were used. Remaining steps were performed using NEBNext Ultra II DNA library Prep kit  for Illumina.,9606,"The libraries were normalized, pooled, and denatured. Pooled libraries were loaded on Illumina NovaSeq S4 lane using Xp protocol per manufacturer's recommendations.",Base-calling was performed with RTA v.3.4.4. Program bcl2fastq2 was used to demultiplex and generate fastq reads. Raw fastq files were subjected to cutadapt for  adapter trimming. Trimmed Reads were aligned to human genome 38 using STAR v.2.7.3a.,Assembly: hg38,Supplementary files format and content: tab-delimited text file includes raw count data for each sample,GPL24676,"Sambasivarao,,Damaraju",sdamaraj@ualberta.ca,7807821469,Laboratory Medicine and Pathology,University of Alberta,11560 University Avenue,Edmonton,Alberta,T6G1Z2,Canada,0,Illumina NovaSeq 6000,cDNA,transcriptomic,RNA-Seq,BioSample: https://www.ncbi.nlm.nih.gov/biosample/SAMN39735562,SRA: https://www.ncbi.nlm.nih.gov/sra?term=SRX23504043,NONE,Rectus abdominis muscle;Skeletal muscle tissue,Colorectal,CPS-High
AB_65,0.5233266268899242,0.6248254638659907,-0.10149883697606654,-0.23988390118818642,GSM8059551,"AB_65, Colorectal",GSM8059551,Public on Jul 15 2025,Feb 01 2024,Jul 15 2025,SRA,1,Skeletal muscle tissue,Homo sapiens,tissue: Rectus abdominis muscle,tissue: Skeletal muscle tissue,Not Applicable,Not Applicable,total RNA,"RNA extraction was performed using the Trizol method and Qiagen RNAeasy midi kit (Mississauga, ON). The optical density (OD) 260/280 ratio was measured using Nanodrop, and RNA integrity number (RIN) was assessed using Agilent Bio-analyzer 2100 for all the samples.",NEB Next RNA First-strand synthesis and NEBNext Ultra Directional RNA Second strand synthesis were used. Remaining steps were performed using NEBNext Ultra II DNA library Prep kit  for Illumina.,9606,"The libraries were normalized, pooled, and denatured. Pooled libraries were loaded on Illumina NovaSeq S4 lane using Xp protocol per manufacturer's recommendations.",Base-calling was performed with RTA v.3.4.4. Program bcl2fastq2 was used to demultiplex and generate fastq reads. Raw fastq files were subjected to cutadapt for  adapter trimming. Trimmed Reads were aligned to human genome 38 using STAR v.2.7.3a.,Assembly: hg38,Supplementary files format and content: tab-delimited text file includes raw count data for each sample,GPL24676,"Sambasivarao,,Damaraju",sdamaraj@ualberta.ca,7807821469,Laboratory Medicine and Pathology,University of Alberta,11560 University Avenue,Edmonton,Alberta,T6G1Z2,Canada,0,Illumina NovaSeq 6000,cDNA,transcriptomic,RNA-Seq,BioSample: https://www.ncbi.nlm.nih.gov/biosample/SAMN39735561,SRA: https://www.ncbi.nlm.nih.gov/sra?term=SRX23504044,NONE,Rectus abdominis muscle;Skeletal muscle tissue,Colorectal,CPS-LowOrMid
AB_66,0.631762818680493,0.7858894318610581,-0.1541266131805651,-0.4791167340057147,GSM8059552,"AB_66, Pancreas",GSM8059552,Public on Jul 15 2025,Feb 01 2024,Jul 15 2025,SRA,1,Skeletal muscle tissue,Homo sapiens,tissue: Rectus abdominis muscle,tissue: Skeletal muscle tissue,Not Applicable,Not Applicable,total RNA,"RNA extraction was performed using the Trizol method and Qiagen RNAeasy midi kit (Mississauga, ON). The optical density (OD) 260/280 ratio was measured using Nanodrop, and RNA integrity number (RIN) was assessed using Agilent Bio-analyzer 2100 for all the samples.",NEB Next RNA First-strand synthesis and NEBNext Ultra Directional RNA Second strand synthesis were used. Remaining steps were performed using NEBNext Ultra II DNA library Prep kit  for Illumina.,9606,"The libraries were normalized, pooled, and denatured. Pooled libraries were loaded on Illumina NovaSeq S4 lane using Xp protocol per manufacturer's recommendations.",Base-calling was performed with RTA v.3.4.4. Program bcl2fastq2 was used to demultiplex and generate fastq reads. Raw fastq files were subjected to cutadapt for  adapter trimming. Trimmed Reads were aligned to human genome 38 using STAR v.2.7.3a.,Assembly: hg38,Supplementary files format and content: tab-delimited text file includes raw count data for each sample,GPL24676,"Sambasivarao,,Damaraju",sdamaraj@ualberta.ca,7807821469,Laboratory Medicine and Pathology,University of Alberta,11560 University Avenue,Edmonton,Alberta,T6G1Z2,Canada,0,Illumina NovaSeq 6000,cDNA,transcriptomic,RNA-Seq,BioSample: https://www.ncbi.nlm.nih.gov/biosample/SAMN39735560,SRA: https://www.ncbi.nlm.nih.gov/sra?term=SRX23504045,NONE,Rectus abdominis muscle;Skeletal muscle tissue,Pancreas,CPS-LowOrMid
AB_67,0.609707257858167,0.5953248671824866,0.014382390675680479,0.28688345173543284,GSM8059553,"AB_67, Colorectal",GSM8059553,Public on Jul 15 2025,Feb 01 2024,Jul 15 2025,SRA,1,Skeletal muscle tissue,Homo sapiens,tissue: Rectus abdominis muscle,tissue: Skeletal muscle tissue,Not Applicable,Not Applicable,total RNA,"RNA extraction was performed using the Trizol method and Qiagen RNAeasy midi kit (Mississauga, ON). The optical density (OD) 260/280 ratio was measured using Nanodrop, and RNA integrity number (RIN) was assessed using Agilent Bio-analyzer 2100 for all the samples.",NEB Next RNA First-strand synthesis and NEBNext Ultra Directional RNA Second strand synthesis were used. Remaining steps were performed using NEBNext Ultra II DNA library Prep kit  for Illumina.,9606,"The libraries were normalized, pooled, and denatured. Pooled libraries were loaded on Illumina NovaSeq S4 lane using Xp protocol per manufacturer's recommendations.",Base-calling was performed with RTA v.3.4.4. Program bcl2fastq2 was used to demultiplex and generate fastq reads. Raw fastq files were subjected to cutadapt for  adapter trimming. Trimmed Reads were aligned to human genome 38 using STAR v.2.7.3a.,Assembly: hg38,Supplementary files format and content: tab-delimited text file includes raw count data for each sample,GPL24676,"Sambasivarao,,Damaraju",sdamaraj@ualberta.ca,7807821469,Laboratory Medicine and Pathology,University of Alberta,11560 University Avenue,Edmonton,Alberta,T6G1Z2,Canada,0,Illumina NovaSeq 6000,cDNA,transcriptomic,RNA-Seq,BioSample: https://www.ncbi.nlm.nih.gov/biosample/SAMN39735559,SRA: https://www.ncbi.nlm.nih.gov/sra?term=SRX23504046,NONE,Rectus abdominis muscle;Skeletal muscle tissue,Colorectal,CPS-LowOrMid
AB_68,0.3577635274026307,0.814595399668462,-0.4568318722658313,-1.8551398507404475,GSM8059554,"AB_68, Colorectal",GSM8059554,Public on Jul 15 2025,Feb 01 2024,Jul 15 2025,SRA,1,Skeletal muscle tissue,Homo sapiens,tissue: Rectus abdominis muscle,tissue: Skeletal muscle tissue,Not Applicable,Not Applicable,total RNA,"RNA extraction was performed using the Trizol method and Qiagen RNAeasy midi kit (Mississauga, ON). The optical density (OD) 260/280 ratio was measured using Nanodrop, and RNA integrity number (RIN) was assessed using Agilent Bio-analyzer 2100 for all the samples.",NEB Next RNA First-strand synthesis and NEBNext Ultra Directional RNA Second strand synthesis were used. Remaining steps were performed using NEBNext Ultra II DNA library Prep kit  for Illumina.,9606,"The libraries were normalized, pooled, and denatured. Pooled libraries were loaded on Illumina NovaSeq S4 lane using Xp protocol per manufacturer's recommendations.",Base-calling was performed with RTA v.3.4.4. Program bcl2fastq2 was used to demultiplex and generate fastq reads. Raw fastq files were subjected to cutadapt for  adapter trimming. Trimmed Reads were aligned to human genome 38 using STAR v.2.7.3a.,Assembly: hg38,Supplementary files format and content: tab-delimited text file includes raw count data for each sample,GPL24676,"Sambasivarao,,Damaraju",sdamaraj@ualberta.ca,7807821469,Laboratory Medicine and Pathology,University of Alberta,11560 University Avenue,Edmonton,Alberta,T6G1Z2,Canada,0,Illumina NovaSeq 6000,cDNA,transcriptomic,RNA-Seq,BioSample: https://www.ncbi.nlm.nih.gov/biosample/SAMN39735558,SRA: https://www.ncbi.nlm.nih.gov/sra?term=SRX23504047,NONE,Rectus abdominis muscle;Skeletal muscle tissue,Colorectal,CPS-LowOrMid
AB_69,0.6870077587330228,0.5938855912579291,0.09312216747509372,0.6448149703682371,GSM8059555,"AB_69, Pancreas",GSM8059555,Public on Jul 15 2025,Feb 01 2024,Jul 15 2025,SRA,1,Skeletal muscle tissue,Homo sapiens,tissue: Rectus abdominis muscle,tissue: Skeletal muscle tissue,Not Applicable,Not Applicable,total RNA,"RNA extraction was performed using the Trizol method and Qiagen RNAeasy midi kit (Mississauga, ON). The optical density (OD) 260/280 ratio was measured using Nanodrop, and RNA integrity number (RIN) was assessed using Agilent Bio-analyzer 2100 for all the samples.",NEB Next RNA First-strand synthesis and NEBNext Ultra Directional RNA Second strand synthesis were used. Remaining steps were performed using NEBNext Ultra II DNA library Prep kit  for Illumina.,9606,"The libraries were normalized, pooled, and denatured. Pooled libraries were loaded on Illumina NovaSeq S4 lane using Xp protocol per manufacturer's recommendations.",Base-calling was performed with RTA v.3.4.4. Program bcl2fastq2 was used to demultiplex and generate fastq reads. Raw fastq files were subjected to cutadapt for  adapter trimming. Trimmed Reads were aligned to human genome 38 using STAR v.2.7.3a.,Assembly: hg38,Supplementary files format and content: tab-delimited text file includes raw count data for each sample,GPL24676,"Sambasivarao,,Damaraju",sdamaraj@ualberta.ca,7807821469,Laboratory Medicine and Pathology,University of Alberta,11560 University Avenue,Edmonton,Alberta,T6G1Z2,Canada,0,Illumina NovaSeq 6000,cDNA,transcriptomic,RNA-Seq,BioSample: https://www.ncbi.nlm.nih.gov/biosample/SAMN39735557,SRA: https://www.ncbi.nlm.nih.gov/sra?term=SRX23504048,NONE,Rectus abdominis muscle;Skeletal muscle tissue,Pancreas,CPS-High
AB_70,0.5007592783455773,1.126108159910958,-0.6253488815653806,-2.6211764272436153,GSM8059556,"AB_70, Colorectal",GSM8059556,Public on Jul 15 2025,Feb 01 2024,Jul 15 2025,SRA,1,Skeletal muscle tissue,Homo sapiens,tissue: Rectus abdominis muscle,tissue: Skeletal muscle tissue,Not Applicable,Not Applicable,total RNA,"RNA extraction was performed using the Trizol method and Qiagen RNAeasy midi kit (Mississauga, ON). The optical density (OD) 260/280 ratio was measured using Nanodrop, and RNA integrity number (RIN) was assessed using Agilent Bio-analyzer 2100 for all the samples.",NEB Next RNA First-strand synthesis and NEBNext Ultra Directional RNA Second strand synthesis were used. Remaining steps were performed using NEBNext Ultra II DNA library Prep kit  for Illumina.,9606,"The libraries were normalized, pooled, and denatured. Pooled libraries were loaded on Illumina NovaSeq S4 lane using Xp protocol per manufacturer's recommendations.",Base-calling was performed with RTA v.3.4.4. Program bcl2fastq2 was used to demultiplex and generate fastq reads. Raw fastq files were subjected to cutadapt for  adapter trimming. Trimmed Reads were aligned to human genome 38 using STAR v.2.7.3a.,Assembly: hg38,Supplementary files format and content: tab-delimited text file includes raw count data for each sample,GPL24676,"Sambasivarao,,Damaraju",sdamaraj@ualberta.ca,7807821469,Laboratory Medicine and Pathology,University of Alberta,11560 University Avenue,Edmonton,Alberta,T6G1Z2,Canada,0,Illumina NovaSeq 6000,cDNA,transcriptomic,RNA-Seq,BioSample: https://www.ncbi.nlm.nih.gov/biosample/SAMN39735556,SRA: https://www.ncbi.nlm.nih.gov/sra?term=SRX23504049,NONE,Rectus abdominis muscle;Skeletal muscle tissue,Colorectal,CPS-LowOrMid
AB_71,0.4957854494639811,0.6915394763080004,-0.19575402684401927,-0.6683446439002616,GSM8059557,"AB_71, Colorectal",GSM8059557,Public on Jul 15 2025,Feb 01 2024,Jul 15 2025,SRA,1,Skeletal muscle tissue,Homo sapiens,tissue: Rectus abdominis muscle,tissue: Skeletal muscle tissue,Not Applicable,Not Applicable,total RNA,"RNA extraction was performed using the Trizol method and Qiagen RNAeasy midi kit (Mississauga, ON). The optical density (OD) 260/280 ratio was measured using Nanodrop, and RNA integrity number (RIN) was assessed using Agilent Bio-analyzer 2100 for all the samples.",NEB Next RNA First-strand synthesis and NEBNext Ultra Directional RNA Second strand synthesis were used. Remaining steps were performed using NEBNext Ultra II DNA library Prep kit  for Illumina.,9606,"The libraries were normalized, pooled, and denatured. Pooled libraries were loaded on Illumina NovaSeq S4 lane using Xp protocol per manufacturer's recommendations.",Base-calling was performed with RTA v.3.4.4. Program bcl2fastq2 was used to demultiplex and generate fastq reads. Raw fastq files were subjected to cutadapt for  adapter trimming. Trimmed Reads were aligned to human genome 38 using STAR v.2.7.3a.,Assembly: hg38,Supplementary files format and content: tab-delimited text file includes raw count data for each sample,GPL24676,"Sambasivarao,,Damaraju",sdamaraj@ualberta.ca,7807821469,Laboratory Medicine and Pathology,University of Alberta,11560 University Avenue,Edmonton,Alberta,T6G1Z2,Canada,0,Illumina NovaSeq 6000,cDNA,transcriptomic,RNA-Seq,BioSample: https://www.ncbi.nlm.nih.gov/biosample/SAMN39735555,SRA: https://www.ncbi.nlm.nih.gov/sra?term=SRX23504050,NONE,Rectus abdominis muscle;Skeletal muscle tissue,Colorectal,CPS-LowOrMid
AB_72,0.7457944503991253,0.6767940886882629,0.06900036171086243,0.5351632172098363,GSM8059558,"AB_72, Colorectal",GSM8059558,Public on Jul 15 2025,Feb 01 2024,Jul 15 2025,SRA,1,Skeletal muscle tissue,Homo sapiens,tissue: Rectus abdominis muscle,tissue: Skeletal muscle tissue,Not Applicable,Not Applicable,total RNA,"RNA extraction was performed using the Trizol method and Qiagen RNAeasy midi kit (Mississauga, ON). The optical density (OD) 260/280 ratio was measured using Nanodrop, and RNA integrity number (RIN) was assessed using Agilent Bio-analyzer 2100 for all the samples.",NEB Next RNA First-strand synthesis and NEBNext Ultra Directional RNA Second strand synthesis were used. Remaining steps were performed using NEBNext Ultra II DNA library Prep kit  for Illumina.,9606,"The libraries were normalized, pooled, and denatured. Pooled libraries were loaded on Illumina NovaSeq S4 lane using Xp protocol per manufacturer's recommendations.",Base-calling was performed with RTA v.3.4.4. Program bcl2fastq2 was used to demultiplex and generate fastq reads. Raw fastq files were subjected to cutadapt for  adapter trimming. Trimmed Reads were aligned to human genome 38 using STAR v.2.7.3a.,Assembly: hg38,Supplementary files format and content: tab-delimited text file includes raw count data for each sample,GPL24676,"Sambasivarao,,Damaraju",sdamaraj@ualberta.ca,7807821469,Laboratory Medicine and Pathology,University of Alberta,11560 University Avenue,Edmonton,Alberta,T6G1Z2,Canada,0,Illumina NovaSeq 6000,cDNA,transcriptomic,RNA-Seq,BioSample: https://www.ncbi.nlm.nih.gov/biosample/SAMN39735554,SRA: https://www.ncbi.nlm.nih.gov/sra?term=SRX23504051,NONE,Rectus abdominis muscle;Skeletal muscle tissue,Colorectal,CPS-High
AB_74,0.5997440496088193,0.8029363717426714,-0.20319232213385208,-0.7021572915524319,GSM8059560,"AB_74, Colorectal",GSM8059560,Public on Jul 15 2025,Feb 01 2024,Jul 15 2025,SRA,1,Skeletal muscle tissue,Homo sapiens,tissue: Rectus abdominis muscle,tissue: Skeletal muscle tissue,Not Applicable,Not Applicable,total RNA,"RNA extraction was performed using the Trizol method and Qiagen RNAeasy midi kit (Mississauga, ON). The optical density (OD) 260/280 ratio was measured using Nanodrop, and RNA integrity number (RIN) was assessed using Agilent Bio-analyzer 2100 for all the samples.",NEB Next RNA First-strand synthesis and NEBNext Ultra Directional RNA Second strand synthesis were used. Remaining steps were performed using NEBNext Ultra II DNA library Prep kit  for Illumina.,9606,"The libraries were normalized, pooled, and denatured. Pooled libraries were loaded on Illumina NovaSeq S4 lane using Xp protocol per manufacturer's recommendations.",Base-calling was performed with RTA v.3.4.4. Program bcl2fastq2 was used to demultiplex and generate fastq reads. Raw fastq files were subjected to cutadapt for  adapter trimming. Trimmed Reads were aligned to human genome 38 using STAR v.2.7.3a.,Assembly: hg38,Supplementary files format and content: tab-delimited text file includes raw count data for each sample,GPL24676,"Sambasivarao,,Damaraju",sdamaraj@ualberta.ca,7807821469,Laboratory Medicine and Pathology,University of Alberta,11560 University Avenue,Edmonton,Alberta,T6G1Z2,Canada,0,Illumina NovaSeq 6000,cDNA,transcriptomic,RNA-Seq,BioSample: https://www.ncbi.nlm.nih.gov/biosample/SAMN39735552,SRA: https://www.ncbi.nlm.nih.gov/sra?term=SRX23504053,NONE,Rectus abdominis muscle;Skeletal muscle tissue,Colorectal,CPS-LowOrMid
AB_75,0.5848149752792193,0.5822993854554467,0.002515589823772646,0.2329399148994473,GSM8059561,"AB_75, Pancreas",GSM8059561,Public on Jul 15 2025,Feb 01 2024,Jul 15 2025,SRA,1,Skeletal muscle tissue,Homo sapiens,tissue: Rectus abdominis muscle,tissue: Skeletal muscle tissue,Not Applicable,Not Applicable,total RNA,"RNA extraction was performed using the Trizol method and Qiagen RNAeasy midi kit (Mississauga, ON). The optical density (OD) 260/280 ratio was measured using Nanodrop, and RNA integrity number (RIN) was assessed using Agilent Bio-analyzer 2100 for all the samples.",NEB Next RNA First-strand synthesis and NEBNext Ultra Directional RNA Second strand synthesis were used. Remaining steps were performed using NEBNext Ultra II DNA library Prep kit  for Illumina.,9606,"The libraries were normalized, pooled, and denatured. Pooled libraries were loaded on Illumina NovaSeq S4 lane using Xp protocol per manufacturer's recommendations.",Base-calling was performed with RTA v.3.4.4. Program bcl2fastq2 was used to demultiplex and generate fastq reads. Raw fastq files were subjected to cutadapt for  adapter trimming. Trimmed Reads were aligned to human genome 38 using STAR v.2.7.3a.,Assembly: hg38,Supplementary files format and content: tab-delimited text file includes raw count data for each sample,GPL24676,"Sambasivarao,,Damaraju",sdamaraj@ualberta.ca,7807821469,Laboratory Medicine and Pathology,University of Alberta,11560 University Avenue,Edmonton,Alberta,T6G1Z2,Canada,0,Illumina NovaSeq 6000,cDNA,transcriptomic,RNA-Seq,BioSample: https://www.ncbi.nlm.nih.gov/biosample/SAMN39735551,SRA: https://www.ncbi.nlm.nih.gov/sra?term=SRX23504054,NONE,Rectus abdominis muscle;Skeletal muscle tissue,Pancreas,CPS-LowOrMid
AB_76,0.8380408432601558,0.6133477824305698,0.22469306082958607,1.242903656677532,GSM8059562,"AB_76, Colorectal",GSM8059562,Public on Jul 15 2025,Feb 01 2024,Jul 15 2025,SRA,1,Skeletal muscle tissue,Homo sapiens,tissue: Rectus abdominis muscle,tissue: Skeletal muscle tissue,Not Applicable,Not Applicable,total RNA,"RNA extraction was performed using the Trizol method and Qiagen RNAeasy midi kit (Mississauga, ON). The optical density (OD) 260/280 ratio was measured using Nanodrop, and RNA integrity number (RIN) was assessed using Agilent Bio-analyzer 2100 for all the samples.",NEB Next RNA First-strand synthesis and NEBNext Ultra Directional RNA Second strand synthesis were used. Remaining steps were performed using NEBNext Ultra II DNA library Prep kit  for Illumina.,9606,"The libraries were normalized, pooled, and denatured. Pooled libraries were loaded on Illumina NovaSeq S4 lane using Xp protocol per manufacturer's recommendations.",Base-calling was performed with RTA v.3.4.4. Program bcl2fastq2 was used to demultiplex and generate fastq reads. Raw fastq files were subjected to cutadapt for  adapter trimming. Trimmed Reads were aligned to human genome 38 using STAR v.2.7.3a.,Assembly: hg38,Supplementary files format and content: tab-delimited text file includes raw count data for each sample,GPL24676,"Sambasivarao,,Damaraju",sdamaraj@ualberta.ca,7807821469,Laboratory Medicine and Pathology,University of Alberta,11560 University Avenue,Edmonton,Alberta,T6G1Z2,Canada,0,Illumina NovaSeq 6000,cDNA,transcriptomic,RNA-Seq,BioSample: https://www.ncbi.nlm.nih.gov/biosample/SAMN39735550,SRA: https://www.ncbi.nlm.nih.gov/sra?term=SRX23504055,NONE,Rectus abdominis muscle;Skeletal muscle tissue,Colorectal,CPS-High
AB_77,0.8133966919221439,1.1556001025003881,-0.3422034105782442,-1.3340672615343525,GSM8059563,"AB_77, Colorectal",GSM8059563,Public on Jul 15 2025,Feb 01 2024,Jul 15 2025,SRA,1,Skeletal muscle tissue,Homo sapiens,tissue: Rectus abdominis muscle,tissue: Skeletal muscle tissue,Not Applicable,Not Applicable,total RNA,"RNA extraction was performed using the Trizol method and Qiagen RNAeasy midi kit (Mississauga, ON). The optical density (OD) 260/280 ratio was measured using Nanodrop, and RNA integrity number (RIN) was assessed using Agilent Bio-analyzer 2100 for all the samples.",NEB Next RNA First-strand synthesis and NEBNext Ultra Directional RNA Second strand synthesis were used. Remaining steps were performed using NEBNext Ultra II DNA library Prep kit  for Illumina.,9606,"The libraries were normalized, pooled, and denatured. Pooled libraries were loaded on Illumina NovaSeq S4 lane using Xp protocol per manufacturer's recommendations.",Base-calling was performed with RTA v.3.4.4. Program bcl2fastq2 was used to demultiplex and generate fastq reads. Raw fastq files were subjected to cutadapt for  adapter trimming. Trimmed Reads were aligned to human genome 38 using STAR v.2.7.3a.,Assembly: hg38,Supplementary files format and content: tab-delimited text file includes raw count data for each sample,GPL24676,"Sambasivarao,,Damaraju",sdamaraj@ualberta.ca,7807821469,Laboratory Medicine and Pathology,University of Alberta,11560 University Avenue,Edmonton,Alberta,T6G1Z2,Canada,0,Illumina NovaSeq 6000,cDNA,transcriptomic,RNA-Seq,BioSample: https://www.ncbi.nlm.nih.gov/biosample/SAMN39735549,SRA: https://www.ncbi.nlm.nih.gov/sra?term=SRX23504056,NONE,Rectus abdominis muscle;Skeletal muscle tissue,Colorectal,CPS-LowOrMid
AB_78,0.6935431547363308,0.7946213646627461,-0.10107820992641536,-0.2379718348250417,GSM8059564,"AB_78, Pancreas",GSM8059564,Public on Jul 15 2025,Feb 01 2024,Jul 15 2025,SRA,1,Skeletal muscle tissue,Homo sapiens,tissue: Rectus abdominis muscle,tissue: Skeletal muscle tissue,Not Applicable,Not Applicable,total RNA,"RNA extraction was performed using the Trizol method and Qiagen RNAeasy midi kit (Mississauga, ON). The optical density (OD) 260/280 ratio was measured using Nanodrop, and RNA integrity number (RIN) was assessed using Agilent Bio-analyzer 2100 for all the samples.",NEB Next RNA First-strand synthesis and NEBNext Ultra Directional RNA Second strand synthesis were used. Remaining steps were performed using NEBNext Ultra II DNA library Prep kit  for Illumina.,9606,"The libraries were normalized, pooled, and denatured. Pooled libraries were loaded on Illumina NovaSeq S4 lane using Xp protocol per manufacturer's recommendations.",Base-calling was performed with RTA v.3.4.4. Program bcl2fastq2 was used to demultiplex and generate fastq reads. Raw fastq files were subjected to cutadapt for  adapter trimming. Trimmed Reads were aligned to human genome 38 using STAR v.2.7.3a.,Assembly: hg38,Supplementary files format and content: tab-delimited text file includes raw count data for each sample,GPL24676,"Sambasivarao,,Damaraju",sdamaraj@ualberta.ca,7807821469,Laboratory Medicine and Pathology,University of Alberta,11560 University Avenue,Edmonton,Alberta,T6G1Z2,Canada,0,Illumina NovaSeq 6000,cDNA,transcriptomic,RNA-Seq,BioSample: https://www.ncbi.nlm.nih.gov/biosample/SAMN39735548,SRA: https://www.ncbi.nlm.nih.gov/sra?term=SRX23504057,NONE,Rectus abdominis muscle;Skeletal muscle tissue,Pancreas,CPS-LowOrMid
AB_79,0.5756053061341286,0.984570608499865,-0.40896530236573636,-1.6375502822593246,GSM8059565,"AB_79, Pancreas",GSM8059565,Public on Jul 15 2025,Feb 01 2024,Jul 15 2025,SRA,1,Skeletal muscle tissue,Homo sapiens,tissue: Rectus abdominis muscle,tissue: Skeletal muscle tissue,Not Applicable,Not Applicable,total RNA,"RNA extraction was performed using the Trizol method and Qiagen RNAeasy midi kit (Mississauga, ON). The optical density (OD) 260/280 ratio was measured using Nanodrop, and RNA integrity number (RIN) was assessed using Agilent Bio-analyzer 2100 for all the samples.",NEB Next RNA First-strand synthesis and NEBNext Ultra Directional RNA Second strand synthesis were used. Remaining steps were performed using NEBNext Ultra II DNA library Prep kit  for Illumina.,9606,"The libraries were normalized, pooled, and denatured. Pooled libraries were loaded on Illumina NovaSeq S4 lane using Xp protocol per manufacturer's recommendations.",Base-calling was performed with RTA v.3.4.4. Program bcl2fastq2 was used to demultiplex and generate fastq reads. Raw fastq files were subjected to cutadapt for  adapter trimming. Trimmed Reads were aligned to human genome 38 using STAR v.2.7.3a.,Assembly: hg38,Supplementary files format and content: tab-delimited text file includes raw count data for each sample,GPL24676,"Sambasivarao,,Damaraju",sdamaraj@ualberta.ca,7807821469,Laboratory Medicine and Pathology,University of Alberta,11560 University Avenue,Edmonton,Alberta,T6G1Z2,Canada,0,Illumina NovaSeq 6000,cDNA,transcriptomic,RNA-Seq,BioSample: https://www.ncbi.nlm.nih.gov/biosample/SAMN39735547,SRA: https://www.ncbi.nlm.nih.gov/sra?term=SRX23504058,NONE,Rectus abdominis muscle;Skeletal muscle tissue,Pancreas,CPS-LowOrMid
AB_80,0.7232597642973285,0.9782245913050958,-0.25496482700776724,-0.9375022727828435,GSM8059566,"AB_80, Colorectal",GSM8059566,Public on Jul 15 2025,Feb 01 2024,Jul 15 2025,SRA,1,Skeletal muscle tissue,Homo sapiens,tissue: Rectus abdominis muscle,tissue: Skeletal muscle tissue,Not Applicable,Not Applicable,total RNA,"RNA extraction was performed using the Trizol method and Qiagen RNAeasy midi kit (Mississauga, ON). The optical density (OD) 260/280 ratio was measured using Nanodrop, and RNA integrity number (RIN) was assessed using Agilent Bio-analyzer 2100 for all the samples.",NEB Next RNA First-strand synthesis and NEBNext Ultra Directional RNA Second strand synthesis were used. Remaining steps were performed using NEBNext Ultra II DNA library Prep kit  for Illumina.,9606,"The libraries were normalized, pooled, and denatured. Pooled libraries were loaded on Illumina NovaSeq S4 lane using Xp protocol per manufacturer's recommendations.",Base-calling was performed with RTA v.3.4.4. Program bcl2fastq2 was used to demultiplex and generate fastq reads. Raw fastq files were subjected to cutadapt for  adapter trimming. Trimmed Reads were aligned to human genome 38 using STAR v.2.7.3a.,Assembly: hg38,Supplementary files format and content: tab-delimited text file includes raw count data for each sample,GPL24676,"Sambasivarao,,Damaraju",sdamaraj@ualberta.ca,7807821469,Laboratory Medicine and Pathology,University of Alberta,11560 University Avenue,Edmonton,Alberta,T6G1Z2,Canada,0,Illumina NovaSeq 6000,cDNA,transcriptomic,RNA-Seq,BioSample: https://www.ncbi.nlm.nih.gov/biosample/SAMN39735546,SRA: https://www.ncbi.nlm.nih.gov/sra?term=SRX23504059,NONE,Rectus abdominis muscle;Skeletal muscle tissue,Colorectal,CPS-LowOrMid
AB_81,0.7287083998701409,0.7662203977628832,-0.03751199789274229,0.05098441742479942,GSM8059567,"AB_81, Colorectal",GSM8059567,Public on Jul 15 2025,Feb 01 2024,Jul 15 2025,SRA,1,Skeletal muscle tissue,Homo sapiens,tissue: Rectus abdominis muscle,tissue: Skeletal muscle tissue,Not Applicable,Not Applicable,total RNA,"RNA extraction was performed using the Trizol method and Qiagen RNAeasy midi kit (Mississauga, ON). The optical density (OD) 260/280 ratio was measured using Nanodrop, and RNA integrity number (RIN) was assessed using Agilent Bio-analyzer 2100 for all the samples.",NEB Next RNA First-strand synthesis and NEBNext Ultra Directional RNA Second strand synthesis were used. Remaining steps were performed using NEBNext Ultra II DNA library Prep kit  for Illumina.,9606,"The libraries were normalized, pooled, and denatured. Pooled libraries were loaded on Illumina NovaSeq S4 lane using Xp protocol per manufacturer's recommendations.",Base-calling was performed with RTA v.3.4.4. Program bcl2fastq2 was used to demultiplex and generate fastq reads. Raw fastq files were subjected to cutadapt for  adapter trimming. Trimmed Reads were aligned to human genome 38 using STAR v.2.7.3a.,Assembly: hg38,Supplementary files format and content: tab-delimited text file includes raw count data for each sample,GPL24676,"Sambasivarao,,Damaraju",sdamaraj@ualberta.ca,7807821469,Laboratory Medicine and Pathology,University of Alberta,11560 University Avenue,Edmonton,Alberta,T6G1Z2,Canada,0,Illumina NovaSeq 6000,cDNA,transcriptomic,RNA-Seq,BioSample: https://www.ncbi.nlm.nih.gov/biosample/SAMN39735545,SRA: https://www.ncbi.nlm.nih.gov/sra?term=SRX23504060,NONE,Rectus abdominis muscle;Skeletal muscle tissue,Colorectal,CPS-LowOrMid
AB_82,1.255784374885405,0.7725363861434147,0.48324798874199026,2.4182303055380823,GSM8059568,"AB_82, Pancreas",GSM8059568,Public on Jul 15 2025,Feb 01 2024,Jul 15 2025,SRA,1,Skeletal muscle tissue,Homo sapiens,tissue: Rectus abdominis muscle,tissue: Skeletal muscle tissue,Not Applicable,Not Applicable,total RNA,"RNA extraction was performed using the Trizol method and Qiagen RNAeasy midi kit (Mississauga, ON). The optical density (OD) 260/280 ratio was measured using Nanodrop, and RNA integrity number (RIN) was assessed using Agilent Bio-analyzer 2100 for all the samples.",NEB Next RNA First-strand synthesis and NEBNext Ultra Directional RNA Second strand synthesis were used. Remaining steps were performed using NEBNext Ultra II DNA library Prep kit  for Illumina.,9606,"The libraries were normalized, pooled, and denatured. Pooled libraries were loaded on Illumina NovaSeq S4 lane using Xp protocol per manufacturer's recommendations.",Base-calling was performed with RTA v.3.4.4. Program bcl2fastq2 was used to demultiplex and generate fastq reads. Raw fastq files were subjected to cutadapt for  adapter trimming. Trimmed Reads were aligned to human genome 38 using STAR v.2.7.3a.,Assembly: hg38,Supplementary files format and content: tab-delimited text file includes raw count data for each sample,GPL24676,"Sambasivarao,,Damaraju",sdamaraj@ualberta.ca,7807821469,Laboratory Medicine and Pathology,University of Alberta,11560 University Avenue,Edmonton,Alberta,T6G1Z2,Canada,0,Illumina NovaSeq 6000,cDNA,transcriptomic,RNA-Seq,BioSample: https://www.ncbi.nlm.nih.gov/biosample/SAMN39735544,SRA: https://www.ncbi.nlm.nih.gov/sra?term=SRX23504061,NONE,Rectus abdominis muscle;Skeletal muscle tissue,Pancreas,CPS-High
AB_83,0.6500074765845678,1.0193208642013378,-0.36931338761677,-1.457302501027339,GSM8059569,"AB_83, Colorectal",GSM8059569,Public on Jul 15 2025,Feb 01 2024,Jul 15 2025,SRA,1,Skeletal muscle tissue,Homo sapiens,tissue: Rectus abdominis muscle,tissue: Skeletal muscle tissue,Not Applicable,Not Applicable,total RNA,"RNA extraction was performed using the Trizol method and Qiagen RNAeasy midi kit (Mississauga, ON). The optical density (OD) 260/280 ratio was measured using Nanodrop, and RNA integrity number (RIN) was assessed using Agilent Bio-analyzer 2100 for all the samples.",NEB Next RNA First-strand synthesis and NEBNext Ultra Directional RNA Second strand synthesis were used. Remaining steps were performed using NEBNext Ultra II DNA library Prep kit  for Illumina.,9606,"The libraries were normalized, pooled, and denatured. Pooled libraries were loaded on Illumina NovaSeq S4 lane using Xp protocol per manufacturer's recommendations.",Base-calling was performed with RTA v.3.4.4. Program bcl2fastq2 was used to demultiplex and generate fastq reads. Raw fastq files were subjected to cutadapt for  adapter trimming. Trimmed Reads were aligned to human genome 38 using STAR v.2.7.3a.,Assembly: hg38,Supplementary files format and content: tab-delimited text file includes raw count data for each sample,GPL24676,"Sambasivarao,,Damaraju",sdamaraj@ualberta.ca,7807821469,Laboratory Medicine and Pathology,University of Alberta,11560 University Avenue,Edmonton,Alberta,T6G1Z2,Canada,0,Illumina NovaSeq 6000,cDNA,transcriptomic,RNA-Seq,BioSample: https://www.ncbi.nlm.nih.gov/biosample/SAMN39735543,SRA: https://www.ncbi.nlm.nih.gov/sra?term=SRX23504062,NONE,Rectus abdominis muscle;Skeletal muscle tissue,Colorectal,CPS-LowOrMid
AB_84,0.836178309667018,0.6557167018663413,0.18046160780067666,1.041838428942583,GSM8059570,"AB_84, Pancreas",GSM8059570,Public on Jul 15 2025,Feb 01 2024,Jul 15 2025,SRA,1,Skeletal muscle tissue,Homo sapiens,tissue: Rectus abdominis muscle,tissue: Skeletal muscle tissue,Not Applicable,Not Applicable,total RNA,"RNA extraction was performed using the Trizol method and Qiagen RNAeasy midi kit (Mississauga, ON). The optical density (OD) 260/280 ratio was measured using Nanodrop, and RNA integrity number (RIN) was assessed using Agilent Bio-analyzer 2100 for all the samples.",NEB Next RNA First-strand synthesis and NEBNext Ultra Directional RNA Second strand synthesis were used. Remaining steps were performed using NEBNext Ultra II DNA library Prep kit  for Illumina.,9606,"The libraries were normalized, pooled, and denatured. Pooled libraries were loaded on Illumina NovaSeq S4 lane using Xp protocol per manufacturer's recommendations.",Base-calling was performed with RTA v.3.4.4. Program bcl2fastq2 was used to demultiplex and generate fastq reads. Raw fastq files were subjected to cutadapt for  adapter trimming. Trimmed Reads were aligned to human genome 38 using STAR v.2.7.3a.,Assembly: hg38,Supplementary files format and content: tab-delimited text file includes raw count data for each sample,GPL24676,"Sambasivarao,,Damaraju",sdamaraj@ualberta.ca,7807821469,Laboratory Medicine and Pathology,University of Alberta,11560 University Avenue,Edmonton,Alberta,T6G1Z2,Canada,0,Illumina NovaSeq 6000,cDNA,transcriptomic,RNA-Seq,BioSample: https://www.ncbi.nlm.nih.gov/biosample/SAMN39735542,SRA: https://www.ncbi.nlm.nih.gov/sra?term=SRX23504063,NONE,Rectus abdominis muscle;Skeletal muscle tissue,Pancreas,CPS-High
AB_1,0.6760413360796287,0.6055970245998012,0.07044431147982744,0.5417270551408447,GSM8059487,"AB_1, Colorectal",GSM8059487,Public on Jul 15 2025,Feb 01 2024,Jul 15 2025,SRA,1,Skeletal muscle tissue,Homo sapiens,tissue: Rectus abdominis muscle,tissue: Skeletal muscle tissue,Not Applicable,Not Applicable,total RNA,"RNA extraction was performed using the Trizol method and Qiagen RNAeasy midi kit (Mississauga, ON). The optical density (OD) 260/280 ratio was measured using Nanodrop, and RNA integrity number (RIN) was assessed using Agilent Bio-analyzer 2100 for all the samples.",NEB Next RNA First-strand synthesis and NEBNext Ultra Directional RNA Second strand synthesis were used. Remaining steps were performed using NEBNext Ultra II DNA library Prep kit  for Illumina.,9606,"The libraries were normalized, pooled, and denatured. Pooled libraries were loaded on Illumina NovaSeq S4 lane using Xp protocol per manufacturer's recommendations.",Base-calling was performed with RTA v.3.4.4. Program bcl2fastq2 was used to demultiplex and generate fastq reads. Raw fastq files were subjected to cutadapt for  adapter trimming. Trimmed Reads were aligned to human genome 38 using STAR v.2.7.3a.,Assembly: hg38,Supplementary files format and content: tab-delimited text file includes raw count data for each sample,GPL24676,"Sambasivarao,,Damaraju",sdamaraj@ualberta.ca,7807821469,Laboratory Medicine and Pathology,University of Alberta,11560 University Avenue,Edmonton,Alberta,T6G1Z2,Canada,0,Illumina NovaSeq 6000,cDNA,transcriptomic,RNA-Seq,BioSample: https://www.ncbi.nlm.nih.gov/biosample/SAMN39735625,SRA: https://www.ncbi.nlm.nih.gov/sra?term=SRX23503980,NONE,Rectus abdominis muscle;Skeletal muscle tissue,Colorectal,CPS-High
AB_30,0.8687341135132726,0.6790805514861086,0.189653562027164,1.0836227756758894,GSM8059516,"AB_30, Colorectal",GSM8059516,Public on Jul 15 2025,Feb 01 2024,Jul 15 2025,SRA,1,Skeletal muscle tissue,Homo sapiens,tissue: Rectus abdominis muscle,tissue: Skeletal muscle tissue,Not Applicable,Not Applicable,total RNA,"RNA extraction was performed using the Trizol method and Qiagen RNAeasy midi kit (Mississauga, ON). The optical density (OD) 260/280 ratio was measured using Nanodrop, and RNA integrity number (RIN) was assessed using Agilent Bio-analyzer 2100 for all the samples.",NEB Next RNA First-strand synthesis and NEBNext Ultra Directional RNA Second strand synthesis were used. Remaining steps were performed using NEBNext Ultra II DNA library Prep kit  for Illumina.,9606,"The libraries were normalized, pooled, and denatured. Pooled libraries were loaded on Illumina NovaSeq S4 lane using Xp protocol per manufacturer's recommendations.",Base-calling was performed with RTA v.3.4.4. Program bcl2fastq2 was used to demultiplex and generate fastq reads. Raw fastq files were subjected to cutadapt for  adapter trimming. Trimmed Reads were aligned to human genome 38 using STAR v.2.7.3a.,Assembly: hg38,Supplementary files format and content: tab-delimited text file includes raw count data for each sample,GPL24676,"Sambasivarao,,Damaraju",sdamaraj@ualberta.ca,7807821469,Laboratory Medicine and Pathology,University of Alberta,11560 University Avenue,Edmonton,Alberta,T6G1Z2,Canada,0,Illumina NovaSeq 6000,cDNA,transcriptomic,RNA-Seq,BioSample: https://www.ncbi.nlm.nih.gov/biosample/SAMN39735596,SRA: https://www.ncbi.nlm.nih.gov/sra?term=SRX23504009,NONE,Rectus abdominis muscle;Skeletal muscle tissue,Colorectal,CPS-High
AB_43,0.7776750417170095,0.6947352748488712,0.08293976686813831,0.5985282997587987,GSM8059529,"AB_43, Colorectal",GSM8059529,Public on Jul 15 2025,Feb 01 2024,Jul 15 2025,SRA,1,Skeletal muscle tissue,Homo sapiens,tissue: Rectus abdominis muscle,tissue: Skeletal muscle tissue,Not Applicable,Not Applicable,total RNA,"RNA extraction was performed using the Trizol method and Qiagen RNAeasy midi kit (Mississauga, ON). The optical density (OD) 260/280 ratio was measured using Nanodrop, and RNA integrity number (RIN) was assessed using Agilent Bio-analyzer 2100 for all the samples.",NEB Next RNA First-strand synthesis and NEBNext Ultra Directional RNA Second strand synthesis were used. Remaining steps were performed using NEBNext Ultra II DNA library Prep kit  for Illumina.,9606,"The libraries were normalized, pooled, and denatured. Pooled libraries were loaded on Illumina NovaSeq S4 lane using Xp protocol per manufacturer's recommendations.",Base-calling was performed with RTA v.3.4.4. Program bcl2fastq2 was used to demultiplex and generate fastq reads. Raw fastq files were subjected to cutadapt for  adapter trimming. Trimmed Reads were aligned to human genome 38 using STAR v.2.7.3a.,Assembly: hg38,Supplementary files format and content: tab-delimited text file includes raw count data for each sample,GPL24676,"Sambasivarao,,Damaraju",sdamaraj@ualberta.ca,7807821469,Laboratory Medicine and Pathology,University of Alberta,11560 University Avenue,Edmonton,Alberta,T6G1Z2,Canada,0,Illumina NovaSeq 6000,cDNA,transcriptomic,RNA-Seq,BioSample: https://www.ncbi.nlm.nih.gov/biosample/SAMN39735583,SRA: https://www.ncbi.nlm.nih.gov/sra?term=SRX23504022,NONE,Rectus abdominis muscle;Skeletal muscle tissue,Colorectal,CPS-High
AB_61,0.793115360334896,0.7832357002502023,0.009879660084693764,0.26641515395841564,GSM8059547,"AB_61, Colorectal",GSM8059547,Public on Jul 15 2025,Feb 01 2024,Jul 15 2025,SRA,1,Skeletal muscle tissue,Homo sapiens,tissue: Rectus abdominis muscle,tissue: Skeletal muscle tissue,Not Applicable,Not Applicable,total RNA,"RNA extraction was performed using the Trizol method and Qiagen RNAeasy midi kit (Mississauga, ON). The optical density (OD) 260/280 ratio was measured using Nanodrop, and RNA integrity number (RIN) was assessed using Agilent Bio-analyzer 2100 for all the samples.",NEB Next RNA First-strand synthesis and NEBNext Ultra Directional RNA Second strand synthesis were used. Remaining steps were performed using NEBNext Ultra II DNA library Prep kit  for Illumina.,9606,"The libraries were normalized, pooled, and denatured. Pooled libraries were loaded on Illumina NovaSeq S4 lane using Xp protocol per manufacturer's recommendations.",Base-calling was performed with RTA v.3.4.4. Program bcl2fastq2 was used to demultiplex and generate fastq reads. Raw fastq files were subjected to cutadapt for  adapter trimming. Trimmed Reads were aligned to human genome 38 using STAR v.2.7.3a.,Assembly: hg38,Supplementary files format and content: tab-delimited text file includes raw count data for each sample,GPL24676,"Sambasivarao,,Damaraju",sdamaraj@ualberta.ca,7807821469,Laboratory Medicine and Pathology,University of Alberta,11560 University Avenue,Edmonton,Alberta,T6G1Z2,Canada,0,Illumina NovaSeq 6000,cDNA,transcriptomic,RNA-Seq,BioSample: https://www.ncbi.nlm.nih.gov/biosample/SAMN39735565,SRA: https://www.ncbi.nlm.nih.gov/sra?term=SRX23504040,NONE,Rectus abdominis muscle;Skeletal muscle tissue,Colorectal,CPS-LowOrMid
AB_73,0.7555790138355019,0.5242350480360823,0.23134396579941952,1.2731370230001133,GSM8059559,"AB_73, Colorectal",GSM8059559,Public on Jul 15 2025,Feb 01 2024,Jul 15 2025,SRA,1,Skeletal muscle tissue,Homo sapiens,tissue: Rectus abdominis muscle,tissue: Skeletal muscle tissue,Not Applicable,Not Applicable,total RNA,"RNA extraction was performed using the Trizol method and Qiagen RNAeasy midi kit (Mississauga, ON). The optical density (OD) 260/280 ratio was measured using Nanodrop, and RNA integrity number (RIN) was assessed using Agilent Bio-analyzer 2100 for all the samples.",NEB Next RNA First-strand synthesis and NEBNext Ultra Directional RNA Second strand synthesis were used. Remaining steps were performed using NEBNext Ultra II DNA library Prep kit  for Illumina.,9606,"The libraries were normalized, pooled, and denatured. Pooled libraries were loaded on Illumina NovaSeq S4 lane using Xp protocol per manufacturer's recommendations.",Base-calling was performed with RTA v.3.4.4. Program bcl2fastq2 was used to demultiplex and generate fastq reads. Raw fastq files were subjected to cutadapt for  adapter trimming. Trimmed Reads were aligned to human genome 38 using STAR v.2.7.3a.,Assembly: hg38,Supplementary files format and content: tab-delimited text file includes raw count data for each sample,GPL24676,"Sambasivarao,,Damaraju",sdamaraj@ualberta.ca,7807821469,Laboratory Medicine and Pathology,University of Alberta,11560 University Avenue,Edmonton,Alberta,T6G1Z2,Canada,0,Illumina NovaSeq 6000,cDNA,transcriptomic,RNA-Seq,BioSample: https://www.ncbi.nlm.nih.gov/biosample/SAMN39735553,SRA: https://www.ncbi.nlm.nih.gov/sra?term=SRX23504052,NONE,Rectus abdominis muscle;Skeletal muscle tissue,Colorectal,CPS-High
AB_2,0.7597030236725589,0.6778157812192523,0.08188724245330659,0.5937437845174293,GSM8059488,"AB_2, Colorectal",GSM8059488,Public on Jul 15 2025,Feb 01 2024,Jul 15 2025,SRA,1,Skeletal muscle tissue,Homo sapiens,tissue: Rectus abdominis muscle,tissue: Skeletal muscle tissue,Not Applicable,Not Applicable,total RNA,"RNA extraction was performed using the Trizol method and Qiagen RNAeasy midi kit (Mississauga, ON). The optical density (OD) 260/280 ratio was measured using Nanodrop, and RNA integrity number (RIN) was assessed using Agilent Bio-analyzer 2100 for all the samples.",NEB Next RNA First-strand synthesis and NEBNext Ultra Directional RNA Second strand synthesis were used. Remaining steps were performed using NEBNext Ultra II DNA library Prep kit  for Illumina.,9606,"The libraries were normalized, pooled, and denatured. Pooled libraries were loaded on Illumina NovaSeq S4 lane using Xp protocol per manufacturer's recommendations.",Base-calling was performed with RTA v.3.4.4. Program bcl2fastq2 was used to demultiplex and generate fastq reads. Raw fastq files were subjected to cutadapt for  adapter trimming. Trimmed Reads were aligned to human genome 38 using STAR v.2.7.3a.,Assembly: hg38,Supplementary files format and content: tab-delimited text file includes raw count data for each sample,GPL24676,"Sambasivarao,,Damaraju",sdamaraj@ualberta.ca,7807821469,Laboratory Medicine and Pathology,University of Alberta,11560 University Avenue,Edmonton,Alberta,T6G1Z2,Canada,0,Illumina NovaSeq 6000,cDNA,transcriptomic,RNA-Seq,BioSample: https://www.ncbi.nlm.nih.gov/biosample/SAMN39735624,SRA: https://www.ncbi.nlm.nih.gov/sra?term=SRX23503981,NONE,Rectus abdominis muscle;Skeletal muscle tissue,Colorectal,CPS-High
