Gene_set,Term,Overlap,P-value,Adjusted P-value,Old P-value,Old Adjusted P-value,Odds Ratio,Combined Score,Genes
GO_Biological_Process_2021,nucleic acid transport (GO:0050657),1/10,0.6477099394029803,0.9999950684215584,0,0,1.010662177328844,0.4389430220573745,NXF5
GO_Biological_Process_2021,poly(A)+ mRNA export from nucleus (GO:0016973),1/21,0.8882576441720489,0.9999950684215584,0,0,0.454520202020202,0.0538576614864587,NXF5
GO_Biological_Process_2021,RNA transport (GO:0050658),1/76,0.999641946864708,0.9999950684215584,0,0,0.1208350168350168,4.327310412855047e-05,NXF5
GO_Biological_Process_2021,mRNA-containing ribonucleoprotein complex export from nucleus (GO:0071427),1/99,0.9999648935435748,0.9999950684215584,0,0,0.0923572459286745,3.242392544549553e-06,NXF5
GO_Biological_Process_2021,mRNA transport (GO:0051028),1/104,0.9999778483236708,0.9999950684215584,0,0,0.0878493674610179,1.9460323077434748e-06,NXF5
GO_Biological_Process_2021,RNA export from nucleus (GO:0006405),1/106,0.999981397844212,0.9999950684215584,0,0,0.0861664261664261,1.6028961919396664e-06,NXF5
GO_Biological_Process_2021,mRNA export from nucleus (GO:0006406),1/107,0.9999829105869212,0.9999950684215584,0,0,0.0853487707261292,1.4585728618255486e-06,NXF5
GO_Biological_Process_2021,gene expression (GO:0010467),1/356,0.9999950684215584,0.9999950684215584,0,0,0.0251301749893299,1.2393173480114712e-07,NXF5
