ID,Description,GeneRatio,BgRatio,pvalue,p.adjust,qvalue,geneID,Count
GO:0030198,extracellular matrix organization,116/2098,321/18870,1.1318468130742686e-32,4.273789449357069e-29,3.166229048339543e-29,COL5A2/ELN/COL1A1/LOX/SFRP2/ADAMTS2/COL1A2/COL14A1/MMP14/MMP2/CTSK/COL5A1/ANTXR1/FKBP10/COL3A1/KAZALD1/SLC2A10/POSTN/SH3PXD2B/EMILIN1/LRP1/COL19A1/ABI3BP/OLFML2B/FBLN1/AEBP1/ECM2/COL8A1/BMP1/ADAMTS7/HMCN1/COL16A1/LUM/TGFB1/CCDC80/COL8A2/APP/NID2/COL18A1/COL12A1/PHLDB1/DDR2/FBLN5/FMOD/NID1/FAP/RECK/SULF1/PXDN/SULF2/DPT/MMP16/ADAMTS15/COLGALT1/CREB3L1/LOXL3/LOXL1/FSCN1/OLFML2A/LAMA2/MFAP4/ADAMTS12/ADAMTS16/SMOC2/PRICKLE1/ADAMTS10/COL24A1/TNXB/EFEMP2/LOXL2/TGFBI/PDGFRA/COMP/LAMB1/P3H4/COL10A1/PAPLN/LAMB2/RUNX1/CST3/CSGALNACT1/ADAMTSL1/DPP4/TLL1/VWA1/COL11A1/ADAMTS14/PHLDB2/COL15A1/MMP28/MATN2/COL5A3/COL4A2/CTSS/MELTF/TPSAB1/COL4A1/CHADL/MMP17/MMP11/ADAMTSL2/ANXA2/MMP9/ANGPTL7/FLRT2/ADAMTS18/ADAMTS3/ZNF469/MMP3/LCP1/ADAMTS6/CTSG/ADAMTS8/FOXC2/COLQ/EGFL6,116
GO:0043062,extracellular structure organization,116/2098,322/18870,1.5822108176861368e-32,4.273789449357069e-29,3.166229048339543e-29,COL5A2/ELN/COL1A1/LOX/SFRP2/ADAMTS2/COL1A2/COL14A1/MMP14/MMP2/CTSK/COL5A1/ANTXR1/FKBP10/COL3A1/KAZALD1/SLC2A10/POSTN/SH3PXD2B/EMILIN1/LRP1/COL19A1/ABI3BP/OLFML2B/FBLN1/AEBP1/ECM2/COL8A1/BMP1/ADAMTS7/HMCN1/COL16A1/LUM/TGFB1/CCDC80/COL8A2/APP/NID2/COL18A1/COL12A1/PHLDB1/DDR2/FBLN5/FMOD/NID1/FAP/RECK/SULF1/PXDN/SULF2/DPT/MMP16/ADAMTS15/COLGALT1/CREB3L1/LOXL3/LOXL1/FSCN1/OLFML2A/LAMA2/MFAP4/ADAMTS12/ADAMTS16/SMOC2/PRICKLE1/ADAMTS10/COL24A1/TNXB/EFEMP2/LOXL2/TGFBI/PDGFRA/COMP/LAMB1/P3H4/COL10A1/PAPLN/LAMB2/RUNX1/CST3/CSGALNACT1/ADAMTSL1/DPP4/TLL1/VWA1/COL11A1/ADAMTS14/PHLDB2/COL15A1/MMP28/MATN2/COL5A3/COL4A2/CTSS/MELTF/TPSAB1/COL4A1/CHADL/MMP17/MMP11/ADAMTSL2/ANXA2/MMP9/ANGPTL7/FLRT2/ADAMTS18/ADAMTS3/ZNF469/MMP3/LCP1/ADAMTS6/CTSG/ADAMTS8/FOXC2/COLQ/EGFL6,116
GO:0045229,external encapsulating structure organization,116/2098,323/18870,2.2079160234322725e-32,4.273789449357069e-29,3.166229048339543e-29,COL5A2/ELN/COL1A1/LOX/SFRP2/ADAMTS2/COL1A2/COL14A1/MMP14/MMP2/CTSK/COL5A1/ANTXR1/FKBP10/COL3A1/KAZALD1/SLC2A10/POSTN/SH3PXD2B/EMILIN1/LRP1/COL19A1/ABI3BP/OLFML2B/FBLN1/AEBP1/ECM2/COL8A1/BMP1/ADAMTS7/HMCN1/COL16A1/LUM/TGFB1/CCDC80/COL8A2/APP/NID2/COL18A1/COL12A1/PHLDB1/DDR2/FBLN5/FMOD/NID1/FAP/RECK/SULF1/PXDN/SULF2/DPT/MMP16/ADAMTS15/COLGALT1/CREB3L1/LOXL3/LOXL1/FSCN1/OLFML2A/LAMA2/MFAP4/ADAMTS12/ADAMTS16/SMOC2/PRICKLE1/ADAMTS10/COL24A1/TNXB/EFEMP2/LOXL2/TGFBI/PDGFRA/COMP/LAMB1/P3H4/COL10A1/PAPLN/LAMB2/RUNX1/CST3/CSGALNACT1/ADAMTSL1/DPP4/TLL1/VWA1/COL11A1/ADAMTS14/PHLDB2/COL15A1/MMP28/MATN2/COL5A3/COL4A2/CTSS/MELTF/TPSAB1/COL4A1/CHADL/MMP17/MMP11/ADAMTSL2/ANXA2/MMP9/ANGPTL7/FLRT2/ADAMTS18/ADAMTS3/ZNF469/MMP3/LCP1/ADAMTS6/CTSG/ADAMTS8/FOXC2/COLQ/EGFL6,116
GO:0006935,chemotaxis,129/2098,468/18870,2.1464476955501178e-23,3.1161054420148834e-20,2.3085609820298242e-20,LOX/MMP2/GPNMB/NBL1/ADGRA2/LPAR1/JAM3/SLIT3/LSP1/CAMK1D/PARVA/PDGFRB/TGFB1/PPIB/TPBG/CCN3/LGALS3/CYP7B1/MDK/CMKLR1/ROBO3/CMTM3/S100A4/PDGFD/ENPP2/CMTM7/THBS4/RARRES2/PLD1/FGF7/CORO1B/CXCL14/SMOC2/PLEKHG5/TMSB4X/HSD3B7/CXCL16/SEMA3B/FPR3/AIF1/NRP2/SLAMF8/ITGB2/CSF1R/PDGFRA/P2RX4/ITGA2/NTN1/PRKCD/PTN/CD74/LGMN/SWAP70/PLXNB3/PRKCQ/PRKD1/VEGFD/CCL22/NCKAP1L/PLXNA3/F3/DPP4/FGF16/FGF18/IL34/SEMA5A/ANXA1/IL16/HGF/MMP28/SEMA3D/ANGPT2/SAA1/SYK/SUCNR1/CCL18/C3AR1/CCL14/CXADR/LGALS9/FCER1G/PIK3CG/FGF2/EFNA5/VCAM1/CCR1/PTK2B/CCL21/IL17RA/ACKR2/THBS1/SPN/DOCK2/CYSLTR1/TIAM1/TMEM102/TRPM2/SPI1/CMTM1/GPR183/CXCR4/FLRT2/PTAFR/FLRT3/RAC3/SEMA3A/PLXNA4/GPSM3/ACKR4/CCL16/CXCL1/CTSG/TNFRSF11A/CCL3L3/TRPV4/TUBB2B/ALOX5/PLA2G7/CCL5/LRTM1/CORO1A/CCR5/CCL3/CXCL9/HBEGF/NR4A1/LEF1/PLAU/SCG2,129
GO:0042330,taxis,129/2098,470/18870,3.26312077875068e-23,3.78978847244104e-20,2.807657815316638e-20,LOX/MMP2/GPNMB/NBL1/ADGRA2/LPAR1/JAM3/SLIT3/LSP1/CAMK1D/PARVA/PDGFRB/TGFB1/PPIB/TPBG/CCN3/LGALS3/CYP7B1/MDK/CMKLR1/ROBO3/CMTM3/S100A4/PDGFD/ENPP2/CMTM7/THBS4/RARRES2/PLD1/FGF7/CORO1B/CXCL14/SMOC2/PLEKHG5/TMSB4X/HSD3B7/CXCL16/SEMA3B/FPR3/AIF1/NRP2/SLAMF8/ITGB2/CSF1R/PDGFRA/P2RX4/ITGA2/NTN1/PRKCD/PTN/CD74/LGMN/SWAP70/PLXNB3/PRKCQ/PRKD1/VEGFD/CCL22/NCKAP1L/PLXNA3/F3/DPP4/FGF16/FGF18/IL34/SEMA5A/ANXA1/IL16/HGF/MMP28/SEMA3D/ANGPT2/SAA1/SYK/SUCNR1/CCL18/C3AR1/CCL14/CXADR/LGALS9/FCER1G/PIK3CG/FGF2/EFNA5/VCAM1/CCR1/PTK2B/CCL21/IL17RA/ACKR2/THBS1/SPN/DOCK2/CYSLTR1/TIAM1/TMEM102/TRPM2/SPI1/CMTM1/GPR183/CXCR4/FLRT2/PTAFR/FLRT3/RAC3/SEMA3A/PLXNA4/GPSM3/ACKR4/CCL16/CXCL1/CTSG/TNFRSF11A/CCL3L3/TRPV4/TUBB2B/ALOX5/PLA2G7/CCL5/LRTM1/CORO1A/CCR5/CCL3/CXCL9/HBEGF/NR4A1/LEF1/PLAU/SCG2,129
GO:0030199,collagen fibril organization,39/2098,65/18870,2.4362002073932274e-21,2.357835767388745e-18,1.74679828905546e-18,COL5A2/COL1A1/LOX/SFRP2/ADAMTS2/COL1A2/COL14A1/COL5A1/FKBP10/COL3A1/EMILIN1/AEBP1/BMP1/ADAMTS7/LUM/COL18A1/COL12A1/DDR2/FMOD/PXDN/DPT/COLGALT1/LOXL3/LOXL1/ADAMTS12/TNXB/EFEMP2/LOXL2/COMP/P3H4/TLL1/COL11A1/ADAMTS14/COL5A3/CHADL/MMP11/ANXA2/ADAMTS3/FOXC2,39
GO:0001503,ossification,118/2098,444/18870,4.371063641444365e-20,3.6261095094096324e-17,2.686396556779417e-17,COL5A2/COL1A1/ASPN/LOX/TMEM119/SFRP2/COL1A2/MMP14/MMP2/CTSK/KAZALD1/COL6A1/GLI3/BMP1/ADAMTS7/CTHRC1/MRC2/CCN4/THBS3/ECM1/CHRDL1/DCHS1/OSR1/IGSF10/MGP/CLEC11A/MDK/TWIST1/IGF1/SNAI2/VCAN/DDR2/TENT5A/ID4/CDH11/IGF2/ITGA11/MMP16/RRBP1/CLIC1/CREB3L1/P2RX7/SPP1/IGFBP3/LTBP3/ID3/PLXNB1/ADAMTS12/TCIRG1/RUNX2/PRICKLE1/TWSG1/DHRS3/GABBR1/FZD1/GPC3/MN1/CHRD/COMP/WWTR1/PTN/RUNX1/ADGRV1/SOX8/CEBPA/PRKD1/FSTL3/CSGALNACT1/TWIST2/CCN2/FGF18/SMAD6/SLC20A2/NAB2/SHOX2/ENPP1/COL11A1/CLEC3B/HGF/TACR1/MYOG/PPARG/GLI2/SFRP1/XYLT1/PENK/GDF10/FGF2/CCR1/PTK2B/RASSF2/FASN/SNX10/OSR2/MAP2K6/SATB2/KLF10/VDR/BMP8A/MYOC/TNC/PKDCC/NPPC/PTHLH/RUNX3/ROR2/TNFRSF11A/FOXC2/HAND2/ALOX5/SOX11/PHEX/PHOSPHO1/GLI1/LEP/CCL3/LEF1/ERFE,118
GO:0060326,cell chemotaxis,94/2098,325/18870,6.986694704209638e-19,5.071467018418171e-16,3.7571870073822097e-16,LOX/MMP2/NBL1/LPAR1/JAM3/CAMK1D/PARVA/PDGFRB/PPIB/TPBG/CCN3/LGALS3/CYP7B1/MDK/CMKLR1/PDGFD/THBS4/RARRES2/CORO1B/CXCL14/SMOC2/PLEKHG5/TMSB4X/HSD3B7/CXCL16/AIF1/SLAMF8/ITGB2/CSF1R/PDGFRA/P2RX4/PRKCD/PTN/CD74/LGMN/SWAP70/PLXNB3/PRKCQ/PRKD1/VEGFD/CCL22/NCKAP1L/DPP4/FGF16/FGF18/IL34/SEMA5A/ANXA1/IL16/HGF/MMP28/SAA1/SYK/CCL18/C3AR1/CCL14/CXADR/LGALS9/FCER1G/PIK3CG/FGF2/VCAM1/CCR1/PTK2B/CCL21/IL17RA/ACKR2/THBS1/TIAM1/TMEM102/TRPM2/SPI1/GPR183/CXCR4/RAC3/GPSM3/ACKR4/CCL16/CXCL1/CTSG/TNFRSF11A/CCL3L3/TRPV4/ALOX5/PLA2G7/CCL5/CORO1A/CCR5/CCL3/CXCL9/HBEGF/NR4A1/LEF1/SCG2,94
GO:0050900,leukocyte migration,106/2098,396/18870,2.0934085641624967e-18,1.3507137257879576e-15,1.0006737779803655e-15,MMP14/MMP2/SRC/NBL1/EMILIN1/THY1/JAM3/XG/CAMK1D/TNFRSF14/PPIB/CD81/ECM1/CCN3/APP/LGALS3/CYP7B1/MDK/CMKLR1/PDGFD/FYN/THBS4/RARRES2/PYCARD/CD34/HSD3B7/ST3GAL4/CD200/BDKRB1/CNN2/CXCL16/IL33/AIF1/SLAMF8/ITGB2/CSF1R/P2RX4/ITGA2/PLVAP/PTN/CD74/LGMN/SWAP70/VEGFD/CCL22/NCKAP1L/BCR/DPP4/IL34/ANXA1/JAM2/IL16/MMP28/TACR1/ASB2/SAA1/SYK/CCL18/C3AR1/CD9/CCL14/MYD88/CXADR/LGALS9/FCER1G/F11R/PIK3CG/VCAM1/RIPK3/CCR1/PTK2B/CCL21/IL17RA/PODXL2/THBS1/SPN/SELP/TMEM102/TRPM2/SPI1/GPR183/CXCR4/GCNT1/CD200R1/ITGA4/PTAFR/SELPLG/RAC3/GPSM3/CCL16/CXCL1/CTSG/ROR2/TNFRSF11A/CCL3L3/TRPV4/ALOX5/PLA2G7/CD300A/CCL5/CORO1A/CCR5/LEP/CCL3/CXCL9/SCG2,106
GO:0061448,connective tissue development,83/2098,285/18870,5.086663289337782e-17,2.95382537211845e-14,2.1883360908972123e-14,COL1A1/LOX/SFRP2/CTSK/COL5A1/COL3A1/EVC/SH3PXD2B/GLI3/BGN/BMP1/ADAMTS7/PDGFRB/TGFB1/CCN4/THBS3/ECM1/CCN3/LIPA/OGN/OSR1/MGP/MDK/SNAI2/ID4/SULF1/FRZB/PDGFD/SULF2/TGFBR2/TIMP1/LTBP3/EBF2/ADAMTS12/RUNX2/CD34/RORC/TWSG1/RARG/TSKU/CD44/LOXL2/MBOAT2/TGFBI/COMP/EFEMP1/RUNX1/SOX8/GDF7/HOXD3/CSGALNACT1/CCN2/FGF18/SHOX2/COL11A1/HOXC4/PPARG/CHST11/ABHD15/CHI3L1/FGF2/MSX1/CHADL/PPARGC1A/SOX5/ITGB8/OSR2/SATB2/SPI1/HYAL3/BMP8A/DGAT2/PKDCC/NPPC/PTHLH/ARID5A/RUNX3/FOXC2/HAND2/TRPV4/LEP/GDF6/EGR1,83
GO:0031589,cell-substrate adhesion,95/2098,356/18870,1.5699877342046653e-16,8.288107975024082e-14,6.14022954037748e-14,COL1A1/MMP14/ANTXR1/COL3A1/SRC/POSTN/EMILIN1/ABI3BP/FBLN1/THY1/ECM2/COL8A1/JAM3/COL16A1/PARVA/PLEKHA2/DOCK1/FN1/ITGBL1/THBS3/CCDC80/NID2/MDK/EDIL3/EPHB3/FBLN5/NID1/AXL/DAB2/TRIP6/SRGAP2/CDH11/S100A10/ITGB5/ITGA11/EPHA3/FREM1/ADAMTS12/CD34/FBLN2/SGCE/TNXB/EFEMP2/MICALL2/CD44/ITGB2/ACTN1/LAMB1/ITGA2/SIGLEC1/CARMIL1/STON1/HOXD3/JUP/CCN2/BCR/SMAD6/ACTG1/ITGA10/PHLDB2/ANGPT2/ITGB4/FMN1/RHOD/FERMT3/COL5A3/TYRO3/SFRP1/MELTF/MERTK/ITGAM/EFNA5/VCAM1/FZD7/BCL6/PTK2B/FLNA/CCL21/ITGB8/ACTN2/THBS1/TIAM1/FAM107A/AJUBA/ITGA4/MYOC/TECTA/TACSTD2/RAC3/ITGAX/SDC4/CORO1A/PLAU/EGFL6/CAMSAP3,95
GO:0042060,wound healing,105/2098,423/18870,9.000616749338871e-16,4.3354781727455274e-13,3.211931025533788e-13,COL5A1/FKBP10/COL3A1/SRC/EMILIN1/NOTCH2/FBLN1/MYOF/CD109/TGFB1/FN1/CCN4/RAP2B/IGF1/DDR2/FAP/AXL/ADRA2A/S100A10/PTK7/ANXA5/APOE/VPS4A/CLIC1/SERPING1/TIMP1/ELK3/F2R/CORO1B/FUNDC2/PRCP/CD34/EMILIN2/SMOC2/PROCR/FZD6/VAV2/NFATC1/ST3GAL4/TSKU/CNN2/MYLK/CD44/PDGFRA/COMP/ARHGAP24/PAPSS2/ITGA2/PRKCD/MCAM/ERBB3/PPL/PRKCQ/EPHB2/F3/MMRN1/DGKA/ANXA1/ACTG1/MYOZ1/PHLDB2/F10/PRKG1/PPARG/SAA1/FERMT3/SYK/CD9/TYRO3/F13A1/MERTK/FCER1G/F11R/PIK3CG/C1QTNF1/FGF2/PLA2G4A/PROS1/FZD7/FLNA/PLEK/TSPAN8/THBS1/SELP/ANXA2/MYL9/CXCR4/AJUBA/P2RY1/ADAMTS18/WAS/UBASH3B/SERPINE2/CTSG/FOXC2/ARHGEF19/SDC4/ALOX5/F2RL2/DUOX1/HBEGF/DSP/CLEC7A/PLAU/CD40LG,105
GO:0050808,synapse organization,115/2098,483/18870,9.705737256017197e-16,4.3354781727455274e-13,3.211931025533788e-13,THBS2/ADGRL1/PLXNB2/PCDHB14/TPBG/CHRDL1/APP/PALM/MAP1B/NFATC4/PCDHGC3/EPHB3/SYNGAP1/SEPTIN11/NTRK2/TANC2/PCDHB13/SRGAP2/CHRNA1/PTK7/CAP2/SRGAP2C/FYN/APOE/PTPRF/CAPRIN2/PCDHB11/LRRN3/C3/F2R/MUSK/CLSTN3/PTPN13/ST8SIA2/NEURL1/PLXNB1/IL10RA/DBN1/LRRK2/EZR/PLXND1/TUBA1A/WASF1/FZD1/NRP2/NLGN2/ACTN1/MDGA1/MYOT/SNTA1/NTN1/LAMB2/PTPRS/LGMN/PDLIM5/PTPRD/AGRN/EPHB2/ARHGAP22/FCGR2B/DOCK10/C1QA/C1QC/ACTG1/CAMK1/CACNB3/DMPK/SYNPO/SPTB/C1QB/CLSTN2/CBLN3/ITGAM/NLGN4X/PLXNC1/HMCN2/EFNA5/CACNB2/COL4A1/CDH6/PCDHB9/PTK2B/FLNA/ZDHHC15/SRPX2/CHCHD10/CTTNBP2/BAIAP2/TIAM1/ARHGAP39/LZTS1/FLRT2/FLRT3/TNC/CNKSR2/LGI2/GRID1/PRRT1/RAC3/PLXNA4/LILRB2/LRFN5/CBLN4/ZNF365/ROR2/COLQ/CACNB4/SDK2/PCLO/LRRC4B/SYNDIG1/SYN1/NRCAM/IL1RAPL1/NPTX1,115
GO:0045785,positive regulation of cell adhesion,114/2098,482/18870,2.153759330830673e-15,8.933486024381228e-13,6.618356680530046e-13,SFRP2/SRC/EMILIN1/GLI3/ABI3BP/THY1/ECM2/COL8A1/CD276/COL16A1/PLEKHA2/DOCK1/TNFRSF14/FN1/CD81/SOX4/CCDC80/MDK/EDIL3/IGF1/NID1/PIEZO1/DAB2/S100A10/TGFBR2/FYN/IGF2/PYCARD/CD4/LAMA2/EMILIN2/FBLN2/ST3GAL4/EFEMP2/SLC7A1/CD24/HLA-DRB1/AIF1/CD44/ITGB2/CHRD/PTPRU/LAMB1/ITGA2/HAVCR2/LAMB2/RUNX1/CD74/CARMIL1/PRKCQ/LILRB4/FSTL3/NCKAP1L/MMRN1/JUP/DPP4/ANXA1/HLA-DRA/FMN1/GLI2/SAA1/RHOD/SYK/HLA-DPB1/SFRP1/HLA-DQA1/HLA-DPA1/LGALS9/F11R/CD209/APBB1IP/SASH3/VCAM1/BCL6/PTK2B/FLNA/CCL21/MEGF10/SOX12/SPN/HLA-DMB/SELP/PDCD1LG2/TMEM102/CD86/IL4R/GCNT1/ITGA4/PTAFR/IL2RG/MYOC/RAC3/LILRB2/RASAL3/KIF26B/CD28/RUNX3/CTSG/FOXC2/SDC4/ALOX5/IL7R/CCL5/LILRB1/NFKBID/CORO1A/PTPN22/LEP/PCK1/HSPH1/LEF1/HLA-DRB5/EGFL6/CD40LG,114
GO:0001819,positive regulation of cytokine production,116/2098,499/18870,4.542971439228324e-15,1.7587356765065917e-12,1.3029560892720114e-12,SRC/POSTN/CD276/SPON2/LUM/TGFB1/TNFRSF14/CD81/APP/MDK/TWIST1/NFATC4/C1QTNF3/NOD1/ADRA2A/SULF1/SULF2/GSDMD/P2RX7/PYCARD/CD4/C3/F2R/CD84/S100A13/MBP/CLU/CD34/LRRK2/PLA2R1/RAB7B/CD200/TNXB/TMEM106A/PDE4D/IL33/AIF1/LAPTM5/CSF1R/UNC93B1/CD14/HAVCR2/RUNX1/CD74/STING1/CYBB/PRKCQ/EPHB2/F3/ANXA1/IRF5/IL16/HGF/TYROBP/IFI16/SAA1/IRF8/SYK/C3AR1/HLA-DPB1/C1QTNF4/MYD88/HLA-DPA1/LGALS9/FCER1G/TLR7/PIK3CG/CHI3L1/SASH3/LY96/BTK/CASP8/NAIP/IL17RA/LACC1/HILPDA/CCBE1/THBS1/SPN/AKAP12/IKBKE/GAPDH/CD86/SPHK1/IL4R/PANX1/GATA6/PTAFR/MAPK13/IL17D/HTR2B/LILRB2/GPSM3/IRF4/CD2/LURAP1/ADIPOQ/TRIM6/FCGR3A/RBM47/CD28/ARID5A/TRPV4/TLR9/SCIMP/LILRB1/PTPN22/ADCYAP1/LEP/CARD9/SLAMF6/CCL3/EGR1/CLEC7A/SCAMP5/CD40LG,116
GO:0060348,bone development,66/2098,215/18870,4.9430944192749355e-15,1.7866273868083087e-12,1.323619611518867e-12,COL1A1/LOX/TMEM119/MMP14/COL3A1/EVC/SFRP4/SRC/SH3PXD2B/NOTCH2/GLI3/LRRC17/BGN/ADAMTS7/PPIB/CCN4/THBS3/ECM1/LIPA/OGN/DCHS1/TWIST1/IGF1/DDR2/SULF1/SULF2/TGFBR2/MMP16/P3H1/CHAD/ACP5/FREM1/TGFB3/LTBP3/PLXNB1/ADAMTS12/RUNX2/FBN1/PLS3/RARG/LEPR/DHRS3/TSKU/COMP/PAPSS2/CSGALNACT1/FGF18/NAB2/SHOX2/TYROBP/XYLT1/MSX1/GPR68/SNX10/OSR2/MAP2K6/ANXA2/MYOC/TTC9/NPPC/TRPV4/PHEX/PHOSPHO1/LILRB1/LEP/CYP26B1,66
GO:0007162,negative regulation of cell adhesion,84/2098,312/18870,5.230353982390434e-15,1.7866273868083087e-12,1.323619611518867e-12,COL1A1/MMP14/MMP2/GPNMB/SRC/POSTN/GLI3/FBLN1/JAM3/PLXNB2/TGFB1/TNFRSF14/CBLL1/LGALS3/MDK/HSPG2/SNAI2/LOXL3/TNFRSF21/PLXNB1/MBP/TWSG1/PLXND1/FXYD5/PAG1/HLA-DRB1/LAPTM5/TGFBI/HAVCR2/PRKCD/RUNX1/ERBB3/CD74/SWAP70/PLXNB3/EPHB2/LILRB4/FCGR2B/NCKAP1L/PLXNA3/AKNA/SEMA5A/ANXA1/PHLDB2/FGL2/ANGPT2/PRKG1/VSIG4/CD9/MELTF/LGALS9/PLXNC1/C1QTNF1/EFNA5/FZD7/BCL6/CCL21/DTX1/THBS1/SPN/PDE3B/PDCD1LG2/CD86/SPI1/FAM107A/IL4R/MYOC/TNC/TACSTD2/MUC1/PLXNA4/LILRB2/TNFAIP8L2/ADAMTS18/ADIPOQ/UBASH3B/SERPINE2/RUNX3/CTSG/TRPV4/SDC4/CD300A/LILRB1/PTPN22,84
GO:0051216,cartilage development,64/2098,207/18870,8.77585376435847e-15,2.8311879338683126e-12,2.097480370463922e-12,COL1A1/SFRP2/CTSK/COL3A1/EVC/GLI3/BGN/BMP1/ADAMTS7/TGFB1/CCN4/THBS3/ECM1/CCN3/OGN/OSR1/MGP/MDK/SNAI2/SULF1/FRZB/SULF2/TGFBR2/TIMP1/LTBP3/ADAMTS12/RUNX2/TWSG1/RARG/TSKU/CD44/LOXL2/MBOAT2/TGFBI/COMP/EFEMP1/RUNX1/HOXD3/CSGALNACT1/CCN2/FGF18/SHOX2/COL11A1/HOXC4/CHST11/CHI3L1/FGF2/MSX1/CHADL/SOX5/ITGB8/OSR2/SATB2/HYAL3/BMP8A/PKDCC/NPPC/PTHLH/ARID5A/RUNX3/HAND2/TRPV4/LEP/GDF6,64
GO:0002685,regulation of leukocyte migration,68/2098,230/18870,1.5207560869943847e-14,4.647910840619154e-12,3.4433961925462883e-12,MMP14/NBL1/EMILIN1/THY1/JAM3/XG/CAMK1D/TNFRSF14/CD81/ECM1/CCN3/APP/LGALS3/MDK/CMKLR1/PDGFD/THBS4/RARRES2/PYCARD/ST3GAL4/CD200/BDKRB1/CNN2/IL33/AIF1/SLAMF8/CSF1R/P2RX4/ITGA2/PLVAP/PTN/CD74/LGMN/SWAP70/VEGFD/NCKAP1L/BCR/DPP4/IL34/ANXA1/JAM2/MMP28/TACR1/C3AR1/CD9/MYD88/LGALS9/RIPK3/CCR1/PTK2B/CCL21/THBS1/SPN/SELP/TMEM102/SPI1/GCNT1/CD200R1/ITGA4/PTAFR/RAC3/GPSM3/TRPV4/PLA2G7/CD300A/CCL5/CORO1A/CCL3,68
GO:0043410,positive regulation of MAPK cascade,110/2098,474/18870,2.671907844953075e-14,7.757884427821253e-12,5.747414401222746e-12,GPNMB/SRC/NOTCH2/CDON/LPAR1/PDGFRB/TGFB1/CD81/TPBG/MAP3K12/APP/IGFBP4/IGF1/NOD1/TNFAIP8L3/NTRK2/ADRA2A/PDGFD/IGF2/APOE/GLIPR2/ARRB1/P2RX7/PYCARD/CD4/F2R/IGFBP3/TGFB3/DOK1/MID1/PLCE1/EDA2R/NEK10/LRRK2/TENM1/CD24/TMEM106A/CAVIN3/HLA-DRB1/CD44/LAPTM5/CSF1R/IGFBP6/PDGFRA/DOK2/HAVCR2/CD74/FCGR2B/CCL22/CCN2/FGF18/IL34/HGF/SYK/CCL18/TRIM5/CCL14/MYD88/TNFRSF19/LGALS9/DOK4/PIK3CG/C1QTNF1/DOK5/CHI3L1/FGF2/FZD7/MAPK8IP1/CCR1/PTK2B/CCL21/RASSF2/NAIP/NOX4/INHBA/THBS1/TRAF4/GADD45A/MAP2K6/AKAP12/SPI1/SPHK1/GPR183/PIK3R5/TBX1/HTR2B/P2RY1/SEMA3A/CSPG4/CCL16/MAP4K1/HCRTR1/TNFRSF11A/HAND2/CCL3L3/TRPV4/CCL5/TLR9/SCIMP/DOK6/FZD10/PTPN22/ADCYAP1/LEP/CARD9/CCL3/GDF6/MARCO/LPAR2/KLB,110
GO:0022407,regulation of cell-cell adhesion,113/2098,493/18870,2.913277250400288e-14,8.055905234797368e-12,5.96820256761202e-12,GPNMB/SRC/EMILIN1/GLI3/THY1/CD276/TGFB1/TNFRSF14/CD81/SOX4/LGALS3/MDK/IGF1/EPHB3/PIEZO1/TGFBR2/FYN/IGF2/LOXL3/PYCARD/CD4/TNFRSF21/MBP/EMILIN2/TWSG1/ST3GAL4/FXYD5/SLC7A1/CD24/PAG1/HLA-DRB1/AIF1/CD44/LAPTM5/ITGB2/MDGA1/PTPRU/HAVCR2/PRKCD/RUNX1/CD74/SWAP70/PRKCQ/LILRB4/FCGR2B/FSTL3/NCKAP1L/MMRN1/DPP4/AKNA/CELSR2/ANXA1/HLA-DRA/FGL2/PRKG1/GLI2/FERMT3/VSIG4/SYK/HLA-DPB1/CD9/HLA-DQA1/HLA-DPA1/LGALS9/F11R/C1QTNF1/CD209/SASH3/EFNA5/VCAM1/BCL6/CCL21/MEGF10/SOX12/DTX1/SPN/HLA-DMB/SELP/PDCD1LG2/CD86/SPI1/IL4R/GCNT1/ITGA4/PTAFR/IL2RG/LILRB2/TNFAIP8L2/ADAMTS18/ADIPOQ/RASAL3/KIF26B/CD28/UBASH3B/SERPINE2/RUNX3/CTSG/TRPV4/SDC4/ALOX5/IL7R/CD300A/CCL5/LILRB1/NFKBID/CORO1A/PTPN22/LEP/PCK1/HSPH1/LEF1/HLA-DRB5/CD40LG,113
GO:0050866,negative regulation of cell activation,66/2098,223/18870,3.5054298799884746e-14,9.252741505951396e-12,6.8548765165133474e-12,GPNMB/EMILIN1/GLI3/TNFRSF14/FN1/LGALS3/MDK/AXL/APOE/LOXL3/GRN/CD84/TNFRSF21/ID2/TWSG1/CD200/PAG1/HLA-DRB1/LAPTM5/PDGFRA/HAVCR2/PRKCD/RUNX1/CD74/LILRB4/FCGR2B/NCKAP1L/BCR/ANXA1/TYROBP/FGL2/PRKG1/MILR1/VSIG4/CD9/TYRO3/SFRP1/CD33/MERTK/LGALS9/NR1H3/C1QTNF1/BTK/BCL6/DTX1/INHBA/SPN/PDCD1LG2/CD86/SPI1/IL4R/CNR1/LILRB2/TNFAIP8L2/ADAMTS18/LRFN5/UBASH3B/SERPINE2/RUNX3/CTSG/SDC4/SOX11/CD300A/LILRB1/PTPN22/LDLR,66
GO:0032963,collagen metabolic process,41/2098,106/18870,1.4900191316705257e-13,3.7619743902655404e-11,2.7870518037242284e-11,COL1A1/ADAMTS2/COL1A2/MMP14/MMP2/CTSK/COL5A1/PCOLCE/EMILIN1/TGFB1/MRC2/RCN3/TRAM2/VIM/DDR2/FAP/MMP16/P3H1/CREB3L1/P2RX7/P3H3/F2R/TGFB3/MFAP4/TNXB/P3H4/ITGA2/RUNX1/CST3/ADAMTS14/MMP28/CTSS/MMP17/MMP11/INHBA/MMP9/RETREG1/ADAMTS3/MMP3/NPPC/P3H2,41
GO:0050867,positive regulation of cell activation,94/2098,396/18870,5.161508977976892e-13,1.2488701097963255e-10,9.252231224996298e-11,MMP14/SRC/GLI3/THY1/CD276/TGFB1/TNFRSF14/CD81/SOX4/KARS1/MDK/IGF1/DDR2/AXL/STAT6/TGFBR2/FYN/IGF2/PYCARD/CD4/SLC39A10/LRRK2/SLC7A1/CD24/IL33/GAB2/HLA-DRB1/AIF1/ITGB2/HAVCR2/RUNX1/CD74/PRKCQ/CEBPA/EPHB2/LILRB4/NCKAP1L/DPP4/ANXA1/HLA-DRA/TYROBP/TACR1/GLI2/SYK/HLA-DPB1/MYD88/HLA-DQA1/HLA-DPA1/LGALS9/ITGAM/CD209/PLA2G4A/SASH3/VCAM1/BTK/BCL6/FLNA/CCL21/SOX12/PLEK/THBS1/SPN/HLA-DMB/SELP/PDCD1LG2/CD86/SPI1/GPR183/IL4R/PTAFR/IL2RG/LILRB2/CD2/RASAL3/FCGR3A/CD28/RUNX3/PRLR/TOX/IL7R/CCL5/TLR9/LILRB1/NFKBID/CORO1A/PTPN22/LEP/CCL3/PCK1/HSPH1/LEF1/CLEC7A/HLA-DRB5/CD40LG,94
GO:0050920,regulation of chemotaxis,65/2098,232/18870,8.967365159056506e-13,2.0829395791456453e-10,1.5431419538974293e-10,NBL1/ADGRA2/LPAR1/JAM3/CAMK1D/PDGFRB/TGFB1/TPBG/CCN3/MDK/CMKLR1/ROBO3/PDGFD/THBS4/RARRES2/CORO1B/SMOC2/TMSB4X/SEMA3B/AIF1/SLAMF8/CSF1R/PDGFRA/P2RX4/ITGA2/PTN/CD74/LGMN/SWAP70/PRKD1/VEGFD/NCKAP1L/PLXNA3/F3/DPP4/FGF16/FGF18/IL34/SEMA5A/IL16/MMP28/SEMA3D/ANGPT2/SUCNR1/C3AR1/LGALS9/FGF2/CCR1/PTK2B/CCL21/THBS1/TIAM1/TMEM102/SPI1/GPR183/CXCR4/SEMA3A/PLXNA4/GPSM3/TRPV4/TUBB2B/PLA2G7/CCL5/CCL3/SCG2,65
GO:1903131,mononuclear cell differentiation,107/2098,481/18870,1.0858580344828497e-12,2.4252221562468876e-10,1.7967213712272902e-10,MMP14/CTSK/NOTCH2/GLI3/TGFB1/SOX4/LIPA/MDK/TMEM98/AXL/STAT6/TMEM176A/TGFBR2/CMTM7/TMEM176B/PIR/LOXL3/CD4/SLC39A7/JMJD6/DOCK11/TCIRG1/RUNX2/MR1/RORC/ID2/ITM2A/LEPR/NFATC1/ZFP36L2/HLA-DRB1/SLAMF8/CSF1R/HDAC5/RUNX1/CD74/LILRB4/FCGR2B/DOCK10/NCKAP1L/IL34/ANXA1/HLA-DRA/FGL2/IFI16/PPARG/GLI2/IRF8/SYK/TYRO3/SFRP1/MERTK/LGALS9/FCER1G/BATF2/LFNG/ENTPD7/SASH3/VCAM1/FZD7/BTK/BCL6/RIPK3/PTK2B/GPR68/FASN/ITGB8/SOX12/DTX1/INHBA/SPN/DOCK2/TRPM2/CD86/SPI1/GPR183/IL4R/ITGA4/PRR7/IL2RG/PRDM1/LILRB2/IRF4/CD2/IKZF1/TNFSF8/PDE1B/CD28/RUNX3/IKZF3/TOX/IL7R/FOS/TLR9/BLNK/LILRB1/NFKBID/CD8A/PTPN22/NFIL3/LEP/SLAMF6/CYP26B1/EGR1/PCK1/LEF1/CD40LG,107
GO:0050921,positive regulation of chemotaxis,48/2098,145/18870,1.195911688182067e-12,2.572095990101209e-10,1.905532580740783e-10,LPAR1/CAMK1D/PDGFRB/TGFB1/TPBG/MDK/CMKLR1/PDGFD/THBS4/RARRES2/SMOC2/TMSB4X/AIF1/CSF1R/PDGFRA/P2RX4/ITGA2/PTN/CD74/LGMN/SWAP70/PRKD1/VEGFD/NCKAP1L/F3/FGF16/FGF18/IL34/SEMA5A/IL16/SUCNR1/C3AR1/LGALS9/FGF2/CCR1/PTK2B/CCL21/THBS1/TIAM1/TMEM102/SPI1/CXCR4/GPSM3/TRPV4/PLA2G7/CCL5/CCL3/SCG2,48
GO:0007160,cell-matrix adhesion,66/2098,239/18870,1.2415516573807727e-12,2.574889455146481e-10,1.9076021141786535e-10,MMP14/COL3A1/SRC/POSTN/EMILIN1/THY1/ECM2/JAM3/COL16A1/PLEKHA2/FN1/ITGBL1/THBS3/NID2/FBLN5/NID1/TRIP6/CDH11/S100A10/ITGB5/ITGA11/EPHA3/FREM1/ADAMTS12/CD34/SGCE/TNXB/EFEMP2/CD44/ITGB2/ACTN1/ITGA2/SIGLEC1/STON1/HOXD3/JUP/CCN2/BCR/ACTG1/ITGA10/PHLDB2/ITGB4/FMN1/RHOD/FERMT3/COL5A3/SFRP1/ITGAM/EFNA5/VCAM1/BCL6/PTK2B/CCL21/ITGB8/ACTN2/THBS1/TIAM1/FAM107A/AJUBA/ITGA4/MYOC/TECTA/ITGAX/SDC4/PLAU/CAMSAP3,66
GO:0002696,positive regulation of leukocyte activation,90/2098,380/18870,1.854952275795183e-12,3.714382022600906e-10,2.7517930857259217e-10,MMP14/SRC/GLI3/THY1/CD276/TGFB1/TNFRSF14/CD81/SOX4/KARS1/MDK/IGF1/AXL/STAT6/TGFBR2/FYN/IGF2/PYCARD/CD4/SLC39A10/LRRK2/SLC7A1/CD24/IL33/GAB2/HLA-DRB1/AIF1/ITGB2/HAVCR2/RUNX1/CD74/PRKCQ/CEBPA/EPHB2/LILRB4/NCKAP1L/DPP4/ANXA1/HLA-DRA/TYROBP/TACR1/GLI2/SYK/HLA-DPB1/MYD88/HLA-DQA1/HLA-DPA1/LGALS9/ITGAM/CD209/PLA2G4A/SASH3/VCAM1/BTK/BCL6/CCL21/SOX12/THBS1/SPN/HLA-DMB/PDCD1LG2/CD86/SPI1/GPR183/IL4R/PTAFR/IL2RG/LILRB2/CD2/RASAL3/FCGR3A/CD28/RUNX3/PRLR/TOX/IL7R/CCL5/TLR9/LILRB1/NFKBID/CORO1A/PTPN22/LEP/CCL3/PCK1/HSPH1/LEF1/CLEC7A/HLA-DRB5/CD40LG,90
GO:0033627,cell adhesion mediated by integrin,35/2098,88/18870,3.437101302259758e-12,6.653082420740805e-10,4.928923867486187e-10,SFRP2/EMILIN1/JAM3/COL16A1/ITGBL1/CCN3/SNAI2/PIEZO1/ITGB5/ITGA11/EMILIN2/FBN1/ITGB2/ITGA2/SWAP70/NCKAP1L/MMRN1/DPP4/ITGA10/ITGB4/FERMT3/SYK/ITGAM/PIK3CG/CCL21/ITGB8/PDE3B/ITGA4/FYB2/MUC1/RAC3/ITGAX/FOXC2/CCL5/PLAU,35
GO:0002274,myeloid leukocyte activation,65/2098,241/18870,5.818194831757067e-12,1.0898792705810737e-9,8.074350518638755e-10,NOTCH2/FN1/APP/KARS1/TGFBR2/PYCARD/GRN/GPR137B/CD84/S100A13/JMJD6/CLU/LRRK2/CD200/TMEM106A/IL33/GAB2/AIF1/ITGB2/HAVCR2/PRKCD/CD74/CEBPA/LILRB4/FCGR2B/C1QA/BCR/ANXA1/TYROBP/MILR1/VSIG4/SYK/SUCNR1/NDRG1/MYD88/CD33/LGALS9/FCER1G/NR1H3/ITGAM/PIK3CG/BATF2/PLA2G4A/BTK/PTGDR/FCER1A/ITGB8/THBS1/DOCK2/SPI1/SPHK1/IL4R/CNR1/PTAFR/IRF4/CD2/LRFN5/FCGR3A/CTSG/CD300A/CCL5/TLR9/FCER2/CCL3/LDLR,65
GO:0022409,positive regulation of cell-cell adhesion,79/2098,322/18870,6.454624444604528e-12,1.171312629681828e-9,8.677648060887733e-10,SRC/EMILIN1/GLI3/THY1/CD276/TNFRSF14/CD81/SOX4/MDK/IGF1/PIEZO1/TGFBR2/FYN/IGF2/PYCARD/CD4/EMILIN2/ST3GAL4/SLC7A1/CD24/HLA-DRB1/AIF1/CD44/ITGB2/PTPRU/HAVCR2/RUNX1/CD74/PRKCQ/LILRB4/FSTL3/NCKAP1L/MMRN1/DPP4/ANXA1/HLA-DRA/GLI2/SYK/HLA-DPB1/HLA-DQA1/HLA-DPA1/LGALS9/F11R/CD209/SASH3/VCAM1/BCL6/CCL21/MEGF10/SOX12/SPN/HLA-DMB/SELP/PDCD1LG2/CD86/IL4R/GCNT1/ITGA4/PTAFR/IL2RG/LILRB2/RASAL3/KIF26B/CD28/RUNX3/CTSG/ALOX5/IL7R/CCL5/LILRB1/NFKBID/CORO1A/PTPN22/LEP/PCK1/HSPH1/LEF1/HLA-DRB5/CD40LG,79
GO:0097529,myeloid leukocyte migration,65/2098,242/18870,7.1059860424129175e-12,1.2504382105542974e-9,9.263848470603379e-10,MMP14/MMP2/NBL1/EMILIN1/JAM3/XG/CAMK1D/PPIB/CD81/CCN3/LGALS3/MDK/CMKLR1/PDGFD/THBS4/RARRES2/CD200/CNN2/AIF1/SLAMF8/ITGB2/CSF1R/P2RX4/CD74/LGMN/SWAP70/VEGFD/CCL22/NCKAP1L/BCR/DPP4/IL34/ANXA1/MMP28/SAA1/SYK/CCL18/C3AR1/CD9/CCL14/MYD88/CXADR/FCER1G/PIK3CG/CCR1/PTK2B/CCL21/IL17RA/THBS1/SPI1/CD200R1/RAC3/CCL16/CXCL1/CTSG/ROR2/TNFRSF11A/CCL3L3/TRPV4/PLA2G7/CD300A/CCL5/CCL3/CXCL9/SCG2,65
GO:0007015,actin filament organization,102/2098,464/18870,7.838688685454038e-12,1.3231079363611766e-9,9.80222079687515e-10,ELN/LIMA1/SRC/KIRREL1/CNN3/MYO1D/LPAR1/FAT1/ADD3/WIPF1/CAPG/CALD1/PLEKHH2/SPTAN1/S100A10/TMSB10/CAP2/ITGB5/ARRB1/PYCARD/CDC42EP5/FSCN1/MICAL1/TGFB3/CORO1B/MARCKS/ARPC5/TTC8/GSN/DBN1/TMSB4X/SHTN1/ARHGEF10/PLS3/EZR/TENM1/CNN2/WASF1/INF2/MICALL2/AIF1/COBL/ACTN1/FCHSD1/GAS7/PRKCD/SWAP70/CARMIL1/NCKAP1L/CCN2/MYO1B/SEMA5A/ACTG1/PHLDB2/LMOD1/KANK2/TACR1/FMN1/RHOD/TCAP/SYNPO/SPTB/SFRP1/IQGAP2/KBTBD13/VILL/NRAP/ANG/F11R/COTL1/MYO5C/RHPN1/FHDC1/ACTC1/PTK2B/FLNA/CCL21/WIPF3/PLEK/ACTN2/XIRP1/CGNL1/BAIAP2/FAM107A/PSTPIP1/GPR65/MYOC/MYO15A/TACSTD2/HCLS1/RAC3/MYO5B/MAGEL2/LCP1/WAS/GAS2L3/PSTPIP2/TRPV4/SDC4/CORO1A/FRMD7/CSF3,102
GO:0006909,phagocytosis,64/2098,237/18870,7.974647455250763e-12,1.3231079363611766e-9,9.80222079687515e-10,SRC/LRP1/CAMK1D/SPON2/DOCK1/RAB31/CD302/SRPX/AXL/COLEC12/RAB34/FYN/C2/P2RX7/PYCARD/C3/PLD2/JMJD6/GSN/MSR1/LEPR/TUB/VAV2/RAB7B/CNN2/AIF1/ITGB2/ITGA2/CD14/PRKCD/FCGR2B/NCKAP1L/BCR/ANXA1/TYROBP/IRF8/SYK/TYRO3/MYD88/MERTK/FCER1G/NR1H3/ITGAM/C4B/BTK/MEGF10/C4A/THBS1/DOCK2/SPHK1/IL2RG/NCF4/RAC3/ADIPOQ/RAB39A/XKR9/IL2RB/RAB20/CD300A/CORO1A/LEP/MARCO/CLEC7A/LDLR,64
GO:0070663,regulation of leukocyte proliferation,69/2098,267/18870,1.1240736064619824e-11,1.8131931757568698e-9,1.3433008273713808e-9,GPNMB/CD276/TNFRSF14/CD81/LGALS3/IGF1/STAT6/TGFBR2/IGF2/AHR/PYCARD/TNFRSF21/SLC39A10/TWSG1/CNN2/SLC7A1/CD24/IL33/HLA-DRB1/AIF1/CSF1R/HAVCR2/CD74/PRKCQ/EPHB2/LILRB4/FCGR2B/NCKAP1L/IL34/ANXA1/TYROBP/TACR1/VSIG4/SYK/HLA-DPB1/MYD88/HLA-DPA1/LGALS9/CD209/SASH3/VCAM1/BTK/MAPK8IP1/BCL6/RIPK3/BID/SPN/HLA-DMB/PDCD1LG2/CD86/GPR183/LILRB2/TNFSF8/RASAL3/FCGR3A/CD28/PRLR/IKZF3/SDC4/SOX11/CSF2RB/CD300A/CCL5/TLR9/LILRB1/CORO1A/PTPN22/LEP/CD40LG,69
GO:0070661,leukocyte proliferation,83/2098,350/18870,1.264963877635721e-11,1.9853095236299005e-9,1.4708129069408797e-9,GPNMB/CD276/TNFRSF14/CD81/LIPA/LGALS3/IGF1/STAT6/TGFBR2/FYN/IGF2/AHR/P2RX7/PYCARD/TNFRSF21/CLU/TCIRG1/SLC39A10/TWSG1/CNN2/SLC7A1/CD24/IL33/HLA-DRB1/AIF1/CSF1R/HAVCR2/PRKCD/CD74/PRKCQ/EPHB2/LILRB4/FCGR2B/NCKAP1L/IL34/ANXA1/TYROBP/NPR3/ELF4/TACR1/VSIG4/SYK/HLA-DPB1/MYD88/HLA-DPA1/LGALS9/PIK3CG/CD209/SASH3/VCAM1/BTK/MAPK8IP1/BCL6/RIPK3/BID/SPN/DOCK2/HLA-DMB/PDCD1LG2/CD86/GPR183/PSMB10/LILRB2/TNFSF8/RASAL3/FCGR3A/CD28/PRLR/IKZF3/SDC4/IL7R/SOX11/CSF2RB/CD300A/CCL5/TLR9/CD180/LILRB1/CORO1A/PTPN22/LEP/LEF1/CD40LG,83
GO:0002687,positive regulation of leukocyte migration,47/2098,149/18870,1.422547525343826e-11,2.156129500695017e-9,1.5973645725830959e-9,MMP14/THY1/JAM3/XG/CAMK1D/TNFRSF14/APP/LGALS3/MDK/CMKLR1/PDGFD/THBS4/RARRES2/PYCARD/BDKRB1/AIF1/CSF1R/P2RX4/ITGA2/PLVAP/PTN/CD74/LGMN/SWAP70/VEGFD/NCKAP1L/IL34/JAM2/TACR1/C3AR1/LGALS9/CCR1/PTK2B/CCL21/THBS1/SPN/SELP/TMEM102/SPI1/ITGA4/PTAFR/GPSM3/TRPV4/PLA2G7/CCL5/CORO1A/CCL3,47
GO:0030595,leukocyte chemotaxis,64/2098,240/18870,1.4480635530756961e-11,2.156129500695017e-9,1.5973645725830959e-9,MMP2/NBL1/JAM3/CAMK1D/PPIB/CCN3/LGALS3/CYP7B1/MDK/CMKLR1/THBS4/RARRES2/HSD3B7/CXCL16/AIF1/SLAMF8/ITGB2/CSF1R/PTN/CD74/LGMN/SWAP70/VEGFD/CCL22/NCKAP1L/DPP4/IL34/ANXA1/IL16/MMP28/SAA1/SYK/CCL18/C3AR1/CCL14/CXADR/LGALS9/FCER1G/PIK3CG/CCR1/PTK2B/CCL21/IL17RA/THBS1/TMEM102/TRPM2/SPI1/GPR183/CXCR4/GPSM3/CCL16/CXCL1/CTSG/TNFRSF11A/CCL3L3/TRPV4/ALOX5/PLA2G7/CCL5/CORO1A/CCR5/CCL3/CXCL9/SCG2,64
GO:0002573,myeloid leukocyte differentiation,63/2098,235/18870,1.6304216701288288e-11,2.3669646596095273e-9,1.7535614120569796e-9,SRC/NOTCH2/LRRC17/CD109/TGFB1/CCN4/CD81/APP/TGFBR2/MITF/PIR/CD4/GPR137B/TCIRG1/ID2/FBN1/IL33/GPC3/GAB2/HLA-DRB1/CSF1R/RUNX1/CD74/CEBPA/LILRB4/FSTL3/C1QC/IL34/TYROBP/IFI16/PPARG/SFRP1/MYD88/NRROS/BATF2/CASP8/CCR1/RASSF2/GPR68/FASN/ITGB8/SNX10/INHBA/ANXA2/MMP9/SPI1/GPR183/KLF10/HCLS1/IRF4/ADIPOQ/PDE1B/UBASH3B/ROR2/TNFRSF11A/FOS/LILRB1/TRIB1/CCL3/OSCAR/CSF3/LEF1/ERFE,63
GO:0007596,blood coagulation,61/2098,224/18870,1.6733014293674235e-11,2.3699661952040555e-9,1.7557850941783468e-9,COL3A1/SRC/EMILIN1/FBLN1/RAP2B/FAP/AXL/ADRA2A/ANXA5/APOE/CLIC1/SERPING1/F2R/FUNDC2/EMILIN2/PROCR/FZD6/VAV2/ST3GAL4/PDGFRA/COMP/PAPSS2/ITGA2/PRKCD/PRKCQ/EPHB2/F3/MMRN1/DGKA/ACTG1/F10/PRKG1/SAA1/FERMT3/SYK/CD9/TYRO3/F13A1/MERTK/FCER1G/F11R/PIK3CG/C1QTNF1/PLA2G4A/PROS1/FLNA/PLEK/TSPAN8/THBS1/SELP/ANXA2/MYL9/P2RY1/ADAMTS18/WAS/UBASH3B/SERPINE2/CTSG/F2RL2/PLAU/CD40LG,61
GO:0002062,chondrocyte differentiation,40/2098,116/18870,2.105598302506956e-11,2.9112403196804508e-9,2.156787033169406e-9,SFRP2/COL3A1/GLI3/ADAMTS7/TGFB1/CCN4/ECM1/CCN3/OSR1/MDK/SNAI2/SULF1/SULF2/TGFBR2/LTBP3/ADAMTS12/RUNX2/TWSG1/RARG/TSKU/LOXL2/MBOAT2/TGFBI/COMP/EFEMP1/RUNX1/CCN2/FGF18/SHOX2/COL11A1/CHST11/CHADL/SOX5/OSR2/PKDCC/NPPC/PTHLH/ARID5A/RUNX3/GDF6,40
GO:0050670,regulation of lymphocyte proliferation,63/2098,238/18870,2.937009755754645e-11,3.966329221317959e-9,2.9384477042274753e-9,GPNMB/CD276/TNFRSF14/CD81/LGALS3/IGF1/TGFBR2/IGF2/AHR/PYCARD/TNFRSF21/SLC39A10/TWSG1/SLC7A1/CD24/HLA-DRB1/AIF1/HAVCR2/CD74/PRKCQ/EPHB2/LILRB4/FCGR2B/NCKAP1L/ANXA1/TYROBP/TACR1/VSIG4/SYK/HLA-DPB1/MYD88/HLA-DPA1/LGALS9/CD209/SASH3/VCAM1/BTK/MAPK8IP1/BCL6/RIPK3/BID/SPN/HLA-DMB/PDCD1LG2/CD86/GPR183/LILRB2/TNFSF8/RASAL3/FCGR3A/CD28/PRLR/IKZF3/SDC4/SOX11/CD300A/CCL5/TLR9/LILRB1/CORO1A/PTPN22/LEP/CD40LG,63
GO:0010720,positive regulation of cell development,97/2098,444/18870,3.7152466257212546e-11,4.903281171718938e-9,3.632586832373868e-9,MMP14/CRABP2/NOTCH2/GLI3/CDON/PLXNB2/TGFB1/FN1/SOX4/MDK/MAP1B/VCAN/AXL/NTRK2/ID4/TGFBR2/TENM4/CAPRIN2/CD4/NEURL1/PLXNB1/DBN1/ID2/SHTN1/PLXND1/NUMBL/IL33/HLA-DRB1/NIBAN2/NTN1/PTN/RUNX1/S1PR2/CD74/PTPRD/PLXNB3/SOX8/EPHB2/LILRB4/NCKAP1L/PLXNA3/IL34/SEMA5A/ANXA1/SHOX2/HLA-DRA/TYROBP/PDE3A/MYOG/GLI2/SYK/TRPV2/LGALS9/MAP6/PLXNC1/F11R/FGF2/SASH3/EFNA5/BTK/BCL6/CASP8/GJC2/CCR1/GPR68/SOX12/CYSLTR1/BAIAP2/TIAM1/CD86/SPI1/CXCR4/IL4R/KLF10/ACAN/IL2RG/HCLS1/PLXNA4/LILRB2/ADIPOQ/SERPINE2/ZNF365/RUNX3/ROR2/CHODL/TOX/IL7R/SOX11/FOS/TLR9/ZNF488/NFKBID/TRIB1/PCK1/IL1RAPL1/LEF1/CLEC7A,97
GO:0030168,platelet activation,43/2098,133/18870,4.2346422231394306e-11,5.46457053106015e-9,4.048417021279732e-9,COL3A1/SRC/EMILIN1/RAP2B/AXL/ADRA2A/APOE/CLIC1/F2R/FUNDC2/EMILIN2/FZD6/VAV2/PDGFRA/COMP/PRKCD/PRKCQ/MMRN1/DGKA/ACTG1/PRKG1/SAA1/FERMT3/SYK/CD9/TYRO3/MERTK/FCER1G/F11R/PIK3CG/C1QTNF1/PLA2G4A/FLNA/PLEK/SELP/MYL9/P2RY1/ADAMTS18/UBASH3B/SERPINE2/CTSG/F2RL2/CD40LG,43
GO:0050817,coagulation,61/2098,229/18870,4.5523371532382763e-11,5.746830836707537e-9,4.257529049264265e-9,COL3A1/SRC/EMILIN1/FBLN1/RAP2B/FAP/AXL/ADRA2A/ANXA5/APOE/CLIC1/SERPING1/F2R/FUNDC2/EMILIN2/PROCR/FZD6/VAV2/ST3GAL4/PDGFRA/COMP/PAPSS2/ITGA2/PRKCD/PRKCQ/EPHB2/F3/MMRN1/DGKA/ACTG1/F10/PRKG1/SAA1/FERMT3/SYK/CD9/TYRO3/F13A1/MERTK/FCER1G/F11R/PIK3CG/C1QTNF1/PLA2G4A/PROS1/FLNA/PLEK/TSPAN8/THBS1/SELP/ANXA2/MYL9/P2RY1/ADAMTS18/WAS/UBASH3B/SERPINE2/CTSG/F2RL2/PLAU/CD40LG,61
GO:1903039,positive regulation of leukocyte cell-cell adhesion,69/2098,275/18870,4.7596193655600123e-11,5.764235215180193e-9,4.2704230510257945e-9,SRC/GLI3/THY1/CD276/TNFRSF14/CD81/SOX4/MDK/IGF1/TGFBR2/FYN/IGF2/PYCARD/CD4/ST3GAL4/SLC7A1/CD24/HLA-DRB1/AIF1/CD44/ITGB2/HAVCR2/RUNX1/CD74/PRKCQ/LILRB4/NCKAP1L/DPP4/ANXA1/HLA-DRA/GLI2/SYK/HLA-DPB1/HLA-DQA1/HLA-DPA1/LGALS9/CD209/SASH3/VCAM1/BCL6/CCL21/SOX12/SPN/HLA-DMB/SELP/PDCD1LG2/CD86/IL4R/GCNT1/ITGA4/PTAFR/IL2RG/LILRB2/RASAL3/CD28/RUNX3/ALOX5/IL7R/CCL5/LILRB1/NFKBID/CORO1A/PTPN22/LEP/PCK1/HSPH1/LEF1/HLA-DRB5/CD40LG,69
GO:0071674,mononuclear cell migration,57/2098,207/18870,4.764651116387967e-11,5.764235215180193e-9,4.2704230510257945e-9,NBL1/JAM3/XG/TNFRSF14/ECM1/CCN3/APP/LGALS3/CYP7B1/MDK/CMKLR1/PDGFD/RARRES2/PYCARD/HSD3B7/CD200/CXCL16/AIF1/SLAMF8/CSF1R/LGMN/CCL22/IL34/ANXA1/JAM2/ASB2/SAA1/CCL18/C3AR1/CCL14/LGALS9/F11R/PIK3CG/RIPK3/CCR1/PTK2B/CCL21/THBS1/SPN/TMEM102/TRPM2/SPI1/GPR183/CXCR4/CD200R1/ITGA4/CCL16/CTSG/TNFRSF11A/CCL3L3/TRPV4/ALOX5/PLA2G7/CCL5/CORO1A/CCR5/CCL3,57
GO:0002263,cell activation involved in immune response,74/2098,305/18870,5.25985137559384e-11,6.128673119632266e-9,4.54041620185023e-9,LRP1/NOTCH2/TGFB1/CD81/APP/LGALS3/KARS1/MDK/TMEM98/STAT6/LOXL3/PYCARD/GRN/CD84/S100A13/DOCK11/RORC/ITM2A/IL33/GAB2/HLA-DRB1/ITGB2/HAVCR2/CD74/SWAP70/FCGR2B/DOCK10/NCKAP1L/BCR/ANXA1/HLA-DRA/TYROBP/FGL2/IRF8/MILR1/SYK/SUCNR1/MYD88/LGALS9/FCER1G/ITGAM/PIK3CG/LFNG/ENTPD7/APBB1IP/BTK/BCL6/PTK2B/PTGDR/FCER1A/SPN/DOCK2/HLA-DMB/CD86/SPI1/GPR183/IL4R/PTAFR/IRF4/LCP1/FCGR3A/CD28/NKG7/CD300A/CD180/LILRB1/NFKBID/CORO1A/SLAMF6/CCL3/PCK1/SH2D1B/LEF1/CD40LG,74
GO:0002695,negative regulation of leukocyte activation,56/2098,202/18870,5.276970139170196e-11,6.128673119632266e-9,4.54041620185023e-9,GPNMB/GLI3/TNFRSF14/FN1/LGALS3/MDK/AXL/LOXL3/GRN/CD84/TNFRSF21/ID2/TWSG1/CD200/PAG1/HLA-DRB1/LAPTM5/HAVCR2/RUNX1/CD74/LILRB4/FCGR2B/NCKAP1L/BCR/ANXA1/TYROBP/FGL2/MILR1/VSIG4/TYRO3/SFRP1/CD33/MERTK/LGALS9/NR1H3/BTK/BCL6/DTX1/INHBA/SPN/PDCD1LG2/CD86/SPI1/IL4R/CNR1/LILRB2/TNFAIP8L2/LRFN5/RUNX3/CTSG/SDC4/SOX11/CD300A/LILRB1/PTPN22/LDLR,56
GO:0051251,positive regulation of lymphocyte activation,78/2098,330/18870,6.219316673631637e-11,7.039565782238555e-9,5.215249354591821e-9,MMP14/SRC/GLI3/THY1/CD276/TGFB1/TNFRSF14/CD81/SOX4/MDK/IGF1/AXL/STAT6/TGFBR2/FYN/IGF2/PYCARD/CD4/SLC39A10/SLC7A1/CD24/HLA-DRB1/AIF1/HAVCR2/RUNX1/CD74/PRKCQ/EPHB2/LILRB4/NCKAP1L/DPP4/ANXA1/HLA-DRA/TYROBP/TACR1/GLI2/SYK/HLA-DPB1/MYD88/HLA-DQA1/HLA-DPA1/LGALS9/CD209/SASH3/VCAM1/BTK/BCL6/CCL21/SOX12/SPN/HLA-DMB/PDCD1LG2/CD86/SPI1/GPR183/IL4R/IL2RG/LILRB2/RASAL3/FCGR3A/CD28/RUNX3/PRLR/TOX/IL7R/CCL5/TLR9/LILRB1/NFKBID/CORO1A/PTPN22/LEP/PCK1/HSPH1/LEF1/CLEC7A/HLA-DRB5/CD40LG,78
GO:0032944,regulation of mononuclear cell proliferation,63/2098,242/18870,6.303726892998189e-11,7.039565782238555e-9,5.215249354591821e-9,GPNMB/CD276/TNFRSF14/CD81/LGALS3/IGF1/TGFBR2/IGF2/AHR/PYCARD/TNFRSF21/SLC39A10/TWSG1/SLC7A1/CD24/HLA-DRB1/AIF1/HAVCR2/CD74/PRKCQ/EPHB2/LILRB4/FCGR2B/NCKAP1L/ANXA1/TYROBP/TACR1/VSIG4/SYK/HLA-DPB1/MYD88/HLA-DPA1/LGALS9/CD209/SASH3/VCAM1/BTK/MAPK8IP1/BCL6/RIPK3/BID/SPN/HLA-DMB/PDCD1LG2/CD86/GPR183/LILRB2/TNFSF8/RASAL3/FCGR3A/CD28/PRLR/IKZF3/SDC4/SOX11/CD300A/CCL5/TLR9/LILRB1/CORO1A/PTPN22/LEP/CD40LG,63
GO:0007599,hemostasis,61/2098,231/18870,6.718267127136678e-11,7.360939095713714e-9,5.4533381824444096e-9,COL3A1/SRC/EMILIN1/FBLN1/RAP2B/FAP/AXL/ADRA2A/ANXA5/APOE/CLIC1/SERPING1/F2R/FUNDC2/EMILIN2/PROCR/FZD6/VAV2/ST3GAL4/PDGFRA/COMP/PAPSS2/ITGA2/PRKCD/PRKCQ/EPHB2/F3/MMRN1/DGKA/ACTG1/F10/PRKG1/SAA1/FERMT3/SYK/CD9/TYRO3/F13A1/MERTK/FCER1G/F11R/PIK3CG/C1QTNF1/PLA2G4A/PROS1/FLNA/PLEK/TSPAN8/THBS1/SELP/ANXA2/MYL9/P2RY1/ADAMTS18/WAS/UBASH3B/SERPINE2/CTSG/F2RL2/PLAU/CD40LG,61
GO:0046651,lymphocyte proliferation,74/2098,307/18870,7.293949558600897e-11,7.843697238295447e-9,5.810988663937985e-9,GPNMB/CD276/TNFRSF14/CD81/LIPA/LGALS3/IGF1/TGFBR2/FYN/IGF2/AHR/P2RX7/PYCARD/TNFRSF21/SLC39A10/TWSG1/SLC7A1/CD24/HLA-DRB1/AIF1/HAVCR2/PRKCD/CD74/PRKCQ/EPHB2/LILRB4/FCGR2B/NCKAP1L/ANXA1/TYROBP/ELF4/TACR1/VSIG4/SYK/HLA-DPB1/MYD88/HLA-DPA1/LGALS9/PIK3CG/CD209/SASH3/VCAM1/BTK/MAPK8IP1/BCL6/RIPK3/BID/SPN/DOCK2/HLA-DMB/PDCD1LG2/CD86/GPR183/PSMB10/LILRB2/TNFSF8/RASAL3/FCGR3A/CD28/PRLR/IKZF3/SDC4/IL7R/SOX11/CD300A/CCL5/TLR9/CD180/LILRB1/CORO1A/PTPN22/LEP/LEF1/CD40LG,74
GO:0007159,leukocyte cell-cell adhesion,92/2098,419/18870,8.980695637342203e-11,9.481981739281122e-9,7.024708721496187e-9,GPNMB/SRC/GLI3/CERCAM/THY1/CD276/TNFRSF14/CD81/SOX4/LGALS3/MDK/NT5E/IGF1/TGFBR2/FYN/IGF2/LOXL3/PYCARD/CD4/TNFRSF21/TWSG1/EZR/ST3GAL4/SLC7A1/CD24/PAG1/HLA-DRB1/AIF1/CD44/LAPTM5/ITGB2/HAVCR2/RUNX1/CD74/PRKCQ/LILRB4/FCGR2B/NCKAP1L/DPP4/ANXA1/JAM2/HLA-DRA/FGL2/GLI2/FERMT3/VSIG4/SYK/HLA-DPB1/HLA-DQA1/HLA-DPA1/LGALS9/F11R/CD209/SASH3/VCAM1/BCL6/CCL21/SOX12/DTX1/PODXL2/SPN/HLA-DMB/SELP/PDCD1LG2/CD86/IL4R/GCNT1/ITGA4/PTAFR/IL2RG/SELPLG/LILRB2/TNFAIP8L2/RASAL3/CD28/RUNX3/CTSG/SDC4/ALOX5/IL7R/CD300A/CCL5/LILRB1/NFKBID/CORO1A/PTPN22/LEP/PCK1/HSPH1/LEF1/HLA-DRB5/CD40LG,92
GO:0032970,regulation of actin filament-based process,85/2098,379/18870,1.5295588770016312e-10,1.5860979283479414e-8,1.1750577312604636e-8,ELN/LIMA1/LRP1/KIRREL1/LPAR1/JAM3/PDGFRB/ADD3/CAPG/PLEKHH2/SPTAN1/S100A10/TMSB10/EPHA3/PYCARD/CDC42EP5/FSCN1/TGFB3/CORO1B/ARPC5/TTC8/GSN/TMSB4X/ARHGEF10/TENM1/CNN2/WASF1/PDE4D/CSF1R/PDGFRA/FCHSD1/PRKCD/SWAP70/CACNA1C/CARMIL1/SCN5A/PRKD1/NCKAP1L/JUP/CCN2/SEMA5A/ACTG1/PHLDB2/LMOD1/KANK2/TACR1/FMN1/SYNPO/SPTB/SFRP1/IQGAP2/VILL/F11R/COTL1/EFNA5/RHPN1/PTK2B/FLNA/CCL21/MYLK2/CELSR1/MYLK3/PLN/ATP2A2/PLEK/ACTN2/CGNL1/BAIAP2/TRPM2/FAM107A/GPR65/ATP2A1/MYOC/TACSTD2/HCLS1/RAC3/MAGEL2/WAS/ARHGEF19/SDC4/FZD10/CORO1A/FRMD7/CSF3/DSP,85
GO:0002366,leukocyte activation involved in immune response,72/2098,301/18870,1.9049606731865877e-10,1.9407204612621954e-8,1.4377791821447064e-8,NOTCH2/TGFB1/CD81/LGALS3/KARS1/MDK/TMEM98/STAT6/LOXL3/PYCARD/GRN/CD84/S100A13/DOCK11/RORC/ITM2A/IL33/GAB2/HLA-DRB1/ITGB2/HAVCR2/CD74/SWAP70/FCGR2B/DOCK10/NCKAP1L/BCR/ANXA1/HLA-DRA/TYROBP/FGL2/IRF8/MILR1/SYK/SUCNR1/MYD88/LGALS9/FCER1G/ITGAM/PIK3CG/LFNG/ENTPD7/APBB1IP/BTK/BCL6/PTK2B/PTGDR/FCER1A/SPN/DOCK2/HLA-DMB/CD86/SPI1/GPR183/IL4R/PTAFR/IRF4/LCP1/FCGR3A/CD28/NKG7/CD300A/CD180/LILRB1/NFKBID/CORO1A/SLAMF6/CCL3/PCK1/SH2D1B/LEF1/CD40LG,72
GO:0050863,regulation of T cell activation,85/2098,381/18870,2.023658841054734e-10,2.0261011879318692e-8,1.5010333363685478e-8,GPNMB/SRC/GLI3/THY1/CD276/TNFRSF14/CD81/SOX4/LGALS3/MDK/IGF1/TGFBR2/FYN/IGF2/LOXL3/PYCARD/CD4/TNFRSF21/TWSG1/SLC7A1/CD24/PAG1/HLA-DRB1/AIF1/LAPTM5/HAVCR2/RUNX1/CD74/PRKCQ/LILRB4/FCGR2B/NCKAP1L/DPP4/ANXA1/HLA-DRA/FGL2/GLI2/VSIG4/SYK/HLA-DPB1/HLA-DQA1/HLA-DPA1/LGALS9/CD209/SASH3/VCAM1/MAPK8IP1/BCL6/RIPK3/CCL21/SOX12/BID/DTX1/SPN/HLA-DMB/PDCD1LG2/CD86/IL4R/IL2RG/PRDM1/LILRB2/TNFAIP8L2/IRF4/CD2/TNFSF8/RASAL3/CD28/RUNX3/CTSG/TOX/SDC4/IL7R/CD300A/CCL5/LILRB1/NFKBID/CORO1A/PTPN22/LEP/CYP26B1/PCK1/HSPH1/LEF1/HLA-DRB5/CD40LG,85
GO:0032943,mononuclear cell proliferation,74/2098,314/18870,2.2181925040362762e-10,2.1832277747353656e-8,1.6174402790359073e-8,GPNMB/CD276/TNFRSF14/CD81/LIPA/LGALS3/IGF1/TGFBR2/FYN/IGF2/AHR/P2RX7/PYCARD/TNFRSF21/SLC39A10/TWSG1/SLC7A1/CD24/HLA-DRB1/AIF1/HAVCR2/PRKCD/CD74/PRKCQ/EPHB2/LILRB4/FCGR2B/NCKAP1L/ANXA1/TYROBP/ELF4/TACR1/VSIG4/SYK/HLA-DPB1/MYD88/HLA-DPA1/LGALS9/PIK3CG/CD209/SASH3/VCAM1/BTK/MAPK8IP1/BCL6/RIPK3/BID/SPN/DOCK2/HLA-DMB/PDCD1LG2/CD86/GPR183/PSMB10/LILRB2/TNFSF8/RASAL3/FCGR3A/CD28/PRLR/IKZF3/SDC4/IL7R/SOX11/CD300A/CCL5/TLR9/CD180/LILRB1/CORO1A/PTPN22/LEP/LEF1/CD40LG,74
GO:0051897,positive regulation of phosphatidylinositol 3-kinase/protein kinase B signal transduction,49/2098,171/18870,2.3850212604393705e-10,2.308303076561904e-8,1.710102086213282e-8,SRC/PDGFRB/TGFB1/FN1/TPBG/DCN/IGF1/LTK/DDR2/AXL/NTRK2/PDGFD/IGF2/F2R/MUSK/MEIS3/PLXNB1/CSF1R/PDGFRA/P2RX4/ERBB3/F3/SEMA5A/PIK3AP1/HGF/F10/ROR1/PIK3CG/NKX3-1/C1QTNF1/CHI3L1/FGF2/HCST/CCL21/NOX4/THBS1/SELP/PIK3R5/MYOC/AKR1C3/HCLS1/CD28/ROR2/CCL5/LEP/CCL3/CSF3/HBEGF/ERFE,49
GO:1903557,positive regulation of tumor necrosis factor superfamily cytokine production,37/2098,110/18870,2.6657224311180253e-10,2.5376803536889137e-8,1.8800358198411335e-8,SPON2/TGFB1/APP/TWIST1/NFATC4/NOD1/PYCARD/CD84/CLU/LRRK2/TMEM106A/IL33/CD14/HAVCR2/CYBB/EPHB2/TYROBP/SYK/C1QTNF4/MYD88/LGALS9/SASH3/LY96/BTK/THBS1/SPN/AKAP12/CD86/PTAFR/CD2/FCGR3A/ARID5A/TLR9/LEP/CARD9/CCL3/CLEC7A,37
GO:1905521,regulation of macrophage migration,22/2098,45/18870,2.985506686260899e-10,2.7962640850188775e-8,2.0716071013155e-8,MMP14/EMILIN1/CD81/MDK/CMKLR1/RARRES2/CD200/CNN2/SLAMF8/CSF1R/P2RX4/BCR/IL34/MMP28/C3AR1/CD9/PTK2B/THBS1/CD200R1/TRPV4/CCL5/CCL3,22
GO:0032755,positive regulation of interleukin-6 production,35/2098,101/18870,3.1914613386519963e-10,2.941716824373356e-8,2.1793654955840787e-8,SPON2/TGFB1/APP/TWIST1/NOD1/P2RX7/PYCARD/F2R/MBP/RAB7B/TMEM106A/IL33/AIF1/UNC93B1/CD74/IL16/TYROBP/SYK/C1QTNF4/MYD88/LGALS9/TLR7/BTK/IL17RA/PTAFR/MAPK13/IL17D/LILRB2/ARID5A/TRPV4/TLR9/SCIMP/LEP/CARD9/CLEC7A,35
GO:1905517,macrophage migration,26/2098,61/18870,3.3509315964016976e-10,3.0404468406726026e-8,2.2525094464627858e-8,MMP14/MMP2/EMILIN1/CD81/LGALS3/MDK/CMKLR1/RARRES2/CD200/CNN2/SLAMF8/CSF1R/P2RX4/BCR/IL34/MMP28/SAA1/C3AR1/CD9/PTK2B/THBS1/CD200R1/ROR2/TRPV4/CCL5/CCL3,26
GO:0032760,positive regulation of tumor necrosis factor production,36/2098,106/18870,3.4116192601558975e-10,3.047888160573123e-8,2.2580223346165428e-8,SPON2/TGFB1/APP/TWIST1/NFATC4/NOD1/PYCARD/CD84/CLU/LRRK2/TMEM106A/IL33/CD14/HAVCR2/CYBB/EPHB2/TYROBP/SYK/C1QTNF4/MYD88/LGALS9/SASH3/LY96/BTK/THBS1/SPN/AKAP12/PTAFR/CD2/FCGR3A/ARID5A/TLR9/LEP/CARD9/CCL3/CLEC7A,36
GO:1903037,regulation of leukocyte cell-cell adhesion,84/2098,382/18870,5.485427137165937e-10,4.826344755382211e-8,3.575588629919806e-8,GPNMB/SRC/GLI3/THY1/CD276/TNFRSF14/CD81/SOX4/LGALS3/MDK/IGF1/TGFBR2/FYN/IGF2/LOXL3/PYCARD/CD4/TNFRSF21/TWSG1/ST3GAL4/SLC7A1/CD24/PAG1/HLA-DRB1/AIF1/CD44/LAPTM5/ITGB2/HAVCR2/RUNX1/CD74/PRKCQ/LILRB4/FCGR2B/NCKAP1L/DPP4/ANXA1/HLA-DRA/FGL2/GLI2/VSIG4/SYK/HLA-DPB1/HLA-DQA1/HLA-DPA1/LGALS9/CD209/SASH3/VCAM1/BCL6/CCL21/SOX12/DTX1/SPN/HLA-DMB/SELP/PDCD1LG2/CD86/IL4R/GCNT1/ITGA4/PTAFR/IL2RG/LILRB2/TNFAIP8L2/RASAL3/CD28/RUNX3/CTSG/SDC4/ALOX5/IL7R/CD300A/CCL5/LILRB1/NFKBID/CORO1A/PTPN22/LEP/PCK1/HSPH1/LEF1/HLA-DRB5/CD40LG,84
GO:1902105,regulation of leukocyte differentiation,74/2098,321/18870,6.430021515416238e-10,5.5730052149286705e-8,4.128750657267268e-8,MMP14/NOTCH2/GLI3/LRRC17/TGFB1/SOX4/MDK/AXL/TMEM176A/TGFBR2/MITF/TMEM176B/LOXL3/CD4/GPR137B/ID2/FBN1/ZFP36L2/HLA-DRB1/SLAMF8/RUNX1/CD74/LILRB4/FCGR2B/FSTL3/NCKAP1L/C1QC/IL34/ANXA1/HLA-DRA/TYROBP/FGL2/GLI2/SYK/SFRP1/LGALS9/SASH3/BTK/BCL6/CASP8/CCR1/RASSF2/GPR68/SOX12/DTX1/INHBA/CD86/SPI1/IL4R/KLF10/IL2RG/HCLS1/PRDM1/LILRB2/IRF4/CD2/ADIPOQ/CD28/UBASH3B/RUNX3/ROR2/IKZF3/TOX/IL7R/FOS/TLR9/LILRB1/NFKBID/TRIB1/CCL3/CYP26B1/PCK1/LEF1/ERFE,74
GO:0098742,cell-cell adhesion via plasma-membrane adhesion molecules,67/2098,279/18870,6.789087423150157e-10,5.797680980328376e-8,4.295201284584318e-8,ADGRL1/FAT4/HMCN1/TRO/PLXNB2/PCDHB14/FAT1/SCARF2/DCHS1/ROBO3/PCDHGC3/PCDHB13/CDH11/PTK7/CLDN15/TGFBR2/PCDH7/TENM4/PTPRF/PCDHB11/PCDHB12/CLSTN3/CD84/PCDHB15/PCDH18/MBP/TENM1/FXYD5/CDH24/ITGB2/MDGA1/MYOT/PCDH19/PTPRS/PTPRD/PLXNB3/EMB/ALCAM/CELSR2/PCDHB7/CADM3/CXADR/CLSTN2/ITGAM/HMCN2/CD209/EFNA5/VCAM1/CDH6/PCDHB9/CELSR1/SELP/CNTN4/AJUBA/CLDN23/FLRT3/ADIPOQ/CLDN11/LRFN5/CDHR5/MPZL2/SDK2/LRRC4B/CDH16/CDH20/IL1RAPL1/PCDHAC2,67
GO:0050671,positive regulation of lymphocyte proliferation,43/2098,145/18870,9.184199479450773e-10,7.729369040169658e-8,5.72628882875901e-8,CD276/CD81/IGF1/TGFBR2/IGF2/PYCARD/SLC39A10/SLC7A1/CD24/AIF1/HAVCR2/CD74/PRKCQ/EPHB2/NCKAP1L/ANXA1/TACR1/SYK/HLA-DPB1/MYD88/HLA-DPA1/LGALS9/CD209/SASH3/VCAM1/BTK/BCL6/SPN/HLA-DMB/PDCD1LG2/CD86/GPR183/LILRB2/RASAL3/FCGR3A/CD28/PRLR/CCL5/TLR9/CORO1A/PTPN22/LEP/CD40LG,43
GO:0003012,muscle system process,94/2098,452/18870,1.1705562023654447e-9,9.710599810194482e-8,7.194079998597855e-8,MYOF/IGF1/BDKRB2/MYH8/CALD1/ADRA2A/SULF1/CHRNA1/SULF2/SYNM/MYL5/F2R/MYBPH/DES/PLCE1/GSN/CHRNG/KCNJ5/CHRND/PTGER3/NFATC1/MYH3/PDE4D/MYLK/PI16/MLIP/SLC6A8/MYOT/COMP/SNTA1/DTNA/P2RX4/ITGA2/PDLIM5/CACNA1C/SCN5A/PRKD1/JUP/MYH14/G6PD/GPD1L/MYOZ1/LMOD1/TACR1/MYOG/PRKG1/PPARG/GATM/TCAP/TMEM38A/DMPK/HTR7/KBTBD13/CLIC2/ATP1B1/KCNA1/PIK3CG/EHD3/CACNB2/KCNE4/KCND2/FLNA/MYLK2/PLN/ATP2A2/MYOM2/KCND3/SCN2B/LMCD1/MAP2K6/TIAM1/TRIM63/NMUR1/MYL9/SPHK1/CXCR4/MYL4/GATA6/ATP2A1/PTAFR/MYOC/HTR2B/P2RY1/CKMT2/PGAM2/KCNE2/HAND2/TRPV4/ANKRD2/TNNT2/KCNIP2/LEP/DSP/NR4A1,94
GO:1903034,regulation of response to wounding,48/2098,173/18870,1.1973318314971458e-9,9.746876184370604e-8,7.22095528364545e-8,EMILIN1/CD109/CCN4/MDK/DDR2/FAP/ADRA2A/APOE/PTPRF/SERPING1/SPP1/GRN/F2R/EMILIN2/SMOC2/ST3GAL4/IL33/MYLK/PDGFRA/PRKCD/PTN/PTPRS/EPHB2/F3/MMRN1/ANXA1/ACTG1/MYOZ1/PHLDB2/PRKG1/CD9/C1QTNF1/FGF2/PROS1/FLNA/TSPAN8/THBS1/ANXA2/CXCR4/ADAMTS18/UBASH3B/SERPINE2/FOXC2/ALOX5/DUOX1/HBEGF/CLEC7A/PLAU,48
GO:0070372,regulation of ERK1 and ERK2 cascade,72/2098,313/18870,1.208498510891482e-9,9.746876184370604e-8,7.22095528364545e-8,GPNMB/SRC/EMILIN1/NOTCH2/FBLN1/PDGFRB/TGFB1/FN1/TPBG/MAP3K12/APP/IGF1/NOD1/TNFAIP8L3/DAB2/PDGFD/APOE/GLIPR2/ARRB1/PYCARD/CD4/F2R/SPRED1/NEK10/EZR/CAVIN3/HLA-DRB1/CD44/CSF1R/PDGFRA/HAVCR2/CD74/EPHB2/CCL22/CCN2/FGF18/WNK2/SYK/CCL18/CCL14/LGALS9/CHI3L1/FGF2/DUSP4/LMO3/CCR1/PTK2B/CCL21/NOX4/INHBA/AKAP12/TIAM1/GPR183/HTR2B/P2RY1/ADIPOQ/CCL16/HCRTR1/TNFRSF11A/HAND2/CCL3L3/TRPV4/ATF3/CCL5/TLR9/SCIMP/PTPN22/ADCYAP1/CARD9/CCL3/MARCO/RPS6KA6,72
GO:0034109,homotypic cell-cell adhesion,33/2098,96/18870,1.2903596597537283e-9,1.0264545950945068e-7,7.604469977524857e-8,EMILIN1/XG/RAP2B/CLIC1/EMILIN2/PDGFRA/COMP/PTPRU/PRKCD/PRKCQ/MMRN1/JUP/ACTG1/PRKG1/FERMT3/SYK/CD9/TYRO3/CXADR/F11R/PIK3CG/C1QTNF1/FLNA/MEGF10/PLEK/MYL9/ADAMTS18/CDHR5/UBASH3B/SERPINE2/CTSG/CCL5/DSP,33
GO:0030098,lymphocyte differentiation,90/2098,429/18870,1.6743394563196405e-9,1.313903949033534e-7,9.734033226142774e-8,MMP14/NOTCH2/GLI3/TGFB1/SOX4/LIPA/MDK/TMEM98/AXL/STAT6/TGFBR2/CMTM7/LOXL3/CD4/SLC39A7/JMJD6/DOCK11/TCIRG1/RUNX2/MR1/RORC/ID2/ITM2A/LEPR/ZFP36L2/HLA-DRB1/SLAMF8/HDAC5/RUNX1/CD74/LILRB4/FCGR2B/DOCK10/NCKAP1L/ANXA1/HLA-DRA/FGL2/GLI2/IRF8/SYK/TYRO3/SFRP1/MERTK/LGALS9/FCER1G/LFNG/ENTPD7/SASH3/VCAM1/FZD7/BTK/BCL6/RIPK3/PTK2B/SOX12/DTX1/INHBA/SPN/DOCK2/CD86/SPI1/GPR183/IL4R/ITGA4/PRR7/IL2RG/PRDM1/LILRB2/IRF4/CD2/IKZF1/TNFSF8/CD28/RUNX3/IKZF3/TOX/IL7R/TLR9/BLNK/NFKBID/CD8A/PTPN22/NFIL3/LEP/SLAMF6/CYP26B1/EGR1/PCK1/LEF1/CD40LG,90
GO:0032946,positive regulation of mononuclear cell proliferation,43/2098,148/18870,1.851234488070848e-9,1.4333491562969884e-7,1.0618940845958673e-7,CD276/CD81/IGF1/TGFBR2/IGF2/PYCARD/SLC39A10/SLC7A1/CD24/AIF1/HAVCR2/CD74/PRKCQ/EPHB2/NCKAP1L/ANXA1/TACR1/SYK/HLA-DPB1/MYD88/HLA-DPA1/LGALS9/CD209/SASH3/VCAM1/BTK/BCL6/SPN/HLA-DMB/PDCD1LG2/CD86/GPR183/LILRB2/RASAL3/FCGR3A/CD28/PRLR/CCL5/TLR9/CORO1A/PTPN22/LEP/CD40LG,43
GO:0061041,regulation of wound healing,40/2098,133/18870,2.2279327399648858e-9,1.680450566827826e-7,1.2449587098375506e-7,EMILIN1/CD109/CCN4/DDR2/FAP/ADRA2A/APOE/SERPING1/F2R/EMILIN2/SMOC2/ST3GAL4/MYLK/PDGFRA/PRKCD/EPHB2/F3/MMRN1/ANXA1/ACTG1/MYOZ1/PHLDB2/PRKG1/CD9/C1QTNF1/FGF2/PROS1/TSPAN8/THBS1/ANXA2/CXCR4/ADAMTS18/UBASH3B/SERPINE2/FOXC2/ALOX5/DUOX1/HBEGF/CLEC7A/PLAU,40
GO:0061572,actin filament bundle organization,46/2098,165/18870,2.228253722158474e-9,1.680450566827826e-7,1.2449587098375506e-7,ELN/LIMA1/SRC/LPAR1/CALD1/S100A10/ITGB5/ARRB1/FSCN1/MICAL1/TGFB3/CORO1B/MARCKS/TTC8/SHTN1/ARHGEF10/PLS3/EZR/AIF1/ACTN1/SWAP70/CARMIL1/CCN2/MYO1B/ACTG1/PHLDB2/TACR1/RHOD/SYNPO/SFRP1/F11R/RHPN1/FHDC1/PTK2B/FLNA/PLEK/CGNL1/BAIAP2/FAM107A/GPR65/MYOC/TACSTD2/LCP1/WAS/SDC4/FRMD7,46
GO:0010543,regulation of platelet activation,22/2098,49/18870,2.3143161908713025e-9,1.7229787333832888e-7,1.2764656237639693e-7,EMILIN1/APOE/FUNDC2/EMILIN2/PDGFRA/PRKCD/PRKCQ/MMRN1/PRKG1/SYK/CD9/FCER1G/F11R/C1QTNF1/PLA2G4A/FLNA/PLEK/SELP/ADAMTS18/UBASH3B/SERPINE2/CTSG,22
GO:0050870,positive regulation of T cell activation,61/2098,251/18870,2.389946664504473e-9,1.756762060857908e-7,1.3014939397508035e-7,SRC/GLI3/THY1/CD276/TNFRSF14/CD81/SOX4/MDK/IGF1/TGFBR2/FYN/IGF2/PYCARD/CD4/SLC7A1/CD24/HLA-DRB1/AIF1/HAVCR2/RUNX1/CD74/PRKCQ/LILRB4/NCKAP1L/DPP4/ANXA1/HLA-DRA/GLI2/SYK/HLA-DPB1/HLA-DQA1/HLA-DPA1/LGALS9/CD209/SASH3/VCAM1/BCL6/CCL21/SOX12/SPN/HLA-DMB/PDCD1LG2/CD86/IL4R/IL2RG/LILRB2/RASAL3/CD28/RUNX3/IL7R/CCL5/LILRB1/NFKBID/CORO1A/PTPN22/LEP/PCK1/HSPH1/LEF1/HLA-DRB5/CD40LG,61
GO:0032956,regulation of actin cytoskeleton organization,75/2098,337/18870,2.6294840598805437e-9,1.9086767419657898e-7,1.4140396516752347e-7,ELN/LIMA1/LRP1/KIRREL1/LPAR1/JAM3/PDGFRB/ADD3/CAPG/PLEKHH2/SPTAN1/S100A10/TMSB10/EPHA3/PYCARD/CDC42EP5/FSCN1/TGFB3/CORO1B/ARPC5/TTC8/GSN/TMSB4X/ARHGEF10/TENM1/WASF1/CSF1R/PDGFRA/FCHSD1/PRKCD/SWAP70/CARMIL1/PRKD1/NCKAP1L/CCN2/SEMA5A/ACTG1/PHLDB2/LMOD1/KANK2/TACR1/FMN1/SYNPO/SPTB/SFRP1/IQGAP2/VILL/F11R/COTL1/EFNA5/RHPN1/PTK2B/FLNA/CCL21/CELSR1/MYLK3/PLEK/ACTN2/CGNL1/BAIAP2/TRPM2/FAM107A/GPR65/MYOC/TACSTD2/HCLS1/RAC3/MAGEL2/WAS/ARHGEF19/SDC4/FZD10/CORO1A/FRMD7/CSF3,75
GO:0034329,cell junction assembly,92/2098,446/18870,2.7043163601773913e-9,1.9387611238950754e-7,1.4363276106621183e-7,MMP14/THBS2/SRC/THY1/JAM3/COL16A1/PLXNB2/FN1/PCDHB14/TPBG/APP/MAP1B/SNAI2/EPHB3/NTRK2/TRIP6/PCDHB13/SRGAP2/CDH11/S100A10/SRGAP2C/CLDN15/EPHA3/PCDHB11/LRRN3/FSCN1/MUSK/CLSTN3/PTPN13/ST8SIA2/PLXNB1/PLXND1/FZD1/MICALL2/CDH24/MPP7/NLGN2/ACTN1/MDGA1/ITGA2/NTN1/PTPRS/PDLIM5/PTPRD/LAMA3/AGRN/EPHB2/EPB41L3/STON1/JUP/BCR/ACTG1/PHLDB2/ITGB4/FMN1/RHOD/CD9/SFRP1/CLSTN2/NLGN4X/F11R/EFNA5/CDH6/PCDHB9/PTK2B/SRPX2/ACTN2/THBS1/LZTS1/FAM107A/AJUBA/FLRT2/CLDN23/MYOC/FLRT3/LGI2/GJB2/CLDN11/LRFN5/CBLN4/COLQ/TRPV4/SDC4/SDK2/PCLO/LRRC4B/SYNDIG1/NRCAM/CDH20/IL1RAPL1/NPTX1/CAMSAP3,92
GO:0070665,positive regulation of leukocyte proliferation,46/2098,166/18870,2.754494017582621e-9,1.9506520439149122e-7,1.4451369768755036e-7,CD276/CD81/IGF1/TGFBR2/IGF2/PYCARD/SLC39A10/SLC7A1/CD24/AIF1/CSF1R/HAVCR2/CD74/PRKCQ/EPHB2/NCKAP1L/IL34/ANXA1/TACR1/SYK/HLA-DPB1/MYD88/HLA-DPA1/LGALS9/CD209/SASH3/VCAM1/BTK/BCL6/SPN/HLA-DMB/PDCD1LG2/CD86/GPR183/LILRB2/RASAL3/FCGR3A/CD28/PRLR/CSF2RB/CCL5/TLR9/CORO1A/PTPN22/LEP/CD40LG,46
GO:1903053,regulation of extracellular matrix organization,25/2098,62/18870,2.967608370365503e-9,2.0755047437297315e-7,1.5376338697621587e-7,ANTXR1/SLC2A10/EMILIN1/LRP1/AEBP1/TGFB1/PHLDB1/DDR2/NID1/FAP/COLGALT1/FSCN1/LAMA2/TNXB/EFEMP2/LAMB1/LAMB2/RUNX1/CST3/DPP4/PHLDB2/MELTF/CHADL/ANGPTL7/ZNF469,25
GO:0042063,gliogenesis,75/2098,338/18870,3.0187006362873957e-9,2.0755047437297315e-7,1.5376338697621587e-7,MXRA8/MMP14/COL3A1/LRP1/GLI3/LPAR1/TGFB1/SOX4/APP/MDK/VIM/TMEM98/VCAN/NTRK2/ID4/SRGAP2/SRGAP2C/TENM4/GRN/BOK/LAMA2/TNFRSF21/CLU/ID2/ARHGEF10/LEPR/TUBA1A/IL33/CSF1R/LAMB1/P2RX4/NTN1/PTN/LAMB2/ERBB3/SOX8/C1QA/IL34/ANXA1/NAB2/NDN/ITGB4/NDRG1/ROR1/CD9/MYD88/NRROS/PRDM8/GPR157/PENK/FGF2/ADGRG6/GJC2/PTK2B/DTX1/CYSLTR1/TIAM1/PLP1/GPR183/CXCR4/POU3F1/ACAN/MYOC/P2RY1/CSPG4/SERPINE2/ZNF365/ROR2/CDKN2B/SOX11/ZNF488/CCL3/PHGDH/LEF1/LDLR,75
GO:0051017,actin filament bundle assembly,45/2098,161/18870,3.0380214089379573e-9,2.0755047437297315e-7,1.5376338697621587e-7,ELN/LIMA1/SRC/LPAR1/CALD1/S100A10/ITGB5/ARRB1/FSCN1/MICAL1/TGFB3/CORO1B/MARCKS/TTC8/ARHGEF10/PLS3/EZR/AIF1/ACTN1/SWAP70/CARMIL1/CCN2/MYO1B/ACTG1/PHLDB2/TACR1/RHOD/SYNPO/SFRP1/F11R/RHPN1/FHDC1/PTK2B/FLNA/PLEK/CGNL1/BAIAP2/FAM107A/GPR65/MYOC/TACSTD2/LCP1/WAS/SDC4/FRMD7,45
GO:0006936,muscle contraction,77/2098,351/18870,3.2036744265895617e-9,2.1632252785122772e-7,1.6026214665203843e-7,MYOF/BDKRB2/MYH8/CALD1/ADRA2A/SULF1/CHRNA1/SULF2/SYNM/MYL5/F2R/MYBPH/DES/PLCE1/GSN/CHRNG/KCNJ5/CHRND/PTGER3/MYH3/PDE4D/MYLK/SLC6A8/MYOT/COMP/SNTA1/DTNA/P2RX4/ITGA2/CACNA1C/SCN5A/PRKD1/JUP/MYH14/GPD1L/LMOD1/TACR1/PRKG1/TCAP/TMEM38A/DMPK/HTR7/KBTBD13/CLIC2/ATP1B1/KCNA1/PIK3CG/EHD3/CACNB2/KCNE4/KCND2/FLNA/MYLK2/PLN/ATP2A2/MYOM2/KCND3/SCN2B/MAP2K6/TRIM63/NMUR1/MYL9/SPHK1/CXCR4/MYL4/ATP2A1/PTAFR/HTR2B/CKMT2/PGAM2/KCNE2/TRPV4/ANKRD2/TNNT2/KCNIP2/DSP/NR4A1,77
GO:0007409,axonogenesis,92/2098,448/18870,3.4192741756604065e-9,2.2822672572482738e-7,1.6908134973894834e-7,DCLK1/CRABP2/NOTCH2/GLI3/THY1/SLIT3/BOC/PLXNB2/FN1/APP/MAP1B/KIAA1755/ROBO3/EPHB3/SYNGAP1/NTRK2/CDH11/PTK7/FYN/APOE/EPHA3/SPP1/PLEKHG4/LAMA2/PLPPR4/PLXNB1/TTC8/PRICKLE1/SHTN1/TSKU/PLXND1/NUMBL/SEMA3B/S100A6/NRP2/COBL/CSF1R/NIBAN2/MAP1A/MYOT/ARHGEF25/NTN1/LAMB2/PTPRS/PLXNB3/PRKCQ/EPHB2/EMB/GDF7/PLXNA3/ARHGAP4/ALCAM/SEMA5A/NGFR/ACTG1/NDN/SHOX2/SEMA3D/PRKG1/GLI2/PRDM8/TRPV2/FEZ2/MAP6/PLXNC1/UST/HMCN2/EFNA5/CHL1/IFRD1/CHN1/ARHGEF28/NCAM1/BAIAP2/TIAM1/CNTN4/ITGA4/FLRT2/FLRT3/RAC3/SEMA3A/PLXNA4/GFRA3/UCHL1/CHODL/TUBB2B/BRSK1/NRXN3/LRTM1/NRCAM/PCDHAC2/NPTX1,92
GO:0070374,positive regulation of ERK1 and ERK2 cascade,55/2098,218/18870,3.477724763694786e-9,2.294903148042684e-7,1.700174773830214e-7,GPNMB/SRC/NOTCH2/PDGFRB/TGFB1/TPBG/MAP3K12/APP/IGF1/NOD1/TNFAIP8L3/PDGFD/APOE/GLIPR2/ARRB1/PYCARD/CD4/F2R/CAVIN3/HLA-DRB1/CD44/CSF1R/PDGFRA/HAVCR2/CD74/CCL22/CCN2/FGF18/CCL18/CCL14/LGALS9/CHI3L1/FGF2/CCR1/PTK2B/CCL21/NOX4/INHBA/AKAP12/GPR183/HTR2B/P2RY1/CCL16/HCRTR1/TNFRSF11A/HAND2/CCL3L3/TRPV4/CCL5/SCIMP/PTPN22/ADCYAP1/CARD9/CCL3/MARCO,55
GO:0042098,T cell proliferation,54/2098,213/18870,4.0028034250817454e-9,2.6117167965673816e-7,1.934885582295576e-7,GPNMB/CD276/TNFRSF14/CD81/LIPA/LGALS3/IGF1/TGFBR2/FYN/IGF2/P2RX7/PYCARD/TNFRSF21/TWSG1/SLC7A1/CD24/HLA-DRB1/AIF1/HAVCR2/PRKCQ/LILRB4/NCKAP1L/ANXA1/ELF4/VSIG4/SYK/HLA-DPB1/HLA-DPA1/LGALS9/PIK3CG/CD209/SASH3/VCAM1/MAPK8IP1/BCL6/RIPK3/BID/SPN/DOCK2/HLA-DMB/PDCD1LG2/CD86/PSMB10/LILRB2/TNFSF8/RASAL3/CD28/SDC4/CCL5/LILRB1/CORO1A/PTPN22/LEP/CD40LG,54
GO:1903706,regulation of hemopoiesis,87/2098,417/18870,4.137414092272026e-9,2.6695515148692953e-7,1.977732326914125e-7,LOX/MMP14/NOTCH2/GLI3/LRRC17/TGFB1/SOX4/MDK/SNAI2/AXL/TMEM176A/TGFBR2/MITF/TMEM176B/LOXL3/CD4/GPR137B/ID2/FBN1/RARG/RAB7B/ZFP36L2/HLA-DRB1/SLAMF8/PTN/RUNX1/CD74/CEBPA/LILRB4/FCGR2B/FSTL3/NCKAP1L/C1QC/IL34/ANXA1/HLA-DRA/TYROBP/FGL2/GLI2/SYK/SFRP1/H4C6/LGALS9/SASH3/BTK/BCL6/CASP8/CCR1/PTK2B/H4C5/RASSF2/GPR68/SOX12/DTX1/INHBA/CD86/SPI1/IL4R/KLF10/IL2RG/IL17D/HCLS1/PRDM1/H4C8/LILRB2/IRF4/CD2/ADIPOQ/CD28/UBASH3B/RUNX3/ROR2/IKZF3/TOX/H4C9/IL7R/FOS/TLR9/LILRB1/NFKBID/TRIB1/CCL3/CYP26B1/PCK1/CSF3/LEF1/ERFE,87
GO:0007264,small GTPase mediated signal transduction,98/2098,491/18870,4.99987280051041e-9,3.190578170611423e-7,2.363733965955587e-7,COL1A2/COL3A1/SRC/NOTCH2/CDON/LPAR1/STMN3/DOCK1/RAP2B/LIPA/IGF1/SYNGAP1/PSD3/ADRA2A/SRGAP2/SH2B2/RGL1/EPS8L2/APOE/PLD1/ARRB1/ARHGAP1/FBP1/SYDE1/PLEKHG4/SQSTM1/CDC42EP5/F2R/PLD2/DOK1/PLCE1/FGD1/DOCK11/RASGRP3/PLEKHG5/SHTN1/ARHGEF10/MYO9B/VAV2/WASF1/RERG/AIF1/FAM13A/MFN2/DOK2/ARHGAP24/FGD2/ARHGEF25/NTN1/G3BP2/RTKN/SWAP70/EPHB2/ARHGAP22/DOCK10/RAB12/ARHGAP4/BCR/NGFR/ARHGEF17/KANK2/RHOD/CYTH4/DOK4/F11R/PIK3CG/DOK5/FGF2/ABRA/BCL6/ARHGAP20/PSD2/CELSR1/CHN1/ARHGEF28/ARHGAP45/GRAP/DOCK2/RGS19/CGNL1/TIAM1/ARHGAP39/GMIP/ARHGAP30/GPR65/MYOC/RASA4B/DHCR24/RAC3/RASAL3/WAS/RAB39A/ARHGEF19/F2RL2/DEF6/DOK6/FRMD7/LPAR2,98
GO:0070371,ERK1 and ERK2 cascade,74/2098,336/18870,5.410813247864968e-9,3.415281796777377e-7,2.530205233870037e-7,GPNMB/SRC/EMILIN1/NOTCH2/FBLN1/PDGFRB/TGFB1/FN1/TPBG/MAP3K12/APP/KARS1/IGF1/NOD1/TNFAIP8L3/DAB2/PDGFD/APOE/GLIPR2/ARRB1/PYCARD/CD4/F2R/SPRED1/NEK10/EZR/ZFP36L2/CAVIN3/HLA-DRB1/CD44/CSF1R/PDGFRA/HAVCR2/CD74/EPHB2/CCL22/CCN2/FGF18/WNK2/SYK/CCL18/CCL14/LGALS9/CHI3L1/FGF2/DUSP4/LMO3/CCR1/PTK2B/CCL21/NOX4/INHBA/AKAP12/TIAM1/GPR183/HTR2B/P2RY1/ADIPOQ/CCL16/HCRTR1/TNFRSF11A/HAND2/CCL3L3/TRPV4/ATF3/CCL5/TLR9/SCIMP/PTPN22/ADCYAP1/CARD9/CCL3/MARCO/RPS6KA6,74
GO:0002237,response to molecule of bacterial origin,79/2098,369/18870,6.418788754722133e-9,4.0079469138356373e-7,2.9692800951385807e-7,SSC5D/SRC/PLSCR4/SPON2/VIM/AXL/AHR/C2/ACP5/P2RX7/PYCARD/LOXL1/F2R/IL10RA/BDKRB1/CD24/MAOB/FMO1/CD14/HAVCR2/HDAC5/MRC1/EPHB2/MAPKAPK3/FCGR2B/HADHB/BCR/PTGER2/SMAD6/IRF5/LDOC1/IRF8/TRIM5/MYD88/LGALS9/PENK/NR1H3/PTGFR/C4B/LY96/VCAM1/BTK/CASP8/PCK2/SELP/AKAP12/PDCD1LG2/MMP9/CD86/SPI1/SOD2/CNR1/PTGIR/PTAFR/GJB2/DIO2/LILRB2/TRIM6/MMP3/ARID5A/CXCL1/CTSG/TNFRSF11A/CSF2RB/FOS/TLR9/SCIMP/CD180/LILRB1/PTPN22/TRIB1/LY86/CCR5/CARD9/CXCL9/PCK1/CSF3/NR4A1/CYP1A1,79
GO:0002697,regulation of immune effector process,82/2098,389/18870,7.040481822326476e-9,4.349369993856367e-7,3.2222227556381084e-7,SPON2/TGFB1/TNFRSF14/CD81/LGALS3/TWIST1/SVEP1/NOD1/AXL/STAT6/AHR/ACP5/P2RX7/SERPING1/LOXL3/PYCARD/GRN/C3/TGFB3/CD84/CFH/MR1/IL33/GAB2/HLA-DRB1/SUSD4/LAPTM5/SLAMF8/ITGB2/HAVCR2/CD74/EPHB2/LILRB4/FCGR2B/NCKAP1L/BCR/ANXA1/IRF5/HLA-DRA/TYROBP/FGL2/TRIL/VSIG4/SYK/MYD88/LGALS9/TLR7/ITGAM/SASH3/BTK/BCL6/RIPK3/LACC1/SPN/HLA-DMB/CD86/SPI1/IL4R/PANX1/PTAFR/IRF4/TRIM6/RBP4/CD28/WAS/ARID5A/IL7R/CD300A/TLR9/SCIMP/LILRB1/NFKBID/FCER2/PTPN22/SH2D1A/LEP/CARD9/SLAMF6/PCK1/SH2D1B/CLEC7A/CD40LG,82
GO:0048705,skeletal system morphogenesis,56/2098,230/18870,9.959625964974413e-9,6.087952418800675e-7,4.5102483455789945e-7,COL1A1/TMEM119/MMP14/MMP2/COL3A1/SFRP4/GLI3/BMP1/THBS3/OSR1/MGP/TWIST1/TGFBR2/MMP16/CHAD/ACP5/P2RX7/FREM1/TGFB3/LTBP3/RUNX2/RARG/DHRS3/TSKU/PDGFRA/COMP/HOXD3/CSGALNACT1/CCN2/FGF18/NAB2/SHOX2/COL11A1/HOXC4/FMN1/CHST11/SFRP1/HOXB5/MSX1/HOXD4/HOXB6/SOX5/MDFI/OSR2/GSC/SATB2/TBX1/HOXD9/NPPC/MTHFD1L/HHIP/FOXC2/TRPV4/SOX11/PHOSPHO1/CYP26B1,56
GO:0048771,tissue remodeling,48/2098,184/18870,1.0782337335138553e-8,6.522190927619748e-7,4.831953145692026e-7,TMEM119/MMP14/MMP2/CTSK/GPNMB/SRC/NOTCH2/CTHRC1/TGFB1/LIPA/MDK/DDR2/AXL/MITF/THBS4/ACP5/P2RX7/SPP1/GPR137B/TIMP1/F2R/LTBP3/TCIRG1/LEPR/CSF1R/P3H4/PTN/RUNX1/CST3/BCR/NPR3/PPARG/SYK/SFRP1/PTK2B/FLNA/RASSF2/NOX4/SNX10/PDK4/VDR/CSPG4/NPPC/UBASH3B/TNFRSF11A/FOXC2/HAND2/LEP,48
GO:0007517,muscle organ development,76/2098,354/18870,1.0933013223948178e-8,6.545155442419285e-7,4.848966364218797e-7,ELN/LOX/COL6A3/COL3A1/EVC/COL19A1/CDON/TGFB1/TWIST1/IGF1/CHRNA1/IGF2/ITGA11/MYOM1/LAMA2/SPEG/DPF3/ID3/NEURL1/DES/JPH1/BASP1/CHRND/SGCE/MYH3/EFEMP2/FZD1/MYLK/NIBAN2/H1-5/MEOX2/RPL3L/YBX3/ERBB3/LBX1/SOX8/USP2/FHL3/MYH14/MSC/SHOX2/COL11A1/MYOZ1/ASB2/MYOG/TCAP/HLF/MSX1/ACTC1/MYLK2/BTG2/MEGF10/MKX/MYOM2/GSC/FZD2/SMTNL1/KLHL40/TBX1/MYMX/VGLL2/HOXD9/FOXC2/CHODL/ANKRD2/ATF3/TNNT2/SOX11/FOS/CYP26B1/EGR1/HBEGF/DSP/NR4A1/LEF1/MAFF,76
GO:0050803,regulation of synapse structure or activity,59/2098,250/18870,1.3875189589404784e-8,8.221757749558528e-7,6.091074097948158e-7,THBS2/ADGRL1/TPBG/APP/NFATC4/EPHB3/SYNGAP1/SEPTIN11/NTRK2/TANC2/FYN/APOE/CAPRIN2/LRRN3/MUSK/CLSTN3/PTPN13/ST8SIA2/NEURL1/IL10RA/DBN1/LRRK2/SLC17A7/TUBA1A/FZD1/NRP2/NLGN2/MDGA1/NTN1/PTPRS/PDLIM5/PTPRD/AGRN/EPHB2/ARHGAP22/FCGR2B/CAMK1/DMPK/CLSTN2/PLXNC1/EFNA5/PTK2B/ZDHHC15/SRPX2/CTTNBP2/BAIAP2/TIAM1/LZTS1/FLRT2/FLRT3/GRID1/LILRB2/LRFN5/ROR2/COLQ/LRRC4B/SYNDIG1/NRCAM/IL1RAPL1,59
GO:0042116,macrophage activation,34/2098,110/18870,1.6267050535196622e-08,9.54169317756432e-7,7.068945830659074e-7,APP/KARS1/GRN/GPR137B/CD84/JMJD6/CLU/LRRK2/CD200/TMEM106A/IL33/AIF1/ITGB2/HAVCR2/CD74/CEBPA/FCGR2B/C1QA/TYROBP/VSIG4/SYK/SUCNR1/NR1H3/ITGAM/PLA2G4A/THBS1/SPHK1/IL4R/LRFN5/FCGR3A/TLR9/FCER2/CCL3/LDLR,34
GO:0046631,alpha-beta T cell activation,47/2098,181/18870,1.7878167837575116e-8,1.038185206327987e-6,7.691375994965211e-7,GLI3/TNFRSF14/CD81/TMEM98/STAT6/TGFBR2/LOXL3/TCIRG1/RORC/TWSG1/HLA-DRB1/RUNX1/PRKCQ/LILRB4/NCKAP1L/ANXA1/HLA-DRA/ELF4/SYK/LGALS9/ENTPD7/SASH3/MAPK8IP1/BCL6/SPN/DOCK2/CD86/WDFY4/GPR183/IL4R/PRR7/IL2RG/PRDM1/IRF4/TNFSF8/RASAL3/CD28/RUNX3/TOX/NKG7/CD300A/LILRB1/NFKBID/PTPN22/SLAMF6/HSPH1/LEF1,47
GO:0050878,regulation of body fluid levels,77/2098,365/18870,1.9492580225433623e-8,1.1207268650405253e-6,8.302884354491634e-7,COL3A1/SRC/EMILIN1/FBLN1/RAP2B/FAP/AXL/ADRA2A/ANXA5/APOE/CLIC1/SERPING1/F2R/FUNDC2/NEURL1/EMILIN2/PRICKLE1/PROCR/FZD6/VAV2/ST3GAL4/HSD11B2/PDGFRA/COMP/PAPSS2/ITGA2/PRKCD/PRKCQ/EPHB2/SCT/F3/MMRN1/DGKA/AQP4/CELSR2/ACTG1/NPR3/F10/PRKG1/SAA1/FERMT3/SYK/CD9/TYRO3/F13A1/MERTK/FCER1G/NR1H3/P2RY2/F11R/PIK3CG/C1QTNF1/PLA2G4A/PROS1/FLNA/PLEK/TSPAN8/THBS1/SELP/ANXA2/MYL9/CCND1/VDR/P2RY1/ADAMTS18/MYO5B/CDO1/WAS/UBASH3B/SERPINE2/PRLR/CTSG/OPRL1/TRPV4/F2RL2/PLAU/CD40LG,77
GO:0007229,integrin-mediated signaling pathway,34/2098,111/18870,2.0968194887336947e-8,1.1866259583414933e-6,8.791096574445874e-7,COL3A1/SLC2A10/SRC/THY1/COL16A1/DOCK1/FN1/ITGBL1/NID1/ITGB5/ITGA11/LOXL3/TIMP1/LAMA2/ITGB2/LAMB1/ITGA2/PTN/LAMB2/PRKD1/CCN2/ITGA10/ITGB4/FERMT3/SYK/ITGAM/PTK2B/FLNA/ITGB8/PLEK/ITGA4/FYB2/ITGAX/CD40LG,34
GO:0022408,negative regulation of cell-cell adhesion,51/2098,205/18870,2.1047438214081937e-8,1.1866259583414933e-6,8.791096574445874e-7,GPNMB/GLI3/TGFB1/TNFRSF14/LGALS3/MDK/LOXL3/TNFRSF21/MBP/TWSG1/FXYD5/PAG1/HLA-DRB1/LAPTM5/HAVCR2/PRKCD/RUNX1/CD74/SWAP70/LILRB4/FCGR2B/NCKAP1L/AKNA/ANXA1/FGL2/PRKG1/VSIG4/CD9/LGALS9/C1QTNF1/BCL6/CCL21/DTX1/SPN/PDCD1LG2/CD86/SPI1/IL4R/LILRB2/TNFAIP8L2/ADAMTS18/ADIPOQ/UBASH3B/SERPINE2/RUNX3/CTSG/TRPV4/SDC4/CD300A/LILRB1/PTPN22,51
GO:0042129,regulation of T cell proliferation,47/2098,182/18870,2.1539155919991447e-8,1.2026719079556761e-6,8.90997269686286e-7,GPNMB/CD276/TNFRSF14/CD81/LGALS3/IGF1/TGFBR2/IGF2/PYCARD/TNFRSF21/TWSG1/SLC7A1/CD24/HLA-DRB1/AIF1/HAVCR2/PRKCQ/LILRB4/NCKAP1L/ANXA1/VSIG4/SYK/HLA-DPB1/HLA-DPA1/LGALS9/CD209/SASH3/VCAM1/MAPK8IP1/BCL6/RIPK3/BID/SPN/HLA-DMB/PDCD1LG2/CD86/LILRB2/TNFSF8/RASAL3/CD28/SDC4/CCL5/LILRB1/CORO1A/PTPN22/LEP/CD40LG,47
GO:0042692,muscle cell differentiation,85/2098,419/18870,2.4221304110924937e-8,1.3331919661286682e-6,9.87692814582739e-7,LOX/TMEM119/MMP14/PTGFRN/CDON/PDGFRB/DOCK1/TGFB1/ADAM12/CD81/CCN3/IGF1/NFATC4/NID1/PIEZO1/IGF2/ADAMTS15/DNMT1/LAMA2/SPEG/QKI/ID2/PRICKLE1/NFATC1/MYH3/EFEMP2/OLFM2/PI16/ACTN1/NIBAN2/PDGFRA/COMP/ALPK3/LAMB1/RPL3L/HDAC5/LAMB2/PDLIM5/PRKD1/G6PD/ALPK2/FLNC/ACTG1/SHOX2/JAM2/MYOZ1/LMOD1/CAMK1/ASB2/MYOG/PRKG1/TCAP/DMPK/CD9/CXADR/SDC1/NRAP/FZD7/MSX1/IFRD1/ACADM/ACTC1/MEGF10/MYLK3/ATP2A2/NOX4/MYOM2/CD53/ACTN2/DOCK2/LBX2/TBX18/MYL9/SOD2/IL4R/KLHL40/GATA6/TBX1/MYMX/UCHL1/CACNB4/TNNT2/WFIKKN1/CYP26B1/CXCL9,85
GO:0032635,interleukin-6 production,46/2098,177/18870,2.4565445217111675e-8,1.3331919661286682e-6,9.87692814582739e-7,SPON2/TGFB1/APP/TWIST1/C1QTNF3/NOD1/ARRB1/P2RX7/PYCARD/F2R/CD84/MBP/RAB7B/CD200/TMEM106A/IL33/AIF1/UNC93B1/HAVCR2/CD74/LILRB4/NCKAP1L/IL16/HGF/TYROBP/ELF4/SYK/C1QTNF4/MYD88/LGALS9/TLR7/BTK/IL17RA/CD200R1/PTAFR/MAPK13/IL17D/LILRB2/ARID5A/TRPV4/TLR9/SCIMP/PTPN22/LEP/CARD9/CLEC7A,46
GO:0032675,regulation of interleukin-6 production,46/2098,177/18870,2.4565445217111675e-8,1.3331919661286682e-6,9.87692814582739e-7,SPON2/TGFB1/APP/TWIST1/C1QTNF3/NOD1/ARRB1/P2RX7/PYCARD/F2R/CD84/MBP/RAB7B/CD200/TMEM106A/IL33/AIF1/UNC93B1/HAVCR2/CD74/LILRB4/NCKAP1L/IL16/HGF/TYROBP/ELF4/SYK/C1QTNF4/MYD88/LGALS9/TLR7/BTK/IL17RA/CD200R1/PTAFR/MAPK13/IL17D/LILRB2/ARID5A/TRPV4/TLR9/SCIMP/PTPN22/LEP/CARD9/CLEC7A,46
GO:1902903,regulation of supramolecular fiber organization,80/2098,389/18870,3.358216372712727e-8,1.8056631922539636e-6,1.3377222529509666e-6,ELN/LIMA1/EMILIN1/KIRREL1/AEBP1/LPAR1/APP/CLIP3/ADD3/MAP1B/CAPG/PLEKHH2/SPTAN1/S100A10/TMSB10/APOE/COLGALT1/PYCARD/NAV3/CDC42EP5/TGFB3/CORO1B/MID1/ARPC5/TTC8/CLU/GSN/TMSB4X/ARHGEF10/TENM1/TNXB/WASF1/EFEMP2/MID1IP1/MAP1A/FCHSD1/PRKCD/SWAP70/CARMIL1/PRKD1/NCKAP1L/CCN2/SEMA5A/ACTG1/PHLDB2/LMOD1/KANK2/TACR1/FMN1/SYNPO/SPTB/SFRP1/VILL/F11R/COTL1/RHPN1/CHADL/PTK2B/FLNA/CCL21/MYLK3/PLEK/ACTN2/CGNL1/BAIAP2/GPR65/MYOC/ANKRD53/TACSTD2/HCLS1/HAUS7/MAGEL2/WAS/TRPV4/SDC4/CORO1A/FRMD7/CSF3/LDLR/CAMSAP3,80
GO:0031032,actomyosin structure organization,51/2098,208/18870,3.508535527500664e-8,1.8691803493758126e-6,1.3847788219116578e-6,ELN/SRC/CNN3/LPAR1/PDGFRB/S100A10/ITGB5/ARRB1/VPS4A/TGFB3/TTC8/EPB41L1/ARHGEF10/MYH10/CNN2/MYH3/PDGFRA/RTKN/CARMIL1/PRKD1/EPB41L3/MYH14/CCN2/FLNC/ACTG1/MYOZ1/PHLDB2/LMOD1/TACR1/TCAP/SFRP1/IQGAP2/NRAP/F11R/RHPN1/FHDC1/ACTC1/PTK2B/MYLK3/MYOM2/ACTN2/CGNL1/MYL9/GPR65/MYOC/TACSTD2/WAS/ANLN/SDC4/TNNT2/FRMD7,51
GO:0050807,regulation of synapse organization,57/2098,244/18870,3.5584608394199894e-8,1.878543826773807e-6,1.3917157369099998e-06,THBS2/ADGRL1/TPBG/APP/NFATC4/EPHB3/SEPTIN11/NTRK2/TANC2/FYN/APOE/CAPRIN2/LRRN3/MUSK/CLSTN3/PTPN13/ST8SIA2/NEURL1/IL10RA/DBN1/LRRK2/TUBA1A/FZD1/NRP2/NLGN2/MDGA1/NTN1/PTPRS/PDLIM5/PTPRD/AGRN/EPHB2/ARHGAP22/FCGR2B/CAMK1/DMPK/CLSTN2/PLXNC1/EFNA5/PTK2B/ZDHHC15/SRPX2/CTTNBP2/BAIAP2/TIAM1/LZTS1/FLRT2/FLRT3/GRID1/LILRB2/LRFN5/ROR2/COLQ/LRRC4B/SYNDIG1/NRCAM/IL1RAPL1,57
GO:0071706,tumor necrosis factor superfamily cytokine production,48/2098,191/18870,3.865052432130131e-8,2.003960667266042e-6,1.4846305723793089e-6,GPNMB/SPON2/TGFB1/APP/TWIST1/IGF1/NFATC4/NOD1/AXL/ACP5/PYCARD/CD84/CLU/LRRK2/TMEM106A/IL33/CD14/HAVCR2/CYBB/EPHB2/LILRB4/TYROBP/ELF4/SYK/C1QTNF4/MYD88/CD33/LGALS9/SASH3/LY96/BTK/THBS1/SPN/AKAP12/CIDEA/CD86/PTAFR/CD2/ADIPOQ/FCGR3A/ARID5A/TLR9/LILRB1/PTPN22/LEP/CARD9/CCL3/CLEC7A,48
GO:1903555,regulation of tumor necrosis factor superfamily cytokine production,48/2098,191/18870,3.865052432130131e-8,2.003960667266042e-6,1.4846305723793089e-6,GPNMB/SPON2/TGFB1/APP/TWIST1/IGF1/NFATC4/NOD1/AXL/ACP5/PYCARD/CD84/CLU/LRRK2/TMEM106A/IL33/CD14/HAVCR2/CYBB/EPHB2/LILRB4/TYROBP/ELF4/SYK/C1QTNF4/MYD88/CD33/LGALS9/SASH3/LY96/BTK/THBS1/SPN/AKAP12/CIDEA/CD86/PTAFR/CD2/ADIPOQ/FCGR3A/ARID5A/TLR9/LILRB1/PTPN22/LEP/CARD9/CCL3/CLEC7A,48
GO:0007411,axon guidance,55/2098,233/18870,4.2178300449040844e-8,2.148503427259475e-6,1.5917148101129263e-6,NOTCH2/GLI3/SLIT3/BOC/PLXNB2/APP/KIAA1755/ROBO3/EPHB3/PTK7/FYN/EPHA3/PLEKHG4/LAMA2/PLXNB1/TTC8/PLXND1/SEMA3B/NRP2/CSF1R/NIBAN2/MYOT/ARHGEF25/NTN1/LAMB2/PLXNB3/PRKCQ/EPHB2/EMB/GDF7/PLXNA3/ALCAM/SEMA5A/NGFR/SEMA3D/GLI2/FEZ2/PLXNC1/HMCN2/EFNA5/CHL1/CHN1/NCAM1/CNTN4/FLRT2/FLRT3/RAC3/SEMA3A/PLXNA4/GFRA3/TUBB2B/NRXN3/LRTM1/NRCAM/PCDHAC2,55
GO:0097485,neuron projection guidance,55/2098,233/18870,4.2178300449040844e-8,2.148503427259475e-6,1.5917148101129263e-6,NOTCH2/GLI3/SLIT3/BOC/PLXNB2/APP/KIAA1755/ROBO3/EPHB3/PTK7/FYN/EPHA3/PLEKHG4/LAMA2/PLXNB1/TTC8/PLXND1/SEMA3B/NRP2/CSF1R/NIBAN2/MYOT/ARHGEF25/NTN1/LAMB2/PLXNB3/PRKCQ/EPHB2/EMB/GDF7/PLXNA3/ALCAM/SEMA5A/NGFR/SEMA3D/GLI2/FEZ2/PLXNC1/HMCN2/EFNA5/CHL1/CHN1/NCAM1/CNTN4/FLRT2/FLRT3/RAC3/SEMA3A/PLXNA4/GFRA3/TUBB2B/NRXN3/LRTM1/NRCAM/PCDHAC2,55
GO:0032640,tumor necrosis factor production,47/2098,186/18870,4.4538128172881356e-8,2.2295940543096727e-6,1.651790651928912e-6,GPNMB/SPON2/TGFB1/APP/TWIST1/IGF1/NFATC4/NOD1/AXL/ACP5/PYCARD/CD84/CLU/LRRK2/TMEM106A/IL33/CD14/HAVCR2/CYBB/EPHB2/LILRB4/TYROBP/ELF4/SYK/C1QTNF4/MYD88/CD33/LGALS9/SASH3/LY96/BTK/THBS1/SPN/AKAP12/CIDEA/PTAFR/CD2/ADIPOQ/FCGR3A/ARID5A/TLR9/LILRB1/PTPN22/LEP/CARD9/CCL3/CLEC7A,47
GO:0032680,regulation of tumor necrosis factor production,47/2098,186/18870,4.4538128172881356e-8,2.2295940543096727e-6,1.651790651928912e-6,GPNMB/SPON2/TGFB1/APP/TWIST1/IGF1/NFATC4/NOD1/AXL/ACP5/PYCARD/CD84/CLU/LRRK2/TMEM106A/IL33/CD14/HAVCR2/CYBB/EPHB2/LILRB4/TYROBP/ELF4/SYK/C1QTNF4/MYD88/CD33/LGALS9/SASH3/LY96/BTK/THBS1/SPN/AKAP12/CIDEA/PTAFR/CD2/ADIPOQ/FCGR3A/ARID5A/TLR9/LILRB1/PTPN22/LEP/CARD9/CCL3/CLEC7A,47
GO:0051250,negative regulation of lymphocyte activation,44/2098,169/18870,4.637766404001728e-8,2.3018384194904302e-6,1.7053127569190342e-6,GPNMB/GLI3/TNFRSF14/LGALS3/MDK/AXL/LOXL3/TNFRSF21/ID2/TWSG1/PAG1/HLA-DRB1/LAPTM5/HAVCR2/RUNX1/CD74/LILRB4/FCGR2B/NCKAP1L/ANXA1/TYROBP/FGL2/VSIG4/TYRO3/SFRP1/MERTK/LGALS9/BTK/BCL6/DTX1/INHBA/SPN/PDCD1LG2/CD86/IL4R/LILRB2/TNFAIP8L2/RUNX3/CTSG/SDC4/SOX11/CD300A/LILRB1/PTPN22,44
GO:0071675,regulation of mononuclear cell migration,36/2098,125/18870,4.837313123401994e-8,2.3805319752199473e-6,1.763612732858515e-6,NBL1/JAM3/TNFRSF14/ECM1/CCN3/APP/LGALS3/MDK/CMKLR1/PDGFD/RARRES2/PYCARD/CD200/AIF1/SLAMF8/CSF1R/LGMN/IL34/JAM2/C3AR1/LGALS9/RIPK3/CCR1/PTK2B/CCL21/THBS1/SPN/TMEM102/SPI1/CD200R1/ITGA4/TRPV4/PLA2G7/CCL5/CORO1A/CCL3,36
GO:0019932,second-messenger-mediated signaling,67/2098,310/18870,6.107504514591748e-8,2.980359555986074e-6,2.2079938921836776e-6,ADGRL1/LPAR1/PDGFRB/CMKLR1/IGF1/UBE2B/NFATC4/DDAH2/CAP2/APOE/AHR/P2RX7/CD4/ADCY2/PLCE1/LRRK2/CAMKK2/NFATC1/PDE4D/PDK2/KCNJ11/PDGFRA/P2RX4/ERBB3/CACNA1C/PPP2CA/PRKD1/SCT/MYOZ1/PDE3A/PRKG1/SYK/TMEM38A/DMPK/CLIC2/ATP1B1/PDE7A/PTGFR/GRIN2D/VCAM1/ADGRG6/BTK/GNAI1/CCR1/PLN/ATP2A2/PLEK/ACKR2/THBS1/SELP/LMCD1/PDE3B/NMUR1/TRPM2/SPHK1/CXCR4/HTR2B/ACKR4/NPPC/FCGR3A/OPRL1/ADGRB2/PEX5L/CCR5/ADCYAP1/CCL3/CLEC7A,67
GO:0042102,positive regulation of T cell proliferation,32/2098,105/18870,6.177786661985398e-8,2.989533928845767e-6,2.214790709432835e-6,CD276/CD81/IGF1/TGFBR2/IGF2/PYCARD/SLC7A1/CD24/AIF1/HAVCR2/PRKCQ/NCKAP1L/ANXA1/SYK/HLA-DPB1/HLA-DPA1/LGALS9/CD209/SASH3/VCAM1/SPN/HLA-DMB/PDCD1LG2/CD86/LILRB2/RASAL3/CD28/CCL5/CORO1A/PTPN22/LEP/CD40LG,32
GO:0008154,actin polymerization or depolymerization,48/2098,196/18870,9.126752183116675e-8,4.380086770856077e-6,3.2449792233490953e-6,ELN/LIMA1/KIRREL1/ADD3/WIPF1/CAPG/PLEKHH2/SPTAN1/TMSB10/PYCARD/CDC42EP5/MICAL1/ARPC5/GSN/TMSB4X/TENM1/WASF1/INF2/MICALL2/AIF1/COBL/FCHSD1/GAS7/PRKCD/SWAP70/CARMIL1/NCKAP1L/SEMA5A/LMOD1/KANK2/FMN1/SPTB/VILL/ANG/COTL1/FHDC1/PTK2B/CCL21/PLEK/ACTN2/BAIAP2/FAM107A/PSTPIP1/HCLS1/WAS/PSTPIP2/CORO1A/CSF3,48
GO:0050727,regulation of inflammatory response,84/2098,425/18870,9.764407635110798e-8,4.629941114431948e-6,3.430083353970865e-6,SRC/TGFB1/CCN4/CD81/CCN3/APP/KARS1/MDK/NT5E/IGF1/C1QTNF3/FYN/GSDMD/APOE/AHR/ACP5/PYCARD/GRN/C3/IL10RA/ADAMTS12/PTGES/TMSB4X/ARMH4/LRRK2/PTGER3/CD200/IL33/HLA-DRB1/SLAMF8/PRKCD/STING1/CEBPA/FCGR2B/PTGIS/BCR/AKNA/ANXA1/FEM1A/PIK3AP1/IL16/HGF/ELF4/PPARG/SAA1/SYK/SUCNR1/TYRO3/MYD88/TLR7/NR1H3/PIK3CG/METRNL/BTK/BCL6/NAIP/IL17RA/FBXL2/LACC1/SPN/MMP9/FABP4/SPHK1/CNR1/CD200R1/MAPK13/TNC/FNDC4/GPSM3/TNFAIP8L2/ADIPOQ/MMP3/LRFN5/CD28/AOAH/TNFRSF11A/TRPV4/ALOX5/PLA2G7/NKG7/CCL5/TLR9/CCL3/LDLR,84
GO:0001649,osteoblast differentiation,58/2098,257/18870,9.806832393234539e-8,4.629941114431948e-6,3.430083353970865e-6,COL1A1/LOX/TMEM119/SFRP2/COL6A1/GLI3/CTHRC1/MRC2/CCN4/TWIST1/IGF1/SNAI2/VCAN/DDR2/TENT5A/ID4/IGF2/ITGA11/RRBP1/CLIC1/CREB3L1/SPP1/IGFBP3/ID3/TCIRG1/RUNX2/TWSG1/GABBR1/FZD1/CHRD/WWTR1/SOX8/CEBPA/PRKD1/TWIST2/SMAD6/SHOX2/HGF/PPARG/GLI2/SFRP1/PENK/GDF10/FGF2/RASSF2/FASN/MAP2K6/SATB2/MYOC/TNC/NPPC/PTHLH/HAND2/SOX11/GLI1/CCL3/LEF1/ERFE,58
GO:0032722,positive regulation of chemokine production,25/2098,72/18870,1.0126387475458123e-7,4.704314565598825e-6,3.485182788395566e-6,POSTN/TGFB1/APP/TWIST1/PYCARD/CD84/MBP/IL33/AIF1/CSF1R/HAVCR2/CD74/SYK/MYD88/LGALS9/TLR7/IL17RA/IL4R/ADIPOQ/TRPV4/TLR9/ADCYAP1/CARD9/EGR1/CLEC7A,25
GO:0070527,platelet aggregation,25/2098,72/18870,1.0126387475458123e-7,4.704314565598825e-6,3.485182788395566e-6,EMILIN1/RAP2B/CLIC1/EMILIN2/PDGFRA/COMP/PRKCD/PRKCQ/MMRN1/ACTG1/PRKG1/FERMT3/SYK/CD9/TYRO3/F11R/PIK3CG/C1QTNF1/FLNA/PLEK/MYL9/ADAMTS18/UBASH3B/SERPINE2/CTSG,25
GO:0030282,bone mineralization,35/2098,123/18870,1.0277586996629075e-7,4.734790714650282e-6,3.5077609873339264e-6,ASPN/LOX/TMEM119/COL1A2/ECM1/OSR1/MGP/TWIST1/IGF1/DDR2/TENT5A/P2RX7/LTBP3/PRICKLE1/GPC3/COMP/PTN/ADGRV1/SLC20A2/ENPP1/CLEC3B/CCR1/PTK2B/SNX10/OSR2/KLF10/VDR/PKDCC/PTHLH/ROR2/ALOX5/PHEX/PHOSPHO1/LEP/CCL3,35
GO:0051056,regulation of small GTPase mediated signal transduction,64/2098,295/18870,1.0355061490624864e-7,4.734790714650282e-6,3.5077609873339264e-6,COL3A1/SRC/NOTCH2/CDON/LPAR1/STMN3/IGF1/SYNGAP1/PSD3/SRGAP2/SH2B2/EPS8L2/APOE/ARRB1/ARHGAP1/FBP1/SYDE1/PLEKHG4/SQSTM1/F2R/PLCE1/FGD1/PLEKHG5/ARHGEF10/MYO9B/VAV2/FAM13A/MFN2/ARHGAP24/FGD2/ARHGEF25/SWAP70/EPHB2/ARHGAP22/ARHGAP4/BCR/ARHGEF17/KANK2/RHOD/CYTH4/F11R/PIK3CG/ABRA/BCL6/ARHGAP20/PSD2/CHN1/ARHGEF28/ARHGAP45/DOCK2/CGNL1/TIAM1/ARHGAP39/GMIP/ARHGAP30/GPR65/MYOC/RASA4B/RASAL3/ARHGEF19/F2RL2/DEF6/FRMD7/LPAR2,64
GO:0010975,regulation of neuron projection development,88/2098,453/18870,1.0966647986958273e-7,4.9752597547083355e-6,3.68591203311665e-6,SFRP2/CRABP2/THY1/LPAR1/CAMK1D/PLXNB2/FN1/MDK/VIM/MAP1B/NFATC4/ROBO3/EPHB3/LTK/SYNGAP1/DDR2/DAB2/NTRK2/TANC2/PTK7/NCS1/FYN/APOE/PTPRF/EPHA3/P3H1/CAPRIN2/SPP1/GRN/MUSK/PLXNB1/DBN1/SHTN1/LRRK2/TSKU/PLXND1/FZD1/SEMA3B/COBL/NTN1/PTN/NEU4/PTPRS/PDLIM5/PTPRD/PLXNB3/MBOAT1/EPHB2/PRKD1/PLXNA3/ARHGAP4/SEMA5A/SHOX2/NR2F1/SDC2/SEMA3D/CAMK1/RTN4RL2/ROR1/SFRP1/TRPV2/MAP6/PLXNC1/UST/EFNA5/IFRD1/PTK2B/FLNA/ZDHHC15/CHN1/SERPINI1/STX1B/BAIAP2/TIAM1/LZTS1/CNR1/SEMA3A/PLXNA4/ZNF365/ROR2/CHODL/TRPV4/TOX/TUBB2B/BRSK1/FRMD7/NRCAM/IL1RAPL1,88
GO:0051962,positive regulation of nervous system development,63/2098,290/18870,1.2343353107878125e-7,5.556422596701416e-6,4.116465455071228e-6,THBS2/CRABP2/GLI3/CDON/PLXNB2/TGFB1/FN1/TPBG/MDK/MAP1B/EPHB3/VCAN/NTRK2/ID4/TENM4/CAPRIN2/LRRN3/CLSTN3/ST8SIA2/NEURL1/PLXNB1/DBN1/ID2/SHTN1/PLXND1/NUMBL/IL33/NLGN2/NTN1/PTN/PTPRD/PLXNB3/AGRN/SOX8/EPHB2/PLXNA3/IL34/SEMA5A/SHOX2/TRPV2/CLSTN2/MAP6/PLXNC1/FGF2/EFNA5/GJC2/SRPX2/CYSLTR1/BAIAP2/TIAM1/CXCR4/ACAN/FLRT2/FLRT3/PLXNA4/SERPINE2/ZNF365/CHODL/SOX11/LRRC4B/ZNF488/SYNDIG1/IL1RAPL1,63
GO:0032496,response to lipopolysaccharide,72/2098,348/18870,1.2596292231758292e-7,5.6266668453708e-6,4.168505777424788e-6,SRC/PLSCR4/SPON2/VIM/AXL/C2/ACP5/P2RX7/PYCARD/LOXL1/F2R/IL10RA/BDKRB1/MAOB/FMO1/CD14/HAVCR2/HDAC5/MRC1/EPHB2/MAPKAPK3/HADHB/BCR/PTGER2/SMAD6/LDOC1/IRF8/TRIM5/MYD88/LGALS9/PENK/NR1H3/PTGFR/LY96/VCAM1/BTK/CASP8/PCK2/SELP/AKAP12/PDCD1LG2/MMP9/CD86/SPI1/SOD2/CNR1/PTGIR/PTAFR/GJB2/DIO2/LILRB2/TRIM6/MMP3/ARID5A/CXCL1/CTSG/TNFRSF11A/CSF2RB/FOS/TLR9/SCIMP/CD180/LILRB1/PTPN22/TRIB1/LY86/CCR5/CXCL9/PCK1/CSF3/NR4A1/CYP1A1,72
GO:0031346,positive regulation of cell projection organization,73/2098,355/18870,1.3319621523304495e-7,5.904354365330473e-6,4.3742300655480495e-6,CRABP2/SRC/CAMK1D/PLXNB2/FN1/PALM/MDK/MAP1B/ROBO3/LTK/DDR2/NTRK2/PTK7/ENPP2/EPS8L2/FYN/APOE/EPHA3/P3H1/CAPRIN2/P2RX7/GRN/CDC42EP5/FSCN1/MUSK/TGFB3/CORO1B/DZIP1/NEURL1/PLXNB1/PLCE1/DOCK11/DBN1/SHTN1/TENM1/PLXND1/FZD1/COBL/ITGA2/NTN1/PTN/PTPRD/CARMIL1/PLXNB3/AGRN/EPHB2/PRKD1/PLXNA3/SEMA5A/KCTD17/SHOX2/CAMK1/ROR1/TRPV2/MAP6/PLXNC1/EFNA5/PTK2B/FLNA/CCL21/ZDHHC15/SERPINI1/BAIAP2/TIAM1/CNR1/PLXNA4/ANLN/ROR2/CHODL/TOX/TUBB2B/FRMD7/IL1RAPL1,73
GO:1902905,positive regulation of supramolecular fiber organization,44/2098,175/18870,1.3840523866231175e-7,6.088781976606397e-6,4.510862921952697e-6,KIRREL1/LPAR1/APP/MAP1B/S100A10/APOE/COLGALT1/PYCARD/NAV3/CDC42EP5/TGFB3/CLU/GSN/ARHGEF10/TENM1/TNXB/WASF1/EFEMP2/FCHSD1/SWAP70/CARMIL1/PRKD1/NCKAP1L/CCN2/SEMA5A/LMOD1/TACR1/FMN1/SYNPO/SFRP1/PTK2B/FLNA/CCL21/MYLK3/PLEK/ACTN2/BAIAP2/GPR65/MYOC/ANKRD53/MAGEL2/TRPV4/SDC4/CSF3,44
GO:0051896,regulation of phosphatidylinositol 3-kinase/protein kinase B signal transduction,56/2098,248/18870,1.5891885489057277e-7,6.938660077816211e-6,5.14049354917112e-6,SRC/PDGFRB/TGFB1/FN1/RCN3/TPBG/SESN3/DCN/TWIST1/IGF1/LTK/DDR2/AXL/NTRK2/PDGFD/IGF2/F2R/MUSK/PTPN13/MEIS3/PLXNB1/CAVIN3/CSF1R/PDGFRA/P2RX4/ERBB3/PPP2CA/F3/SEMA5A/PIK3AP1/HGF/F10/ROR1/PIK3CG/NKX3-1/C1QTNF1/CHI3L1/FGF2/HCST/CCL21/FBXL2/NOX4/THBS1/SELP/PIK3R5/MYOC/AKR1C3/HCLS1/CD28/ROR2/CCL5/LEP/CCL3/CSF3/HBEGF/ERFE,56
GO:0030099,myeloid cell differentiation,84/2098,430/18870,1.6557802127104604e-7,7.175459474037048e-6,5.315925946070426e-6,LOX/SRC/NOTCH2/LRRC17/CD109/TGFB1/CCN4/CD81/APP/LIPA/TGFBR2/MITF/PIR/CD4/GPR137B/JMJD6/TCIRG1/ID2/FBN1/RARG/RAB7B/IL33/GPC3/GAB2/PIP4K2A/HLA-DRB1/ACTN1/CSF1R/RUNX1/CD74/CEBPA/LILRB4/FSTL3/NCKAP1L/G6PD/C1QC/IL34/TYROBP/IFI16/PPARG/IRF8/SFRP1/MYD88/NRROS/H4C6/BATF2/SLC1A5/BCL6/CASP8/CCR1/PTK2B/FLNA/H4C5/RASSF2/GPR68/FASN/ITGB8/SNX10/CDIN1/INHBA/ANXA2/MMP9/SPI1/GPR183/KLF10/HCLS1/H4C8/IRF4/IKZF1/ADIPOQ/PDE1B/UBASH3B/ROR2/TNFRSF11A/CDKN2B/H4C9/FOS/LILRB1/TRIB1/CCL3/OSCAR/CSF3/LEF1/ERFE,84
GO:0007416,synapse assembly,48/2098,200/18870,1.76192749994113e-7,7.578898512709734e-6,5.614813015406938e-6,THBS2/PLXNB2/PCDHB14/TPBG/APP/MAP1B/EPHB3/NTRK2/PCDHB13/SRGAP2/SRGAP2C/PCDHB11/LRRN3/MUSK/CLSTN3/PTPN13/ST8SIA2/PLXNB1/PLXND1/FZD1/NLGN2/MDGA1/NTN1/PTPRS/PDLIM5/PTPRD/AGRN/EPHB2/CLSTN2/NLGN4X/EFNA5/PCDHB9/PTK2B/SRPX2/LZTS1/FLRT2/FLRT3/LGI2/LRFN5/CBLN4/COLQ/SDK2/PCLO/LRRC4B/SYNDIG1/NRCAM/IL1RAPL1/NPTX1,48
GO:0071559,response to transforming growth factor beta,63/2098,293/18870,1.824935105072528e-7,7.792204525850125e-6,5.772840382686859e-6,COL1A1/ASPN/LOX/COL1A2/CTSK/HTRA1/COL3A1/SLC2A10/SRC/POSTN/EMILIN1/MXRA5/DNM3OS/CD109/TGFB1/DKK3/IL17RD/CILP/DDR2/FMOD/DAB2/PDGFD/ITGB5/TGFBR2/FYN/LTBP2/TGFB3/LTBP3/SPRED1/FBN1/TWSG1/NFATC1/VASN/TNXB/ZFP36L2/SMAD6/CLEC3B/LTBP1/PDE3A/PPARG/CHST11/COL4A2/SFRP1/NRROS/PENK/GDF10/LTBP4/TET1/SMAD9/SOX5/ITGB8/ADAMTSL2/THBS1/CIDEA/SPI1/FNDC4/RUNX3/CDKN2B/TGFBR3L/HTRA4/SOX11/FOS/WFIKKN1,63
GO:0090330,regulation of platelet aggregation,14/2098,27/18870,2.0759682464446383e-7,8.799377815404391e-6,6.519002860713973e-6,EMILIN1/EMILIN2/PRKCD/PRKCQ/MMRN1/PRKG1/SYK/CD9/F11R/C1QTNF1/ADAMTS18/UBASH3B/SERPINE2/CTSG,14
GO:0007044,cell-substrate junction assembly,29/2098,95/18870,2.435823231479619e-7,1.0249873554494311e-5,7.593599959616479e-6,MMP14/SRC/THY1/COL16A1/FN1/TRIP6/CDH11/S100A10/EPHA3/ACTN1/ITGA2/LAMA3/STON1/BCR/ACTG1/PHLDB2/ITGB4/FMN1/RHOD/SFRP1/EFNA5/PTK2B/ACTN2/THBS1/FAM107A/AJUBA/MYOC/SDC4/CAMSAP3,29
GO:0030316,osteoclast differentiation,31/2098,106/18870,2.774342758736639e-7,1.1509801246273648e-5,8.527015071378537e-6,SRC/NOTCH2/LRRC17/CD109/CCN4/CD81/MITF/GPR137B/TCIRG1/FBN1/GPC3/GAB2/CSF1R/LILRB4/FSTL3/TYROBP/SFRP1/CCR1/RASSF2/GPR68/SNX10/ANXA2/GPR183/KLF10/UBASH3B/TNFRSF11A/FOS/LILRB1/CCL3/OSCAR/ERFE,31
GO:1902107,positive regulation of leukocyte differentiation,45/2098,185/18870,2.804782034667059e-7,1.1509801246273648e-5,8.527015071378537e-6,MMP14/NOTCH2/GLI3/TGFB1/SOX4/MDK/AXL/TGFBR2/CD4/ID2/HLA-DRB1/RUNX1/CD74/LILRB4/NCKAP1L/IL34/ANXA1/HLA-DRA/TYROBP/GLI2/SYK/LGALS9/SASH3/BTK/BCL6/CASP8/CCR1/GPR68/SOX12/CD86/SPI1/IL4R/KLF10/IL2RG/HCLS1/LILRB2/RUNX3/ROR2/TOX/IL7R/FOS/NFKBID/TRIB1/PCK1/LEF1,45
GO:1903708,positive regulation of hemopoiesis,45/2098,185/18870,2.804782034667059e-7,1.1509801246273648e-5,8.527015071378537e-6,MMP14/NOTCH2/GLI3/TGFB1/SOX4/MDK/AXL/TGFBR2/CD4/ID2/HLA-DRB1/RUNX1/CD74/LILRB4/NCKAP1L/IL34/ANXA1/HLA-DRA/TYROBP/GLI2/SYK/LGALS9/SASH3/BTK/BCL6/CASP8/CCR1/GPR68/SOX12/CD86/SPI1/IL4R/KLF10/IL2RG/HCLS1/LILRB2/RUNX3/ROR2/TOX/IL7R/FOS/NFKBID/TRIB1/PCK1/LEF1,45
GO:0043491,phosphatidylinositol 3-kinase/protein kinase B signal transduction,62/2098,290/18870,2.8145200223365905e-7,1.1509801246273648e-5,8.527015071378537e-6,LOX/SRC/PDGFRB/TGFB1/FN1/RCN3/TPBG/SESN3/DCN/TWIST1/IGF1/LTK/DDR2/AXL/NTRK2/PDGFD/IGF2/F2R/MUSK/PTPN13/MEIS3/PLXNB1/GAB2/CAVIN3/CSF1R/PDGFRA/P2RX4/ERBB3/PPP2CA/F3/SEMA5A/PIK3AP1/HGF/F10/ROR1/TYRO3/MERTK/PIK3CG/NKX3-1/C1QTNF1/CHI3L1/FGF2/HCST/CCL21/FBXL2/NOX4/THBS1/SELP/PIK3R5/MYOC/HTR2B/AKR1C3/HCLS1/FCGR3A/CD28/ROR2/CCL5/LEP/CCL3/CSF3/HBEGF/ERFE,62
GO:0097530,granulocyte migration,40/2098,156/18870,2.89195699091092e-7,1.1743772200153646e-5,8.700352021974922e-6,JAM3/XG/CAMK1D/PPIB/LGALS3/MDK/CMKLR1/THBS4/RARRES2/SLAMF8/ITGB2/CSF1R/CD74/CCL22/NCKAP1L/DPP4/IL34/ANXA1/SAA1/SYK/CCL18/C3AR1/CCL14/MYD88/CXADR/FCER1G/PIK3CG/CCL21/IL17RA/THBS1/RAC3/CCL16/CXCL1/CCL3L3/TRPV4/CD300A/CCL5/CCL3/CXCL9/SCG2,40
GO:0032964,collagen biosynthetic process,19/2098,48/18870,3.2889646095265934e-7,1.3263206588556198e-5,9.826022192350283e-6,COL1A1/COL5A1/PCOLCE/EMILIN1/TGFB1/RCN3/TRAM2/VIM/DDR2/CREB3L1/P3H3/F2R/TGFB3/P3H4/ITGA2/RUNX1/INHBA/ADAMTS3/NPPC,19
GO:0072001,renal system development,67/2098,324/18870,3.4814290047201316e-7,1.3942522917524002e-5,1.0329292444494504e-5,NOTCH2/GLI3/PDGFRB/SOX4/DCHS1/PKD2/OSR1/GLIS2/NID1/SULF1/PTK7/PDGFD/SULF2/ID3/PLCE1/JMJD6/TTC8/PCSK5/CD34/ADAMTS16/PRICKLE1/FBN1/BASP1/LRRK2/PLXND1/CD24/GPC3/PDGFRA/DYNC2H1/WWTR1/LAMB2/CC2D2A/SOX8/SMAD6/KANK2/ANGPT2/FMN1/GLI2/SFRP1/MAGED1/SDC1/NKX3-1/FGF2/TMEM59L/GDF11/COL4A1/MMP17/CRLF1/OSR2/HS3ST3A1/TBX18/MMP9/LGR5/GCNT1/TACSTD2/PRDM1/ADIPOQ/KIF26B/RBP4/ADAMTS6/FOXC2/SDC4/IRX1/SOX11/CYP26B1/GDF6/EGR1,67
GO:1903707,negative regulation of hemopoiesis,33/2098,118/18870,3.6693535460099085e-7,1.4594476740876397e-5,1.0812291234709803e-5,GLI3/LRRC17/MDK/SNAI2/TMEM176A/TMEM176B/LOXL3/GPR137B/ID2/FBN1/RUNX1/CD74/CEBPA/LILRB4/FCGR2B/FSTL3/C1QC/ANXA1/FGL2/SFRP1/BCL6/GPR68/DTX1/INHBA/IL4R/IL17D/ADIPOQ/UBASH3B/RUNX3/LILRB1/TRIB1/CCL3/ERFE,33
GO:0150115,cell-substrate junction organization,30/2098,102/18870,3.7507176241993063e-7,1.4816610369881204e-5,1.0976858524957082e-5,MMP14/SRC/THY1/COL16A1/FN1/TRIP6/CDH11/S100A10/EPHA3/PRICKLE1/ACTN1/ITGA2/LAMA3/STON1/BCR/ACTG1/PHLDB2/ITGB4/FMN1/RHOD/SFRP1/EFNA5/PTK2B/ACTN2/THBS1/FAM107A/AJUBA/MYOC/SDC4/CAMSAP3,30
GO:0031214,biomineral tissue development,43/2098,175/18870,3.7985770816026955e-7,1.4904281833018144e-5,1.1041809767076968e-5,COL1A1/ASPN/LOX/TMEM119/COL1A2/TGFB1/ECM1/OSR1/MGP/TWIST1/IGF1/DDR2/TENT5A/P2RX7/SPP1/LTBP3/TCIRG1/PRICKLE1/FAM20A/GPC3/COMP/ENAM/PTN/ADGRV1/SLC20A2/ENPP1/CLEC3B/CCR1/PTK2B/SNX10/OSR2/KLF10/FAM83H/VDR/TBX1/PKDCC/PTHLH/ROR2/ALOX5/PHEX/PHOSPHO1/LEP/CCL3,43
GO:0032330,regulation of chondrocyte differentiation,20/2098,53/18870,4.061331314853574e-7,1.5828289225070273e-5,1.1726358942992978e-5,GLI3/ADAMTS7/CCN4/MDK/SNAI2/LTBP3/ADAMTS12/RUNX2/RARG/LOXL2/MBOAT2/EFEMP1/CCN2/FGF18/SHOX2/CHADL/SOX5/PKDCC/PTHLH/GDF6,20
GO:0061035,regulation of cartilage development,24/2098,72/18870,4.3279665384887624e-7,1.675500112600283e-5,1.2412911749335841e-5,CTSK/GLI3/BMP1/ADAMTS7/CCN4/MDK/SNAI2/FRZB/LTBP3/ADAMTS12/RUNX2/RARG/LOXL2/MBOAT2/EFEMP1/CCN2/FGF18/SHOX2/CHADL/SOX5/PKDCC/PTHLH/LEP/GDF6,24
GO:0060537,muscle tissue development,83/2098,433/18870,4.481911044118094e-7,1.7165418525513405e-5,1.271696872445656e-5,ELN/LOX/COL3A1/NOTCH2/COL19A1/CDON/PDGFRB/TGFB1/PKD2/OSR1/TWIST1/IGF1/CHRNA1/TENM4/IGF2/MYOM1/NEURL1/ID2/PRICKLE1/CHRND/EFEMP2/MYLK/PI16/NIBAN2/KCNJ11/PDGFRA/ALPK3/MEOX2/RPL3L/YBX3/RUNX1/ERBB3/PDLIM5/SOX8/SCN5A/MYH14/MSC/G6PD/ALPK2/SHOX2/COL11A1/MYOZ1/ASB2/MYOG/PRKG1/TCAP/CXADR/HLF/NRAP/FGF2/FZD7/MSX1/IFRD1/ACADM/ACTC1/MYLK2/PPARGC1A/BTG2/MEGF10/MYLK3/PLN/NOX4/MYOM2/ACTN2/TBX18/KLHL40/GATA6/TBX1/VGLL2/HOXD9/RBP4/FOXC2/ATF3/TNNT2/SOX11/FOS/GLI1/CYP26B1/EGR1/DSP/NR4A1/LEF1/MAFF,83
GO:0071621,granulocyte chemotaxis,35/2098,130/18870,4.4931007678285475e-7,1.7165418525513405e-5,1.271696872445656e-5,JAM3/CAMK1D/PPIB/LGALS3/MDK/CMKLR1/THBS4/RARRES2/ITGB2/CSF1R/CD74/CCL22/NCKAP1L/DPP4/IL34/ANXA1/SAA1/SYK/CCL18/C3AR1/CCL14/CXADR/FCER1G/PIK3CG/CCL21/IL17RA/THBS1/CCL16/CXCL1/CCL3L3/TRPV4/CCL5/CCL3/CXCL9/SCG2,35
GO:0030217,T cell differentiation,64/2098,307/18870,4.6936814082319014e-7,1.7814514991897155e-5,1.3197850647020146e-5,GLI3/TGFB1/SOX4/LIPA/MDK/TMEM98/STAT6/TGFBR2/LOXL3/CD4/JMJD6/TCIRG1/RUNX2/MR1/RORC/LEPR/ZFP36L2/HLA-DRB1/RUNX1/CD74/LILRB4/NCKAP1L/ANXA1/HLA-DRA/FGL2/GLI2/SYK/LGALS9/FCER1G/LFNG/ENTPD7/SASH3/FZD7/BCL6/RIPK3/SOX12/DTX1/SPN/DOCK2/CD86/SPI1/GPR183/IL4R/PRR7/IL2RG/PRDM1/LILRB2/IRF4/CD2/TNFSF8/CD28/RUNX3/IKZF3/TOX/IL7R/NFKBID/CD8A/PTPN22/LEP/SLAMF6/CYP26B1/EGR1/PCK1/LEF1,64
GO:0036230,granulocyte activation,19/2098,49/18870,4.813897152620494e-7,1.8152143354069614e-5,1.3447981997785344e-5,KARS1/GRN/ITGB2/PRKCD/FCGR2B/BCR/ANXA1/TYROBP/SYK/MYD88/FCER1G/ITGAM/FCER1A/SPI1/PTAFR/CTSG/CD300A/CCL5/CCL3,19
GO:0007265,Ras protein signal transduction,69/2098,341/18870,5.459977296264007e-7,2.0455540748003283e-5,1.515444971805161e-5,COL1A2/COL3A1/SRC/NOTCH2/LPAR1/STMN3/RAP2B/IGF1/SYNGAP1/PSD3/ADRA2A/SH2B2/RGL1/EPS8L2/APOE/PLD1/ARRB1/ARHGAP1/FBP1/SYDE1/SQSTM1/CDC42EP5/F2R/DOK1/PLCE1/RASGRP3/PLEKHG5/SHTN1/MYO9B/WASF1/AIF1/MFN2/DOK2/ARHGAP24/NTN1/G3BP2/RTKN/EPHB2/RAB12/ARHGAP4/BCR/NGFR/KANK2/RHOD/CYTH4/DOK4/F11R/PIK3CG/DOK5/FGF2/ABRA/BCL6/ARHGAP20/PSD2/CELSR1/ARHGEF28/GRAP/TIAM1/GPR65/MYOC/RASA4B/DHCR24/RAC3/RASAL3/WAS/RAB39A/F2RL2/DOK6/LPAR2,69
GO:0035567,non-canonical Wnt signaling pathway,23/2098,68/18870,5.577531571549725e-7,2.076200374101875e-5,1.5381492262431668e-5,SFRP2/SFRP4/CTHRC1/DAB2/FRZB/PTK7/PRICKLE2/PRICKLE1/FZD6/FZD1/GPC3/VANGL1/CELSR2/SFRP1/PLEKHA4/FZD7/CELSR1/LBX2/TIAM1/FZD2/MYOC/ARHGEF19/FZD10,23
GO:0050818,regulation of coagulation,24/2098,73/18870,5.772641511963532e-7,2.1351419910810336e-5,1.581816014709685e-5,EMILIN1/FAP/ANXA5/APOE/SERPING1/F2R/EMILIN2/PROCR/ST3GAL4/PDGFRA/PRKCD/EPHB2/F3/PRKG1/CD9/C1QTNF1/PROS1/TSPAN8/THBS1/ANXA2/ADAMTS18/UBASH3B/SERPINE2/PLAU,24
GO:0002504,antigen processing and presentation of peptide or polysaccharide antigen via MHC class II,16/2098,37/18870,6.720531612275078e-7,2.4391329420300863e-5,1.8070271512742266e-5,PYCARD/HLA-DRB1/UNC93B1/CD74/LGMN/FCGR2B/HLA-DRA/HLA-DPB1/CTSS/HLA-DQA1/HLA-DPA1/FCER1G/THBS1/HLA-DMB/MARCHF1/HLA-DRB5,16
GO:0010934,macrophage cytokine production,16/2098,37/18870,6.720531612275078e-7,2.4391329420300863e-5,1.8070271512742266e-5,SPON2/TGFB1/TWIST1/NOD1/AXL/ACP5/P2RX7/PYCARD/TGFB3/LAPTM5/CD74/MYD88/TLR7/PANX1/LILRB1/CARD9,16
GO:0010935,regulation of macrophage cytokine production,16/2098,37/18870,6.720531612275078e-7,2.4391329420300863e-5,1.8070271512742266e-5,SPON2/TGFB1/TWIST1/NOD1/AXL/ACP5/P2RX7/PYCARD/TGFB3/LAPTM5/CD74/MYD88/TLR7/PANX1/LILRB1/CARD9,16
GO:0007178,transmembrane receptor protein serine/threonine kinase signaling pathway,79/2098,410/18870,6.812681431863439e-7,2.457219942536086e-5,1.8204268723129046e-5,ASPN/LOX/SFRP2/COL1A2/HTRA1/COL3A1/SFRP4/SLC2A10/SRC/NBL1/EMILIN1/LRP1/NOTCH2/CD109/TGFB1/CCN3/DKK3/CHRDL1/IL17RD/VIM/FSTL1/CILP/FMOD/DAB2/SULF1/ITGB5/TGFBR2/LTBP2/TGFB3/LTBP3/RUNX2/SPRED1/FBN1/TWSG1/VASN/TNXB/UBE2D1/FZD1/GPC3/FST/TGIF2/CHRD/COMP/WWTR1/GDF7/FSTL3/SMAD6/LTBP1/PPARG/CHST11/SFRP1/NRROS/GREM2/GDF10/LTBP4/GDF11/TET1/MSX1/SMAD9/ACVR1C/ITGB8/INHBA/ADAMTSL2/THBS1/KCP/CIDEA/SPI1/GATA6/NOMO3/CDKN2B/TGFBR3L/HTRA4/SOX11/FOS/WFIKKN1/GDF6/EGR1/IGSF1/LEF1,79
GO:0034612,response to tumor necrosis factor,56/2098,259/18870,7.138311234427885e-7,2.55877613199523e-5,1.895664588376008e-5,COL1A1/CTSK/POSTN/ADAMTS7/TNFRSF14/TRAF5/PYCARD/TNFRSF21/ADAMTS12/EDA2R/TMSB4X/LRRK2/SPPL2A/AFF3/NFATC1/CXCL16/TUBA1A/CCDC3/ZFP36L2/LAPTM5/YBX3/CD14/PLVAP/CEBPA/CCL22/MYOG/SYK/CCL18/TRAF1/SLC2A4/CCL14/SFRP1/TNFRSF25/TNFRSF19/NKX3-1/CHI3L1/VCAM1/CASP8/PTK2B/CCL21/NAIP/PCK2/THBS1/AKAP12/HYAL3/FABP4/SPHK1/ADIPOQ/CCL16/TNFRSF11A/CCL3L3/SLC22A5/FOS/CCL5/CCL3/PCK1,56
GO:0046849,bone remodeling,27/2098,89/18870,7.191074574480923e-7,2.5618754634362405e-5,1.8979607223702634e-5,TMEM119/CTSK/SRC/NOTCH2/CTHRC1/MDK/MITF/ACP5/P2RX7/SPP1/GPR137B/LTBP3/TCIRG1/LEPR/CSF1R/P3H4/PTN/SYK/SFRP1/PTK2B/RASSF2/NOX4/SNX10/PDK4/UBASH3B/TNFRSF11A/LEP,27
GO:0060349,bone morphogenesis,29/2098,100/18870,8.076643455074587e-7,2.8332709103533293e-5,2.099023539759466e-5,COL1A1/TMEM119/MMP14/COL3A1/SFRP4/GLI3/THBS3/TWIST1/TGFBR2/MMP16/ACP5/FREM1/TGFB3/LTBP3/RUNX2/RARG/DHRS3/TSKU/COMP/CSGALNACT1/FGF18/NAB2/SHOX2/MSX1/OSR2/NPPC/TRPV4/PHOSPHO1/CYP26B1,29
GO:0030048,actin filament-based movement,35/2098,133/18870,8.099241796429356e-7,2.8332709103533293e-5,2.099023539759466e-5,MYO1D/PARVA/WIPF1/MYH8/GSN/KCNJ5/SHTN1/MYO9B/MYH10/MYH3/PDE4D/SNTA1/CACNA1C/SCN5A/JUP/MYH14/MYO1B/GPD1L/MYO5C/CACNB2/KCNE4/ACTC1/FLNA/MYLK2/PLN/ATP2A2/KCND3/SCN2B/ATP2A1/MYO15A/KCNE2/MYO5B/WAS/TNNT2/DSP,35
GO:0050868,negative regulation of T cell activation,35/2098,133/18870,8.099241796429356e-7,2.8332709103533293e-5,2.099023539759466e-5,GPNMB/GLI3/TNFRSF14/LGALS3/MDK/LOXL3/TNFRSF21/TWSG1/PAG1/HLA-DRB1/LAPTM5/HAVCR2/RUNX1/CD74/LILRB4/FCGR2B/NCKAP1L/ANXA1/FGL2/VSIG4/LGALS9/BCL6/DTX1/SPN/PDCD1LG2/CD86/IL4R/LILRB2/TNFAIP8L2/RUNX3/CTSG/SDC4/CD300A/LILRB1/PTPN22,35
GO:0110053,regulation of actin filament organization,58/2098,273/18870,8.36677956321216e-7,2.9093346660822167e-5,2.1553752332082003e-5,ELN/LIMA1/KIRREL1/LPAR1/ADD3/CAPG/PLEKHH2/SPTAN1/S100A10/TMSB10/PYCARD/CDC42EP5/TGFB3/CORO1B/ARPC5/TTC8/GSN/TMSB4X/ARHGEF10/TENM1/WASF1/FCHSD1/PRKCD/SWAP70/CARMIL1/NCKAP1L/CCN2/SEMA5A/ACTG1/PHLDB2/LMOD1/KANK2/TACR1/FMN1/SYNPO/SPTB/SFRP1/VILL/F11R/COTL1/RHPN1/PTK2B/FLNA/CCL21/PLEK/ACTN2/CGNL1/BAIAP2/GPR65/MYOC/TACSTD2/HCLS1/MAGEL2/WAS/SDC4/CORO1A/FRMD7/CSF3,58
GO:0002291,T cell activation via T cell receptor contact with antigen bound to MHC molecule on antigen presenting cell,8/2098,10/18870,8.439627582223546e-7,2.9171974624983413e-5,2.1612003714628844e-5,CD81/LGALS3/HAVCR2/FGL2/LGALS9/APBB1IP/HLA-DMB/LILRB1,8
GO:0097305,response to alcohol,55/2098,254/18870,8.511225175773808e-7,2.924537550042515e-5,2.1666382618117442e-5,CTSK/SLC23A2/SLIT3/TGFB1/LIPA/ADCY3/TGFBR2/FYN/ADCY7/AHR/FBP1/PRKAA2/ADCY2/IGFBP7/GNG2/GABBR1/MAOB/CD14/CYBB/PRKD1/JUP/G6PD/PTGER2/TACR1/SLC2A4/SFRP1/MYD88/PENK/GOT2/PTGFR/EFNA5/VCAM1/CASP8/GNAI1/PTK2B/CCL21/PTGDR/INHBA/RGS19/SOD2/CNR1/TNC/AKR1C3/ADIPOQ/CDO1/NPPC/MAP4K1/TNFRSF11A/FOS/CCR5/LEP/CARD9/CCL3/PCK1/CSF3,55
GO:0006941,striated muscle contraction,44/2098,186/18870,8.634328412016982e-7,2.949385005210742e-5,2.185046453245412e-5,MYH8/CHRNA1/SYNM/MYBPH/GSN/KCNJ5/CHRND/MYH3/PDE4D/SNTA1/DTNA/P2RX4/CACNA1C/SCN5A/PRKD1/JUP/MYH14/GPD1L/TCAP/TMEM38A/DMPK/KBTBD13/CLIC2/ATP1B1/PIK3CG/EHD3/CACNB2/KCNE4/FLNA/MYLK2/PLN/ATP2A2/KCND3/SCN2B/MAP2K6/CXCR4/MYL4/ATP2A1/PGAM2/KCNE2/TRPV4/TNNT2/DSP/NR4A1,44
GO:0048706,embryonic skeletal system development,34/2098,128/18870,9.165068599540082e-7,3.1123715413759795e-5,2.3057947286131314e-5,COL1A1/MMP14/SLC2A10/GLI3/OSR1/TWIST1/SULF1/SULF2/TGFBR2/MMP16/TGFB3/PCSK5/RUNX2/PDGFRA/HOXD3/SHOX2/COL11A1/HOXC4/CHST11/XYLT1/HOXB5/HOXD4/HOXB6/MDFI/OSR2/GSC/SATB2/TBX1/HOXD9/RBP4/MTHFD1L/FOXC2/HAND2/SOX11,34
GO:0071560,cellular response to transforming growth factor beta stimulus,60/2098,287/18870,9.602936284228157e-7,3.23270282620855e-5,2.3949419395311185e-5,COL1A1/ASPN/LOX/COL1A2/CTSK/HTRA1/COL3A1/SLC2A10/SRC/POSTN/EMILIN1/DNM3OS/CD109/TGFB1/DKK3/IL17RD/CILP/DDR2/FMOD/DAB2/PDGFD/ITGB5/TGFBR2/FYN/LTBP2/TGFB3/LTBP3/SPRED1/FBN1/TWSG1/NFATC1/VASN/TNXB/ZFP36L2/SMAD6/CLEC3B/LTBP1/PDE3A/PPARG/CHST11/COL4A2/SFRP1/NRROS/PENK/GDF10/LTBP4/TET1/SMAD9/SOX5/ITGB8/ADAMTSL2/THBS1/CIDEA/SPI1/CDKN2B/TGFBR3L/HTRA4/SOX11/FOS/WFIKKN1,60
GO:0048041,focal adhesion assembly,26/2098,85/18870,9.630748905356968e-7,3.23270282620855e-5,2.3949419395311185e-5,MMP14/SRC/THY1/COL16A1/TRIP6/CDH11/S100A10/EPHA3/ACTN1/ITGA2/STON1/BCR/ACTG1/PHLDB2/FMN1/RHOD/SFRP1/EFNA5/PTK2B/ACTN2/THBS1/FAM107A/AJUBA/MYOC/SDC4/CAMSAP3,26
GO:1900046,regulation of hemostasis,23/2098,70/18870,9.991549311297864e-7,3.334536025902684e-5,2.4703848781170217e-5,EMILIN1/FAP/APOE/SERPING1/F2R/EMILIN2/ST3GAL4/PDGFRA/COMP/PRKCD/EPHB2/F3/PRKG1/CD9/C1QTNF1/PROS1/TSPAN8/THBS1/ANXA2/ADAMTS18/UBASH3B/SERPINE2/PLAU,23
GO:0034110,regulation of homotypic cell-cell adhesion,15/2098,34/18870,1.0996735225974425e-6,3.649030940413342e-5,2.703377856755337e-5,EMILIN1/EMILIN2/PRKCD/PRKCQ/MMRN1/PRKG1/SYK/CD9/F11R/C1QTNF1/ADAMTS18/UBASH3B/SERPINE2/CTSG/CCL5,15
GO:0003018,vascular process in circulatory system,57/2098,269/18870,1.13305597302619e-6,3.738440929183571e-5,2.769617082391171e-5,UTS2R/MMP2/SLC2A10/SRC/LRP1/TGFB1/VSTM4/ADD3/SLCO2B1/BDKRB2/ADRA2A/SLC44A1/SLC16A2/APOE/F2R/FAAH/SLC2A13/LEPR/SLC7A2/SLC7A1/COMP/SNTA1/PLVAP/SOD3/HRH1/PTP4A3/BCR/PDE3A/TACR1/PRKG1/SLC2A4/HTR7/P2RY2/SLC4A3/SLC6A9/SLC1A5/SLC38A2/MYLK3/SLC22A3/CYSLTR1/ABCC4/AKAP12/SOD2/ABCG2/SMTNL1/HRH2/HTR2B/P2RY1/NPPC/FOXC2/SLC38A5/TRPV4/ABCC3/SLC22A5/ADRB1/LEP/SLC6A20,57
GO:0060021,roof of mouth development,27/2098,91/18870,1.17001788438508e-6,3.8385840986577164e-5,2.8438079651988236e-5,GLI3/OSR1/TWIST1/SNAI2/EPHB3/TGFBR2/LOXL3/TGFB3/DHRS3/FZD1/PDGFRA/MEOX2/EPHB2/MSC/GDF11/MSX1/ITGB8/OSR2/INHBA/SATB2/FZD2/TBX1/PKDCC/HAND2/SOX11/WFIKKN1/LEF1,27
GO:0002761,regulation of myeloid leukocyte differentiation,33/2098,124/18870,1.2588090337625952e-6,4.056907540549541e-5,3.0055524853354797e-5,NOTCH2/LRRC17/TGFB1/MITF/CD4/GPR137B/ID2/FBN1/HLA-DRB1/RUNX1/CD74/LILRB4/FSTL3/C1QC/IL34/TYROBP/SFRP1/CASP8/CCR1/RASSF2/GPR68/INHBA/KLF10/HCLS1/ADIPOQ/UBASH3B/ROR2/FOS/LILRB1/TRIB1/CCL3/LEF1/ERFE,33
GO:0002285,lymphocyte activation involved in immune response,48/2098,213/18870,1.2645088080583209e-6,4.056907540549541e-5,3.0055524853354797e-5,NOTCH2/TGFB1/CD81/LGALS3/MDK/TMEM98/STAT6/LOXL3/DOCK11/RORC/ITM2A/HLA-DRB1/HAVCR2/CD74/SWAP70/FCGR2B/DOCK10/NCKAP1L/ANXA1/HLA-DRA/FGL2/IRF8/LGALS9/FCER1G/LFNG/ENTPD7/APBB1IP/BCL6/PTK2B/SPN/HLA-DMB/CD86/SPI1/GPR183/IL4R/IRF4/LCP1/FCGR3A/CD28/NKG7/CD180/LILRB1/NFKBID/CORO1A/SLAMF6/PCK1/LEF1/CD40LG,48
GO:0009612,response to mechanical stimulus,48/2098,213/18870,1.2645088080583209e-6,4.056907540549541e-5,3.0055524853354797e-5,COL1A1/MMP14/MMP2/SRC/POSTN/PKD2/MDK/MAP1B/PIEZO2/DDR2/PIEZO1/FYN/P2RX7/GSN/BDKRB1/CNN2/TUBA1A/IL33/BACE1/PKD2L2/ITGA2/PTN/ADGRV1/PPL/JUP/COL11A1/ANGPT2/TACR1/TCAP/MYD88/TLR7/KCNA1/F11R/CHI3L1/FGF2/CASP8/SLC38A2/PTK2B/BTG2/THBS1/GADD45A/CXCR4/TNC/P2RY1/SERPINE2/TNFRSF11A/TRPV4/FOS,48
GO:1901888,regulation of cell junction assembly,48/2098,213/18870,1.2645088080583209e-6,4.056907540549541e-5,3.0055524853354797e-5,MMP14/THBS2/SRC/THY1/COL16A1/TPBG/APP/SNAI2/EPHB3/NTRK2/S100A10/EPHA3/LRRN3/MUSK/CLSTN3/PTPN13/ST8SIA2/FZD1/NLGN2/MDGA1/NTN1/PTPRS/PDLIM5/PTPRD/AGRN/EPHB2/ACTG1/PHLDB2/FMN1/SFRP1/CLSTN2/F11R/EFNA5/PTK2B/SRPX2/THBS1/LZTS1/FAM107A/FLRT2/MYOC/FLRT3/LRFN5/COLQ/SDC4/LRRC4B/SYNDIG1/IL1RAPL1/CAMSAP3,48
GO:0016485,protein processing,53/2098,245/18870,1.3791687332881986e-6,4.4004576012113015e-5,3.2600709155285526e-5,ADAMTS2/MMP14/SPON1/SRC/GLI3/C1R/CPXM1/AEBP1/CPXM2/BMP1/FXN/TMEM98/GAS1/S100A10/BACE2/CTSZ/MMP16/P2RX7/IFT52/PCSK5/GSN/LRRK2/PERP/BACE1/CPE/COMP/DYNC2H1/RUNX1/LGMN/CIDEB/F3/DPP4/TLL1/CLEC3B/ECEL1/IFI16/CPM/CTSS/MELTF/ATP23/CPA3/CASP8/CCBE1/THBS1/ANXA2/DHCR24/PRSS12/ADAMTS3/SERPINE2/CTSG/PLA2G7/PHEX/PLAU,53
GO:0051960,regulation of nervous system development,86/2098,466/18870,1.4548919587745164e-6,4.598394841548837e-5,3.406712355761214e-5,THBS2/CRABP2/GLI3/CDON/THY1/PLXNB2/TGFB1/FN1/TPBG/MDK/TMEM98/MAP1B/NFATC4/EPHB3/VCAN/SYNGAP1/NTRK2/ID4/S100A10/TENM4/CAPRIN2/LRRN3/SPP1/CLSTN3/PTPN13/ST8SIA2/TNFRSF21/NEURL1/PLXNB1/DBN1/ID2/SHTN1/RARG/PLXND1/NUMBL/IL33/SEMA3B/NLGN2/NTN1/PTN/PTPRS/PTPRD/PLXNB3/AGRN/SOX8/EPHB2/PLXNA3/ARHGAP4/IL34/SEMA5A/SHOX2/JAM2/SEMA3D/TRPV2/CLSTN2/MAP6/PLXNC1/FGF2/EFNA5/IFRD1/GJC2/BTG2/SRPX2/CYSLTR1/BAIAP2/TIAM1/ANXA2/CXCR4/ACAN/FLRT2/FLRT3/SEMA3A/PLXNA4/SERPINE2/ZNF365/ITGAX/CDKN2B/CHODL/SOX11/LRRC4B/ZNF488/SYNDIG1/IL1RAPL1/HES6/LEF1/LDLR,86
GO:0016051,carbohydrate biosynthetic process,48/2098,214/18870,1.457042622429802e-6,4.598394841548837e-5,3.406712355761214e-5,TGFB1/DSEL/DSE/IGF1/C1QTNF3/CHST14/IGF2/FBP1/LEPR/ST3GAL4/PGP/PDK2/MDH2/ENO2/HRH1/CSGALNACT1/G6PD/ENPP1/PRKG1/CHST11/GYG1/GOT1/UST/PPP1R3C/ACADM/PTK2B/PPARGC1A/PLEK/B3GALT1/PCK2/PPP1R3G/PPP1R3A/B3GALNT1/PGM1/PTAFR/GPT2/P2RY1/ENO3/PGAM2/ADIPOQ/ST6GALNAC6/RBP4/SDS/ATF3/GYG2/LEP/PCK1/ERFE,48
GO:0051963,regulation of synapse assembly,31/2098,114/18870,1.5879867414599297e-6,4.98456162576098e-5,3.692803307167415e-5,THBS2/TPBG/APP/EPHB3/NTRK2/LRRN3/MUSK/CLSTN3/PTPN13/ST8SIA2/FZD1/NLGN2/MDGA1/NTN1/PTPRS/PDLIM5/PTPRD/AGRN/EPHB2/CLSTN2/EFNA5/PTK2B/SRPX2/LZTS1/FLRT2/FLRT3/LRFN5/COLQ/LRRC4B/SYNDIG1/IL1RAPL1,31
GO:0051495,positive regulation of cytoskeleton organization,43/2098,184/18870,1.6169216366242462e-6,5.0480988945575257e-5,3.739874775825294e-5,KIRREL1/LPAR1/ADD3/MAP1B/S100A10/P2RX7/PYCARD/NAV3/CDC42EP5/TGFB3/GSN/ARHGEF10/TENM1/WASF1/FCHSD1/SWAP70/CARMIL1/PRKD1/NCKAP1L/PLXNA3/CCN2/SEMA5A/LMOD1/TACR1/FMN1/SYNPO/SFRP1/NES/PTK2B/FLNA/CCL21/MYLK3/PLEK/ACTN2/BAIAP2/GPR65/MYOC/ANKRD53/MAGEL2/TRPV4/SDC4/CSF3/MAPK15,43
GO:0002275,myeloid cell activation involved in immune response,28/2098,98/18870,1.7255434137518996e-6,5.333943846887965e-5,3.951642482708005e-5,KARS1/PYCARD/GRN/CD84/S100A13/IL33/GAB2/ITGB2/HAVCR2/BCR/TYROBP/MILR1/SYK/SUCNR1/MYD88/LGALS9/FCER1G/ITGAM/PIK3CG/BTK/PTGDR/FCER1A/DOCK2/SPI1/IL4R/PTAFR/CD300A/CCL3,28
GO:0002495,antigen processing and presentation of peptide antigen via MHC class II,15/2098,35/18870,1.7268493942051617e-6,5.333943846887965e-5,3.951642482708005e-5,PYCARD/HLA-DRB1/UNC93B1/CD74/LGMN/FCGR2B/HLA-DRA/HLA-DPB1/CTSS/HLA-DQA1/HLA-DPA1/FCER1G/HLA-DMB/MARCHF1/HLA-DRB5,15
GO:0014823,response to activity,23/2098,72/18870,1.7415677454815598e-6,5.3509438613817025e-5,3.9642369121599196e-5,MMP2/POSTN/PRKAA2/NFATC1/ITGA2/HDAC5/HADH/ANGPT2/MYOG/COL4A2/ADSS1/METRNL/SLC38A2/PPARGC1A/FNDC5/PERM1/SOD2/CXCR4/SMTNL1/ADIPOQ/FOS/LEP/PCK1,23
GO:0035767,endothelial cell chemotaxis,14/2098,31/18870,1.781663010728e-6,5.445324791209208e-5,4.0341588503298264e-5,CCN3/CORO1B/SMOC2/PLEKHG5/TMSB4X/P2RX4/LGMN/PRKD1/FGF16/FGF18/SEMA5A/FGF2/THBS1/NR4A1,14
GO:0002688,regulation of leukocyte chemotaxis,33/2098,126/18870,1.8541536372919162e-6,5.607849047788624e-5,4.1545646467171396e-5,NBL1/JAM3/CAMK1D/CCN3/MDK/CMKLR1/THBS4/RARRES2/AIF1/SLAMF8/CSF1R/PTN/CD74/LGMN/SWAP70/VEGFD/NCKAP1L/DPP4/IL34/MMP28/C3AR1/LGALS9/CCR1/PTK2B/CCL21/THBS1/TMEM102/SPI1/GPSM3/TRPV4/PLA2G7/CCL5/CCL3,33
GO:2000027,regulation of animal organ morphogenesis,33/2098,126/18870,1.8541536372919162e-6,5.607849047788624e-5,4.1545646467171396e-5,SFRP2/CTHRC1/SNAI2/DAB2/SULF1/PTK7/PRICKLE2/FGF7/RUNX2/CD34/PRICKLE1/FZD6/DMRT3/FZD1/GPC3/VANGL1/SOX8/CELSR2/NGFR/JHY/HGF/SFRP1/MAGED1/FGF2/PLEKHA4/FZD7/MSX1/CELSR1/TIAM1/FZD2/TBX1/TACSTD2/ARHGEF19,33
GO:0030041,actin filament polymerization,40/2098,167/18870,1.9128469103281468e-6,5.755389641593548e-5,4.263869824112973e-5,ELN/KIRREL1/ADD3/CAPG/SPTAN1/TMSB10/PYCARD/CDC42EP5/ARPC5/GSN/TMSB4X/TENM1/WASF1/INF2/MICALL2/AIF1/COBL/FCHSD1/GAS7/PRKCD/CARMIL1/NCKAP1L/LMOD1/KANK2/FMN1/SPTB/VILL/ANG/COTL1/FHDC1/PTK2B/CCL21/BAIAP2/FAM107A/PSTPIP1/HCLS1/WAS/PSTPIP2/CORO1A/CSF3,40
GO:0032642,regulation of chemokine production,29/2098,104/18870,1.958931440617058e-6,5.839289875001274e-5,4.3260271576283084e-5,POSTN/TGFB1/APP/TWIST1/SNAI2/C1QTNF3/PYCARD/CD84/MBP/IL33/AIF1/CSF1R/HAVCR2/ACKR1/CD74/LILRB4/SYK/MYD88/LGALS9/TLR7/IL17RA/IL4R/ADIPOQ/TRPV4/TLR9/ADCYAP1/CARD9/EGR1/CLEC7A,29
GO:0090175,regulation of establishment of planar polarity,19/2098,53/18870,1.960842992294211e-6,5.839289875001274e-5,4.3260271576283084e-5,SFRP2/CTHRC1/DAB2/PTK7/PRICKLE2/PRICKLE1/FZD6/FZD1/GPC3/VANGL1/CELSR2/JHY/SFRP1/PLEKHA4/FZD7/CELSR1/TIAM1/FZD2/ARHGEF19,19
GO:0043087,regulation of GTPase activity,62/2098,307/18870,2.158590229421074e-6,6.395374215432743e-5,4.738001217853883e-5,THY1/TBC1D16/PLXNB2/STMN3/TBC1D2B/EPHB3/NTRK2/SRGAP2/S100A10/RGL1/SH3BP4/TBC1D4/EPHA3/RGS11/SYDE1/GPR137B/ADAP2/F2R/GPSM1/PLXNB1/FGD1/DOCK11/RASGRP3/ARHGEF10/LRRK2/ARHGEF26/VAV2/PLXND1/TBC1D8B/ARHGAP24/FGD2/PLXNB3/AGRN/AGAP11/ARHGAP22/CCL22/DOCK10/PLXNA3/BCR/PRKG1/CCL18/CCL14/SFRP1/PLXNC1/EFNA5/CCL21/CHN1/RGS9/ARHGAP45/TIAM1/GMIP/GPR65/PLXNA4/CCL16/RGS1/CCL3L3/ARHGEF19/ADRB1/CCL5/FZD10/ADCYAP1/CCL3,62
GO:0030193,regulation of blood coagulation,22/2098,68/18870,2.2913200209390586e-6,6.754160082026962e-5,5.003807066832986e-5,EMILIN1/FAP/APOE/SERPING1/F2R/EMILIN2/ST3GAL4/PDGFRA/PRKCD/EPHB2/F3/PRKG1/CD9/C1QTNF1/PROS1/TSPAN8/THBS1/ANXA2/ADAMTS18/UBASH3B/SERPINE2/PLAU,22
GO:0046634,regulation of alpha-beta T cell activation,31/2098,116/18870,2.374909545921102e-6,6.965201885436282e-5,5.160156998500555e-5,GLI3/TNFRSF14/CD81/TGFBR2/LOXL3/TWSG1/HLA-DRB1/RUNX1/PRKCQ/LILRB4/NCKAP1L/ANXA1/HLA-DRA/SYK/LGALS9/SASH3/MAPK8IP1/BCL6/CD86/IL4R/IL2RG/PRDM1/IRF4/RASAL3/CD28/RUNX3/CD300A/LILRB1/NFKBID/PTPN22/HSPH1,31
GO:0035987,endodermal cell differentiation,18/2098,49/18870,2.42151163087533e-6,6.996988420341533e-5,5.183705994387145e-5,COL5A2/MMP14/MMP2/COL5A1/COL6A1/COL8A1/FN1/COL12A1/ITGB5/ITGB2/LAMB1/LAMA3/COL11A1/COL4A2/INHBA/MMP9/GATA6/ITGA4,18
GO:0060071,"Wnt signaling pathway, planar cell polarity pathway",18/2098,49/18870,2.42151163087533e-6,6.996988420341533e-5,5.183705994387145e-5,SFRP2/CTHRC1/DAB2/PTK7/PRICKLE2/PRICKLE1/FZD6/FZD1/GPC3/VANGL1/CELSR2/SFRP1/PLEKHA4/FZD7/CELSR1/TIAM1/FZD2/ARHGEF19,18
GO:0032602,chemokine production,29/2098,105/18870,2.421895423607109e-6,6.996988420341533e-5,5.183705994387145e-5,POSTN/TGFB1/APP/TWIST1/SNAI2/C1QTNF3/PYCARD/CD84/MBP/IL33/AIF1/CSF1R/HAVCR2/ACKR1/CD74/LILRB4/SYK/MYD88/LGALS9/TLR7/IL17RA/IL4R/ADIPOQ/TRPV4/TLR9/ADCYAP1/CARD9/EGR1/CLEC7A,29
GO:0071711,basement membrane organization,15/2098,36/18870,2.6565414746558002e-6,7.635444569621546e-5,5.6567050576062024e-5,COL3A1/HMCN1/NID2/PHLDB1/NID1/PXDN/LAMA2/PRICKLE1/LAMB1/LAMB2/PHLDB2/CTSS/COL4A1/MMP11/FLRT2,15
GO:1902106,negative regulation of leukocyte differentiation,30/2098,111/18870,2.6691841701966143e-6,7.635444569621546e-5,5.6567050576062024e-5,GLI3/LRRC17/MDK/TMEM176A/TMEM176B/LOXL3/GPR137B/ID2/FBN1/RUNX1/CD74/LILRB4/FCGR2B/FSTL3/C1QC/ANXA1/FGL2/SFRP1/BCL6/GPR68/DTX1/INHBA/IL4R/ADIPOQ/UBASH3B/RUNX3/LILRB1/TRIB1/CCL3/ERFE,30
GO:0071356,cellular response to tumor necrosis factor,51/2098,238/18870,2.895243221230446e-6,8.241508522394706e-5,6.105706421655744e-5,COL1A1/CTSK/POSTN/ADAMTS7/TNFRSF14/TRAF5/PYCARD/TNFRSF21/ADAMTS12/EDA2R/TMSB4X/LRRK2/SPPL2A/NFATC1/CCDC3/ZFP36L2/LAPTM5/YBX3/PLVAP/CEBPA/CCL22/MYOG/SYK/CCL18/TRAF1/SLC2A4/CCL14/SFRP1/TNFRSF25/TNFRSF19/NKX3-1/CHI3L1/VCAM1/CASP8/PTK2B/CCL21/NAIP/PCK2/THBS1/AKAP12/HYAL3/FABP4/SPHK1/ADIPOQ/CCL16/TNFRSF11A/CCL3L3/FOS/CCL5/CCL3/PCK1,51
GO:0030574,collagen catabolic process,17/2098,45/18870,2.9376089210313594e-6,8.32131463630688e-5,6.164830634277365e-5,ADAMTS2/MMP14/MMP2/CTSK/MRC2/FAP/MMP16/CST3/ADAMTS14/MMP28/CTSS/MMP17/MMP11/MMP9/RETREG1/ADAMTS3/MMP3,17
GO:0032102,negative regulation of response to external stimulus,87/2098,481/18870,2.9603273125521565e-6,8.344961506791443e-5,6.182349374757621e-5,SRC/NBL1/CD109/TGFB1/CCN3/MDK/NT5E/IGF1/C1QTNF3/FAP/FYN/APOE/AHR/ACP5/SERPING1/SPP1/GRN/CORO1B/IL10RA/PPP6C/RAB7B/CD200/IL33/SEMA3B/BACE1/HLA-DRB1/AIF1/SUSD4/SLAMF8/PDGFRA/NT5C2/HAVCR2/PRKCD/PTPRS/FCGR2B/PLXNA3/MMRN1/PTGIS/BCR/DPP4/SEMA5A/FEM1A/HGF/MYOZ1/PHLDB2/MMP28/FGL2/SEMA3D/ANGPT2/ELF4/IFI16/PRKG1/PPARG/SAA1/VSIG4/SYK/CD9/TYRO3/LGALS9/NR1H3/C1QTNF1/FGF2/METRNL/PROS1/PPM1B/FBXL2/TSPAN8/THBS1/SPN/ANXA2/CD200R1/SEMA3A/FNDC4/TNFAIP8L2/ADAMTS18/ADIPOQ/LRFN5/UBASH3B/SERPINE2/AOAH/ALOX5/LILRB1/PTPN22/TRIB1/LEP/PLAU/LDLR,87
GO:0002286,T cell activation involved in immune response,32/2098,123/18870,3.08386837765515e-6,8.651219163789109e-5,6.409239796326774e-5,CD81/LGALS3/MDK/TMEM98/STAT6/LOXL3/RORC/HLA-DRB1/HAVCR2/CD74/FCGR2B/NCKAP1L/ANXA1/HLA-DRA/FGL2/LGALS9/FCER1G/ENTPD7/APBB1IP/BCL6/SPN/HLA-DMB/CD86/GPR183/IL4R/IRF4/LCP1/LILRB1/NFKBID/SLAMF6/PCK1/LEF1,32
GO:0010001,glial cell differentiation,53/2098,252/18870,3.354473711290311e-6,9.365110019934055e-5,6.938124523301368e-5,MXRA8/LRP1/GLI3/LPAR1/TGFB1/SOX4/APP/MDK/VIM/TMEM98/VCAN/NTRK2/ID4/TENM4/GRN/BOK/LAMA2/TNFRSF21/CLU/ID2/ARHGEF10/TUBA1A/IL33/PTN/LAMB2/ERBB3/SOX8/C1QA/IL34/NAB2/ITGB4/NDRG1/ROR1/MYD88/NRROS/PRDM8/GPR157/FGF2/ADGRG6/DTX1/PLP1/CXCR4/POU3F1/ACAN/MYOC/SERPINE2/ZNF365/ROR2/SOX11/ZNF488/PHGDH/LEF1/LDLR,53
GO:0061082,myeloid leukocyte cytokine production,18/2098,50/18870,3.392223299037031e-6,9.425186936606718e-5,6.982632396456482e-5,SPON2/TGFB1/TWIST1/NOD1/AXL/ACP5/P2RX7/PYCARD/TGFB3/LAPTM5/CD74/SYK/MYD88/TLR7/BCL6/PANX1/LILRB1/CARD9,18
GO:0048246,macrophage chemotaxis,16/2098,41/18870,3.4834725744599342e-6,9.632631066613732e-5,7.136316998404889e-5,MMP2/LGALS3/MDK/CMKLR1/RARRES2/SLAMF8/CSF1R/IL34/MMP28/SAA1/C3AR1/PTK2B/THBS1/TRPV4/CCL5/CCL3,16
GO:0051146,striated muscle cell differentiation,61/2098,305/18870,3.610929242498916e-6,9.937756450801518e-5,7.362368577746606e-5,TMEM119/MMP14/PTGFRN/CDON/PDGFRB/DOCK1/TGFB1/ADAM12/CD81/CCN3/IGF1/PIEZO1/IGF2/ADAMTS15/PRICKLE1/MYH3/PI16/NIBAN2/PDGFRA/ALPK3/RPL3L/HDAC5/PDLIM5/PRKD1/G6PD/ALPK2/FLNC/ACTG1/SHOX2/JAM2/MYOZ1/LMOD1/ASB2/MYOG/PRKG1/TCAP/DMPK/CD9/CXADR/SDC1/NRAP/FZD7/MSX1/ACADM/ACTC1/MYLK3/NOX4/MYOM2/CD53/ACTN2/DOCK2/TBX18/MYL9/IL4R/KLHL40/GATA6/TBX1/MYMX/TNNT2/CYP26B1/CXCL9,61
GO:0002690,positive regulation of leukocyte chemotaxis,27/2098,96/18870,3.6557298422029894e-6,1.0013595846072056e-4,7.41855405416267e-5,CAMK1D/MDK/CMKLR1/THBS4/RARRES2/AIF1/CSF1R/PTN/CD74/LGMN/SWAP70/VEGFD/NCKAP1L/IL34/C3AR1/LGALS9/CCR1/PTK2B/CCL21/THBS1/TMEM102/SPI1/GPSM3/TRPV4/PLA2G7/CCL5/CCL3,27
GO:0002455,humoral immune response mediated by circulating immunoglobulin,19/2098,55/18870,3.7132619695014068e-6,1.012343298445759e-4,7.499926695998147e-5,C1R/C1S/CD81/SVEP1/C2/SERPING1/C7/C3/CLU/SUSD4/FCGR2B/C1QA/C1QC/C1QB/C4B/C4A/C6/NCR3LG1/FCER2,19
GO:0035710,"CD4-positive, alpha-beta T cell activation",31/2098,119/18870,4.244657552688619e-6,1.1518096452552713e-4,8.5331605596844e-5,CD81/TMEM98/STAT6/TGFBR2/LOXL3/TCIRG1/RORC/TWSG1/HLA-DRB1/RUNX1/PRKCQ/NCKAP1L/ANXA1/HLA-DRA/LGALS9/ENTPD7/SASH3/BCL6/SPN/CD86/GPR183/IL4R/IL2RG/IRF4/CD28/RUNX3/TOX/NKG7/NFKBID/SLAMF6/LEF1,31
GO:0002063,chondrocyte development,14/2098,33/18870,4.4341786365194834e-6,1.1879295973672196e-4,8.800754560176604e-5,SFRP2/ECM1/SULF1/SULF2/TGFBR2/RUNX2/RARG/TSKU/COMP/FGF18/SHOX2/COL11A1/CHST11/PTHLH,14
GO:0045577,regulation of B cell differentiation,14/2098,33/18870,4.4341786365194834e-6,1.1879295973672196e-4,8.800754560176604e-5,MMP14/ID2/ZFP36L2/SLAMF8/NCKAP1L/SYK/SFRP1/BTK/BCL6/INHBA/SPI1/IL2RG/IKZF3/TLR9,14
GO:0010721,negative regulation of cell development,58/2098,287/18870,4.439137637828253e-6,1.1879295973672196e-4,8.800754560176604e-5,GLI3/LRRC17/THY1/MDK/TMEM98/IGF1/SNAI2/NFATC4/SYNGAP1/ID4/FRZB/TMEM176A/TMEM176B/LOXL3/SPP1/GPR137B/ID2/FBN1/SEMA3B/NTN1/PTN/RUNX1/PTPRS/CD74/CEBPA/EPHB2/LILRB4/FCGR2B/FSTL3/PLXNA3/ARHGAP4/C1QC/SEMA5A/ANXA1/FGL2/SEMA3D/SFRP1/IFRD1/BCL6/BTG2/GPR68/DTX1/INHBA/IL4R/IL17D/SEMA3A/ADIPOQ/NPPC/PTHLH/UBASH3B/RUNX3/CDKN2B/SOX11/LILRB1/TRIB1/CCL3/ERFE/LDLR,58
GO:0045444,fat cell differentiation,52/2098,248/18870,4.534873386531718e-6,1.207982098880261e-4,8.949313148602189e-5,SFRP2/TGFB1/CCN4/CLIP3/CMKLR1/SNAI2/C1QTNF3/ID4/FRZB/WDFY2/SH2B2/RARRES2/PNPLA3/EBF2/TTC8/ADIRF/RORC/ID2/CCDC3/ZFP36L2/PDGFRA/WWTR1/ARL4A/SOX8/CEBPA/SMAD6/ENPP1/GNB3/PPARG/AAMDC/SLC2A4/SFRP1/GDF10/ZBTB7C/METRNL/LMO3/PPARGC1A/MMP11/FNDC5/SOD2/FABP4/CCND1/RETREG1/ADIPOQ/SLC7A10/FABP3/TRPV4/ALOX5/ADRB1/LEP/GDF6/NR4A1,52
GO:0019722,calcium-mediated signaling,46/2098,210/18870,4.706931539806136e-6,1.2480891073814716e-4,9.246445182978935e-5,ADGRL1/PDGFRB/CMKLR1/IGF1/NFATC4/P2RX7/CD4/PLCE1/LRRK2/CAMKK2/NFATC1/PDK2/KCNJ11/PDGFRA/P2RX4/ERBB3/CACNA1C/PRKD1/MYOZ1/SYK/TMEM38A/DMPK/CLIC2/ATP1B1/PTGFR/GRIN2D/VCAM1/BTK/CCR1/PLN/ATP2A2/PLEK/ACKR2/SELP/LMCD1/NMUR1/TRPM2/SPHK1/CXCR4/HTR2B/ACKR4/FCGR3A/ADGRB2/CCR5/CCL3/CLEC7A,46
GO:0002443,leukocyte mediated immunity,84/2098,466/18870,5.004115303067959e-6,1.320542275184961e-4,9.783213143267989e-5,C1R/SPON2/TGFB1/C1S/CD81/SVEP1/STAT6/AHR/C2/P2RX7/SERPING1/C7/C3/CD84/S100A13/CLU/TCIRG1/MR1/GAB2/HLA-DRB1/SUSD4/ITGB2/UNC93B1/HAVCR2/PRKCD/CD74/SWAP70/LILRB4/FCGR2B/C1QA/NCKAP1L/BCR/C1QC/HLA-DRA/TYROBP/IL21R/MILR1/SYK/MYD88/C1QB/LGALS9/FCER1G/ITGAM/PIK3CG/C4B/SASH3/BTK/BCL6/RIPK3/PTGDR/FCER1A/C4A/C6/SPN/NCR3LG1/SPI1/IL4R/PTAFR/CD2/FCGR3A/CD28/WAS/ARID5A/CTSG/IL2RB/IL7R/NKG7/CSF2RB/CD300A/TLR9/SCIMP/SLAMF7/LILRB1/CORO1A/FCER2/CD8A/SH2D1A/LEP/CARD9/SLAMF6/CCL3/SH2D1B/CLEC7A/CD40LG,84
GO:0006958,"complement activation, classical pathway",16/2098,42/18870,5.048396505787176e-6,1.320542275184961e-4,9.783213143267989e-5,C1R/C1S/SVEP1/C2/SERPING1/C7/C3/CLU/SUSD4/C1QA/C1QC/C1QB/C4B/C4A/C6/NCR3LG1,16
GO:0042119,neutrophil activation,16/2098,42/18870,5.048396505787176e-6,1.320542275184961e-4,9.783213143267989e-5,GRN/ITGB2/PRKCD/FCGR2B/BCR/ANXA1/TYROBP/SYK/MYD88/FCER1G/ITGAM/SPI1/PTAFR/CTSG/CD300A/CCL5,16
GO:0002718,regulation of cytokine production involved in immune response,31/2098,120/18870,5.120895961008509e-6,1.3334996791738302e-4,9.879207832259513e-5,SPON2/TGFB1/TNFRSF14/CD81/TWIST1/NOD1/AXL/ACP5/P2RX7/PYCARD/TGFB3/LAPTM5/CD74/LILRB4/IRF5/TRIL/SYK/MYD88/TLR7/SASH3/BTK/BCL6/LACC1/PANX1/TRIM6/ARID5A/TLR9/SCIMP/LILRB1/CARD9/CLEC7A,31
GO:0007156,homophilic cell adhesion via plasma membrane adhesion molecules,39/2098,168/18870,5.739785384926793e-6,1.487988112958477e-4,1.1023732550843892e-4,FAT4/HMCN1/TRO/PLXNB2/PCDHB14/FAT1/DCHS1/ROBO3/PCDHGC3/PCDHB13/CDH11/PTK7/PCDH7/PCDHB11/PCDHB12/CLSTN3/CD84/PCDHB15/PCDH18/CDH24/MYOT/PCDH19/PLXNB3/EMB/CELSR2/PCDHB7/CADM3/CLSTN2/HMCN2/CDH6/PCDHB9/CELSR1/CNTN4/CDHR5/MPZL2/SDK2/CDH16/CDH20/PCDHAC2,39
GO:0006006,glucose metabolic process,43/2098,193/18870,6.0273463561054386e-6,1.5555911239957458e-4,1.1524568213989675e-4,SRC/LIPA/IGFBP4/IGF1/C1QTNF3/PFKL/IGF2/FBP1/IGFBP3/RORC/LEPR/PGP/PDK2/MDH2/KCNJ11/ENO2/G6PD/DLAT/GNB3/PGM2L1/GOT1/C1QTNF1/PFKP/ACADM/PPARGC1A/PCK2/TSTD1/PDK4/PPP1R3G/GAPDH/PGM1/NPY1R/GPT2/ENO3/PGAM2/ADIPOQ/RBP4/SDS/ATF3/MIDN/LEP/PCK1/ERFE,43
GO:0045619,regulation of lymphocyte differentiation,46/2098,212/18870,6.143340820470834e-6,1.5785123957731917e-4,1.1694380034124032e-4,MMP14/GLI3/SOX4/MDK/AXL/TGFBR2/LOXL3/ID2/ZFP36L2/HLA-DRB1/SLAMF8/RUNX1/CD74/LILRB4/NCKAP1L/ANXA1/HLA-DRA/FGL2/GLI2/SYK/SFRP1/LGALS9/SASH3/BTK/BCL6/SOX12/DTX1/INHBA/CD86/SPI1/IL4R/IL2RG/PRDM1/LILRB2/IRF4/CD2/CD28/RUNX3/IKZF3/TOX/IL7R/TLR9/NFKBID/CYP26B1/PCK1/LEF1,46
GO:0033674,positive regulation of kinase activity,65/2098,337/18870,6.237260698278817e-6,1.591288706944672e-4,1.1789033100310653e-4,SRC/PDGFRB/TGFB1/CCND2/MAP3K12/PKD2/IGF1/LTK/DDR2/AXL/NTRK2/ADRA2A/PDGFD/TGFBR2/CD4/MUSK/CLU/NEK10/LRRK2/CAMKK2/TENM1/CD24/HLA-DRB1/CSF1R/PDGFRA/PRKCD/ERBB3/CD74/PPP2CA/PRKD1/PRKAG2/FGF18/IL34/NAB2/CAMK1/ROR1/TYRO3/MERTK/ANG/PIK3CG/CHI3L1/FGF2/RIPK3/PTK2B/CCL21/RASSF2/NOX4/THBS1/TRAF4/CAMKK1/CD86/CCND1/PIK3R5/MMD/HTR2B/ADIPOQ/PRLR/ROR2/TNFRSF11A/CD300A/CCL5/FZD10/ADCYAP1/LEP/EGR1,65
GO:1903036,positive regulation of response to wounding,23/2098,77/18870,6.270184951832861e-6,1.591288706944672e-4,1.1789033100310653e-4,EMILIN1/CCN4/MDK/DDR2/ADRA2A/GRN/F2R/EMILIN2/SMOC2/ST3GAL4/MYLK/PTN/F3/ANXA1/ACTG1/FLNA/THBS1/CXCR4/FOXC2/DUOX1/HBEGF/CLEC7A/PLAU,23
GO:0016049,cell growth,88/2098,497/18870,6.275273185643705e-6,1.591288706944672e-4,1.1789033100310653e-4,DCLK1/SFRP2/MMP14/CRABP2/KAZALD1/POSTN/PRMT2/SLC23A2/SLIT3/TGFB1/FN1/FXN/CCN3/APP/IGFBP4/PRR5/MAP1B/IGF1/RNF157/DAB2/FRZB/TGFBR2/SH3BP4/APOE/CAPRIN2/FBP1/SPP1/IGFBP3/CLSTN3/ST8SIA2/PLCE1/PRICKLE1/SHTN1/RARG/IGFBP7/BDKRB1/CXCL16/WASF1/RERG/SEMA3B/TEAD1/PI16/NRP2/COBL/PTCH2/NTN1/LAMB2/PTPRS/DACT3/PDLIM5/PRKCQ/PPP2CA/PLXNA3/ARHGAP4/G6PD/ALCAM/SEMA5A/NDN/ENPP1/TMEM97/SEMA3D/PRKG1/SFRP1/TRPV2/LTBP4/CPNE5/EFNA5/MSX1/IFRD1/BCL6/PTK2B/MEG3/INHBA/TIAM1/SPHK1/CXCR4/FAM107A/OSGIN1/ITGA4/FLRT3/TNC/SEMA3A/PLXNA4/SERPINE2/FLRT1/NRCAM/HBEGF/H3-5,88
GO:0006636,unsaturated fatty acid biosynthetic process,18/2098,52/18870,6.445893240426965e-6,1.6204026860242157e-4,1.2004723478525864e-4,PTGES/CD74/FADS2/CBR1/PTGIS/ANXA1/SCD5/PRXL2B/FADS1/ELOVL5/PLA2G4A/PLA2G4F/SCD/ELOVL7/AKR1C3/ABCD2/ELOVL6/ELOVL4,18
GO:0050819,negative regulation of coagulation,18/2098,52/18870,6.445893240426965e-6,1.6204026860242157e-4,1.2004723478525864e-4,FAP/ANXA5/APOE/SERPING1/PROCR/PDGFRA/PRKCD/PRKG1/CD9/C1QTNF1/PROS1/TSPAN8/THBS1/ANXA2/ADAMTS18/UBASH3B/SERPINE2/PLAU,18
GO:0048659,smooth muscle cell proliferation,40/2098,175/18870,6.546466951842035e-6,1.6385919650580472e-4,1.2139478417503809e-4,ELN/MMP2/SRC/PDGFRB/TGFB1/CCN4/CCN3/OGN/IGF1/DDR2/PDGFD/APOE/PDE1A/DNMT1/IGFBP3/TGFB3/ID2/EFEMP2/AIF1/VIPR2/MFN2/ITGA2/TACR1/PRKG1/PPARG/CALCRL/MYD88/ANG/FGF2/PPARGC1A/THBS1/MMP9/SOD2/PTGIR/PTAFR/ADIPOQ/NPPC/CCL5/TRIB1/HBEGF,40
GO:0046635,positive regulation of alpha-beta T cell activation,22/2098,72/18870,6.591195069215507e-6,1.6427068569499763e-4,1.2169963518357252e-4,GLI3/CD81/TGFBR2/HLA-DRB1/RUNX1/PRKCQ/LILRB4/NCKAP1L/ANXA1/HLA-DRA/SYK/LGALS9/SASH3/CD86/IL4R/IL2RG/RASAL3/CD28/RUNX3/NFKBID/PTPN22/HSPH1,22
GO:0038065,collagen-activated signaling pathway,9/2098,15/18870,6.827139165002623e-6,1.679186999436636e-4,1.244022598261179e-4,COL1A1/DDR2/ITGA11/ITGA2/SYK/COL4A2/COL4A1/UBASH3B/OSCAR,9
GO:1902563,regulation of neutrophil activation,9/2098,15/18870,6.827139165002623e-6,1.679186999436636e-4,1.244022598261179e-4,GRN/ITGB2/FCGR2B/BCR/SYK/ITGAM/SPI1/PTAFR/CD300A,9
GO:2001028,positive regulation of endothelial cell chemotaxis,9/2098,15/18870,6.827139165002623e-6,1.679186999436636e-4,1.244022598261179e-4,SMOC2/TMSB4X/P2RX4/LGMN/PRKD1/FGF16/FGF18/SEMA5A/FGF2,9
GO:0022617,extracellular matrix disassembly,20/2098,62/18870,6.882150953434121e-6,1.679186999436636e-4,1.244022598261179e-4,MMP14/MMP2/CTSK/SH3PXD2B/LRP1/TGFB1/DDR2/FAP/ADAMTS15/FSCN1/CST3/DPP4/CTSS/MELTF/TPSAB1/MMP11/MMP9/MMP3/LCP1/CTSG,20
GO:0043030,regulation of macrophage activation,20/2098,62/18870,6.882150953434121e-6,1.679186999436636e-4,1.244022598261179e-4,KARS1/GRN/GPR137B/CD84/LRRK2/CD200/IL33/HAVCR2/CD74/CEBPA/FCGR2B/VSIG4/NR1H3/PLA2G4A/THBS1/SPHK1/IL4R/LRFN5/CCL3/LDLR,20
GO:0015908,fatty acid transport,30/2098,116/18870,7.053412568103877e-6,1.7066319492908005e-4,1.2643551388526555e-4,CRABP2/SLCO2B1/BDKRB2/APOE/P2RX7/SLC27A3/PTGES/PLA2R1/P2RX4/SLC43A3/ANXA1/PLIN2/PPARG/SYK/RBP7/GOT2/PLA2G4A/THBS1/ABCC4/MAP2K6/CPT1B/FABP4/PLA2G4F/FABP7/ABCD2/SLCO2A1/FABP3/TNFRSF11A/LEP/ERFE,30
GO:0019882,antigen processing and presentation,30/2098,116/18870,7.053412568103877e-6,1.7066319492908005e-4,1.2643551388526555e-4,NOD1/RAB34/SAR1B/PYCARD/MR1/HLA-DRB1/UNC93B1/CD74/LGMN/FCGR2B/HLA-DRA/FGL2/HLA-DPB1/RAB32/CTSS/HLA-DQA1/HLA-DPA1/FCER1G/CD209/CCL21/THBS1/HLA-DMB/WDFY4/MARCHF1/LILRB2/WAS/RAB3C/FCER2/CD8A/HLA-DRB5,30
GO:0018212,peptidyl-tyrosine modification,56/2098,278/18870,7.1247272074796805e-6,1.716734061984834e-4,1.2718392704507298e-4,SFRP2/SRC/PDGFRB/TGFB1/TNFRSF14/RAP2B/APP/IGF1/LTK/DDR2/ADRA2A/PDGFD/ENPP2/FYN/IGF2/THBS4/EPHA3/CD4/FGF7/TPST2/CD44/ITGB2/CSF1R/PDGFRA/EFEMP1/PRKCD/ERBB3/CD74/EPHB2/PPP2CA/LILRB4/IL34/HGF/SYK/SFRP1/EFNA5/SH3BP5/BTK/PTK2B/TPST1/CRLF1/NOX4/EHD4/TMEM102/HCLS1/PKDCC/CSPG4/ADIPOQ/ERRFI1/PRLR/CD300A/CCL5/ANGPT4/LEP/CSF3/HBEGF,56
GO:0002367,cytokine production involved in immune response,31/2098,122/18870,7.390256413567954e-6,1.7733561567598804e-4,1.3137876451610364e-4,SPON2/TGFB1/TNFRSF14/CD81/TWIST1/NOD1/AXL/ACP5/P2RX7/PYCARD/TGFB3/LAPTM5/CD74/LILRB4/IRF5/TRIL/SYK/MYD88/TLR7/SASH3/BTK/BCL6/LACC1/PANX1/TRIM6/ARID5A/TLR9/SCIMP/LILRB1/CARD9/CLEC7A,31
GO:1905523,positive regulation of macrophage migration,12/2098,26/18870,7.468824229737343e-6,1.7848338395919653e-4,1.3222908653643718e-4,MMP14/MDK/CMKLR1/RARRES2/CSF1R/P2RX4/IL34/C3AR1/THBS1/TRPV4/CCL5/CCL3,12
GO:0002460,adaptive immune response based on somatic recombination of immune receptors built from immunoglobulin superfamily domains,71/2098,380/18870,7.5653651897158905e-6,1.8004949039623024e-4,1.333893336081486e-4,C1R/TGFB1/C1S/CD81/TMEM98/SVEP1/STAT6/AHR/C2/P2RX7/SERPING1/C7/LOXL3/CD4/C3/CLU/TCIRG1/MR1/RORC/IL33/HLA-DRB1/SUSD4/UNC93B1/HAVCR2/PRKCD/CD74/SWAP70/PRKCQ/EPHB2/LILRB4/FCGR2B/C1QA/NCKAP1L/C1QC/ANXA1/HLA-DRA/IL21R/MYD88/C1QB/FCER1G/C4B/ENTPD7/PLA2G4A/SASH3/BTK/BCL6/RIPK3/IL17RA/FCER1A/C4A/C6/SPN/NCR3LG1/IL4R/IRF4/FCGR3A/CD28/WAS/ARID5A/IL2RB/IL7R/CSF2RB/LILRB1/NFKBID/FCER2/CD8A/CARD9/SLAMF6/LEF1/CLEC7A/CD40LG,71
GO:0048704,embryonic skeletal system morphogenesis,26/2098,94/18870,7.67589360846159e-6,1.8193434360953655e-4,1.3478572364245982e-4,MMP14/GLI3/OSR1/TWIST1/TGFBR2/MMP16/TGFB3/RUNX2/PDGFRA/HOXD3/SHOX2/COL11A1/HOXC4/CHST11/HOXB5/HOXD4/HOXB6/MDFI/OSR2/GSC/SATB2/TBX1/HOXD9/MTHFD1L/FOXC2/SOX11,26
GO:0048880,sensory system development,74/2098,401/18870,7.733017094256446e-6,1.8254321246482594e-4,1.3523680301337653e-4,COL5A2/COL5A1/SH3PXD2B/MFAP2/NOTCH2/GLI3/CDON/THY1/COL8A1/PDGFRB/COL8A2/CHRDL1/FAT1/VSTM4/VIM/TWIST1/NTRK2/PXDN/TGFBR2/MITF/C3/MYOM1/MEIS3/JMJD6/TTC8/TCIRG1/CLIC4/SPRED1/PRICKLE1/FBN1/TWSG1/RARG/TUB/TSKU/LPCAT1/SLC17A7/TGIF2/MFN2/PDGFRA/EFEMP1/LAMB2/CC2D2A/CACNA1C/SOX8/EPHB2/LIMK2/C1QA/KERA/SALL2/MERTK/ITGAM/FGF2/NHS/GDF11/COL4A1/NES/MYOM2/MFAP5/OSR2/INHBA/ANGPTL7/FJX1/ATP2B2/PRDM1/SEMA3A/ADAMTS18/RBP4/FOXC2/CRYBB3/SOX11/SDK2/VSX1/ABCB5/CYP1A1,74
GO:1903038,negative regulation of leukocyte cell-cell adhesion,36/2098,152/18870,8.02419876610575e-6,1.8764531330446824e-4,1.3901668503083604e-4,GPNMB/GLI3/TNFRSF14/LGALS3/MDK/LOXL3/TNFRSF21/TWSG1/PAG1/HLA-DRB1/LAPTM5/HAVCR2/RUNX1/CD74/LILRB4/FCGR2B/NCKAP1L/ANXA1/FGL2/VSIG4/LGALS9/BCL6/CCL21/DTX1/SPN/PDCD1LG2/CD86/IL4R/LILRB2/TNFAIP8L2/RUNX3/CTSG/SDC4/CD300A/LILRB1/PTPN22,36
GO:0060840,artery development,29/2098,111/18870,8.046096609749025e-6,1.8764531330446824e-4,1.3901668503083604e-4,LOX/FKBP10/COL3A1/SLC2A10/LRP1/GLI3/PDGFRB/SOX4/PKD2/MDK/TGFBR2/APOE/LOXL1/LUZP1/PRICKLE1/PLXND1/EFEMP2/MYLK/COMP/SMAD6/NGFR/NKX3-1/TBX1/PRDM1/ADAMTS6/FOXC2/HAND2/LEP/LDLR,29
GO:1905954,positive regulation of lipid localization,29/2098,111/18870,8.046096609749025e-6,1.8764531330446824e-4,1.3901668503083604e-4,LRP1/DAB2/APOE/P2RX7/SPP1/C3/MSR1/PTGES/PLA2R1/PLTP/P2RX4/PRKCD/PLIN2/PPARG/FITM1/NR1H3/NKX3-1/C1QTNF1/PLA2G4A/HILPDA/MAP2K6/IKBKE/CIDEA/ANXA2/ADIPOQ/FABP3/TNFRSF11A/PLIN5/ERFE,29
GO:0043277,apoptotic cell clearance,17/2098,48/18870,8.154944907724922e-6,1.894230603166345e-4,1.4033372563314426e-4,LRP1/AXL/C2/C3/JMJD6/ANXA1/TYROBP/TYRO3/MERTK/NR1H3/C4B/MEGF10/C4A/THBS1/RAC3/XKR9/MARCO,17
GO:0150063,visual system development,73/2098,395/18870,8.426594856641815e-6,1.9488259431623965e-4,1.4437841134936448e-4,COL5A2/COL5A1/SH3PXD2B/MFAP2/NOTCH2/GLI3/CDON/THY1/COL8A1/PDGFRB/COL8A2/CHRDL1/FAT1/VSTM4/VIM/TWIST1/NTRK2/PXDN/TGFBR2/MITF/C3/MYOM1/MEIS3/JMJD6/TTC8/TCIRG1/CLIC4/SPRED1/PRICKLE1/FBN1/TWSG1/RARG/TUB/TSKU/LPCAT1/SLC17A7/TGIF2/MFN2/PDGFRA/EFEMP1/LAMB2/CC2D2A/CACNA1C/SOX8/EPHB2/LIMK2/C1QA/KERA/SALL2/MERTK/ITGAM/FGF2/NHS/GDF11/COL4A1/NES/MYOM2/MFAP5/OSR2/INHBA/ANGPTL7/FJX1/ATP2B2/PRDM1/ADAMTS18/RBP4/FOXC2/CRYBB3/SOX11/SDK2/VSX1/ABCB5/CYP1A1,73
GO:0034446,substrate adhesion-dependent cell spreading,27/2098,100/18870,8.457105866659617e-6,1.9488259431623965e-4,1.4437841134936448e-4,ANTXR1/SRC/POSTN/FBLN1/PARVA/DOCK1/FN1/MDK/EPHB3/AXL/DAB2/SRGAP2/S100A10/MICALL2/LAMB1/CARMIL1/FERMT3/TYRO3/MELTF/MERTK/EFNA5/FZD7/FLNA/ITGA4/MYOC/TACSTD2/RAC3,27
GO:0048660,regulation of smooth muscle cell proliferation,39/2098,171/18870,8.971668063423152e-6,2.0592283179564523e-4,1.525575509682148e-4,ELN/MMP2/SRC/PDGFRB/TGFB1/CCN4/OGN/IGF1/DDR2/PDGFD/APOE/PDE1A/DNMT1/IGFBP3/TGFB3/ID2/EFEMP2/AIF1/VIPR2/MFN2/ITGA2/TACR1/PRKG1/PPARG/CALCRL/MYD88/ANG/FGF2/PPARGC1A/THBS1/MMP9/SOD2/PTGIR/PTAFR/ADIPOQ/NPPC/CCL5/TRIB1/HBEGF,39
GO:0001706,endoderm formation,19/2098,58/18870,9.030907773884233e-6,2.0646646237380213e-4,1.5296029868157838e-4,COL5A2/MMP14/MMP2/COL5A1/COL6A1/COL8A1/FN1/COL12A1/ITGB5/ITGB2/LAMB1/LAMA3/COL11A1/COL4A2/DUSP4/INHBA/MMP9/GATA6/ITGA4,19
GO:0060562,epithelial tube morphogenesis,64/2098,334/18870,9.128319626204404e-6,2.0787510615438815e-4,1.54003889834045e-4,SFRP2/MMP14/SRC/NOTCH2/GLI3/CTHRC1/PLXNB2/TGFB1/DCHS1/PKD2/OSR1/MDK/TWIST1/NFATC4/PTK7/TGFBR2/CTSZ/IFT52/ADAMTS12/CLIC4/ADAMTS16/LUZP1/PRICKLE1/FZD6/RARG/PLXND1/FZD1/GPC3/COBL/CSF1R/NTN1/CC2D2A/LBX1/SOX8/GDF7/ASB2/FMN1/GLI2/TCAP/SFRP1/MAGED1/NKX3-1/FGF2/TMEM59L/COL4A1/CELSR1/CCDC40/HS3ST3A1/FZD2/LGR5/CXCR4/VDR/TNC/TACSTD2/KIF26B/ST14/ITGAX/MTHFD1L/HHIP/FOXC2/HAND2/SDC4/IRX1/LEF1,64
GO:0001822,kidney development,61/2098,314/18870,9.427306248418489e-6,2.1384518509596158e-4,1.5842681183094722e-4,NOTCH2/GLI3/PDGFRB/SOX4/DCHS1/PKD2/OSR1/GLIS2/NID1/SULF1/PTK7/PDGFD/SULF2/ID3/PLCE1/JMJD6/PCSK5/CD34/ADAMTS16/FBN1/BASP1/LRRK2/PLXND1/CD24/GPC3/PDGFRA/DYNC2H1/WWTR1/LAMB2/CC2D2A/SOX8/SMAD6/KANK2/ANGPT2/FMN1/GLI2/SFRP1/MAGED1/SDC1/NKX3-1/FGF2/TMEM59L/GDF11/MMP17/CRLF1/OSR2/HS3ST3A1/MMP9/GCNT1/TACSTD2/PRDM1/ADIPOQ/KIF26B/ADAMTS6/FOXC2/SDC4/IRX1/SOX11/CYP26B1/GDF6/EGR1,61
GO:0006029,proteoglycan metabolic process,25/2098,90/18870,1.0513877831537487e-5,2.3743139541642803e-4,1.7590061234026838e-4,SLC2A10/ADAMTS7/GAL3ST4/DSEL/CHPF/DSE/IGF1/SULF1/SULF2/CHST14/IDUA/CHPF2/ADAMTS12/HS3ST2/CSGALNACT1/COL11A1/SLC35D2/CHST11/XYLT1/UST/CHSY3/BTK/HS3ST3A1/HS6ST2/UGDH,25
GO:0046632,alpha-beta T cell differentiation,31/2098,124/18870,1.0548872053975967e-5,2.3743139541642803e-4,1.7590061234026838e-4,GLI3/TMEM98/STAT6/TGFBR2/LOXL3/RORC/HLA-DRB1/RUNX1/LILRB4/NCKAP1L/ANXA1/HLA-DRA/SYK/LGALS9/ENTPD7/SASH3/BCL6/SPN/CD86/GPR183/IL4R/PRR7/IL2RG/PRDM1/IRF4/TNFSF8/RUNX3/TOX/NFKBID/SLAMF6/LEF1,31
GO:0045123,cellular extravasation,22/2098,74/18870,1.0776127606443188e-5,2.4119732764804494e-4,1.7869059630347395e-4,THY1/JAM3/XG/MDK/PDGFD/ST3GAL4/PLVAP/BCR/JAM2/F11R/PIK3CG/VCAM1/RIPK3/CCL21/PODXL2/SPN/SELP/GCNT1/ITGA4/PTAFR/SELPLG/LEP,22
GO:0032535,regulation of cellular component size,69/2098,370/18870,1.079926040786838e-5,2.4119732764804494e-4,1.7869059630347395e-4,ELN/CRABP2/LIMA1/KIRREL1/FN1/ADD3/MAP1B/CAPG/PLEKHH2/SLC12A7/SPTAN1/TMSB10/APOE/P2RX7/SPP1/PYCARD/SLC12A9/CDC42EP5/SLC12A4/ARPC5/GSN/TMSB4X/SHTN1/RARG/EZR/TENM1/VAV2/SEMA3B/FCHSD1/NTN1/PRKCD/PTPRS/SWAP70/CARMIL1/PRKD1/SCT/NCKAP1L/PLXNA3/ARHGAP4/AQP4/SEMA5A/LMOD1/KANK2/SEMA3D/FMN1/GNB3/SPTB/TRPV2/VILL/COTL1/EFNA5/IFRD1/PTK2B/CCL21/PLEK/ACTN2/BAIAP2/HCLS1/SEMA3A/PLXNA4/CDHR5/SLC12A8/WAS/TRPV4/IL7R/CORO1A/CSF3/NRCAM/LRRC8E,69
GO:0006911,"phagocytosis, engulfment",17/2098,49/18870,1.1200831336051226e-5,2.473126523515189e-4,1.832211233557789e-4,DOCK1/RAB31/C3/GSN/MSR1/AIF1/ITGB2/ITGA2/FCGR2B/NCKAP1L/ITGAM/MEGF10/THBS1/RAC3/XKR9/CD300A/MARCO,17
GO:0033628,regulation of cell adhesion mediated by integrin,17/2098,49/18870,1.1200831336051226e-5,2.473126523515189e-4,1.832211233557789e-4,SFRP2/JAM3/SNAI2/PIEZO1/SWAP70/NCKAP1L/DPP4/FERMT3/SYK/PIK3CG/CCL21/PDE3B/MUC1/RAC3/FOXC2/CCL5/PLAU,17
GO:1900047,negative regulation of hemostasis,17/2098,49/18870,1.1200831336051226e-5,2.473126523515189e-4,1.832211233557789e-4,FAP/APOE/SERPING1/PDGFRA/COMP/PRKCD/PRKG1/CD9/C1QTNF1/PROS1/TSPAN8/THBS1/ANXA2/ADAMTS18/UBASH3B/SERPINE2/PLAU,17
GO:0019886,antigen processing and presentation of exogenous peptide antigen via MHC class II,13/2098,31/18870,1.1376471788839975e-5,2.502392866583096e-4,1.8538931499596884e-4,HLA-DRB1/UNC93B1/CD74/LGMN/FCGR2B/HLA-DRA/HLA-DPB1/CTSS/HLA-DQA1/HLA-DPA1/FCER1G/HLA-DMB/HLA-DRB5,13
GO:0034103,regulation of tissue remodeling,24/2098,85/18870,1.1588975690168995e-5,2.537702131660532e-4,1.8800519540113281e-4,TMEM119/GPNMB/SRC/TGFB1/MDK/DDR2/THBS4/P2RX7/SPP1/GPR137B/LTBP3/LEPR/CSF1R/RUNX1/CST3/BCR/PPARG/SYK/SFRP1/PDK4/UBASH3B/TNFRSF11A/HAND2/LEP,24
GO:0090287,regulation of cellular response to growth factor stimulus,67/2098,357/18870,1.16243975722697e-5,2.537702131660532e-4,1.8800519540113281e-4,ASPN/LOX/SFRP2/HTRA1/SFRP4/SLC2A10/NBL1/EMILIN1/NOTCH2/ADGRA2/CD109/TGFB1/DKK3/CHRDL1/IL17RD/DCN/FSTL1/CILP/SULF1/SULF2/CREB3L1/TGFB3/ADAMTS12/RUNX2/SPRED1/SMOC2/FBN1/TWSG1/VASN/TNXB/WASF1/UBE2D1/FZD1/GPC3/FST/NIBAN2/CHRD/FSTL3/PTP4A3/FGF16/FGF18/SMAD6/NGFR/LTBP1/PPARG/CHST11/SFRP1/NRROS/GREM2/DOK5/FGF2/LTBP4/TET1/MSX1/CCBE1/ADAMTSL2/THBS1/KCP/CIDEA/GATA6/ADAMTS3/HHIP/CDKN2B/TGFBR3L/HTRA4/SOX11/WFIKKN1,67
GO:0030225,macrophage differentiation,20/2098,64/18870,1.1781559574594267e-5,2.5623788932460265e-4,1.8983336874183628e-4,TGFB1/APP/CD4/ID2/IL33/HLA-DRB1/CSF1R/CEBPA/C1QC/IL34/MYD88/NRROS/CASP8/INHBA/MMP9/SPI1/HCLS1/ADIPOQ/ROR2/TRIB1,20
GO:0007204,positive regulation of cytosolic calcium ion concentration,39/2098,173/18870,1.1980663956488668e-5,2.5959595371391676e-4,1.9232118456468652e-4,LPAR1/PKD2/CMKLR1/BDKRB2/P2RX7/F2R/PLCE1/JPH1/PTGER3/BDKRB1/CD24/FPR3/RIC3/P2RX4/SWAP70/CACNA1C/PTGER2/TACR1/PRKG1/SAA1/CD52/CACNB3/C3AR1/PTGFR/PIK3CG/C1QTNF1/CCR1/PTK2B/PTGDR/ACKR2/CYSLTR1/CXCR4/PTGIR/P2RY1/ACKR4/TRPV4/CCR5/ADCYAP1/LPAR2,39
GO:0002698,negative regulation of immune effector process,31/2098,125/18870,1.2553014952093859e-5,2.7059669798609325e-4,2.00471065713642e-4,TGFB1/LGALS3/TWIST1/SVEP1/AXL/AHR/ACP5/SERPING1/LOXL3/GRN/TGFB3/CD84/IL33/SUSD4/SLAMF8/HAVCR2/LILRB4/FCGR2B/NCKAP1L/BCR/ANXA1/FGL2/VSIG4/LGALS9/BCL6/SPN/SPI1/IL4R/IL7R/CD300A/LILRB1,31
GO:0046364,monosaccharide biosynthetic process,27/2098,102/18870,1.2581558198079073e-5,2.7059669798609325e-4,2.00471065713642e-4,DSEL/DSE/C1QTNF3/CHST14/FBP1/LEPR/PGP/PDK2/MDH2/ENO2/G6PD/GOT1/UST/ACADM/PPARGC1A/PCK2/PGM1/GPT2/ENO3/PGAM2/ADIPOQ/RBP4/SDS/ATF3/LEP/PCK1/ERFE,27
GO:0090092,regulation of transmembrane receptor protein serine/threonine kinase signaling pathway,58/2098,297/18870,1.315136529926299e-5,2.8180803798088627e-4,2.0877696631613066e-4,ASPN/LOX/SFRP2/HTRA1/SFRP4/SLC2A10/NBL1/EMILIN1/LRP1/NOTCH2/CD109/TGFB1/CCN3/DKK3/CHRDL1/IL17RD/FSTL1/CILP/DAB2/SULF1/TGFBR2/TGFB3/SPRED1/FBN1/TWSG1/VASN/TNXB/UBE2D1/FZD1/GPC3/FST/CHRD/GDF7/FSTL3/SMAD6/LTBP1/PPARG/CHST11/SFRP1/NRROS/GREM2/LTBP4/TET1/MSX1/INHBA/ADAMTSL2/THBS1/KCP/CIDEA/GATA6/NOMO3/CDKN2B/TGFBR3L/HTRA4/SOX11/WFIKKN1/GDF6/IGSF1,58
GO:0061045,negative regulation of wound healing,22/2098,75/18870,1.3662533172260376e-5,2.916850372474853e-4,2.160943230457746e-4,CD109/FAP/APOE/SERPING1/PDGFRA/PRKCD/MMRN1/MYOZ1/PHLDB2/PRKG1/CD9/C1QTNF1/FGF2/PROS1/TSPAN8/THBS1/ANXA2/ADAMTS18/UBASH3B/SERPINE2/ALOX5/PLAU,22
GO:1902285,semaphorin-plexin signaling pathway involved in neuron projection guidance,9/2098,16/18870,1.4059797842445126e-5,2.9906683542519724e-4,2.2156311464072964e-4,PLXNB2/PLXNB1/PLXND1/NRP2/PLXNB3/PLXNA3/PLXNC1/SEMA3A/PLXNA4,9
GO:1903035,negative regulation of response to wounding,26/2098,97/18870,1.4213047981250628e-5,3.0122324681431534e-4,2.231606880498322e-4,CD109/MDK/FAP/APOE/SERPING1/SPP1/IL33/PDGFRA/PRKCD/PTPRS/MMRN1/MYOZ1/PHLDB2/PRKG1/CD9/C1QTNF1/FGF2/PROS1/TSPAN8/THBS1/ANXA2/ADAMTS18/UBASH3B/SERPINE2/ALOX5/PLAU,26
GO:0001736,establishment of planar polarity,21/2098,70/18870,1.4554505752347918e-5,3.062246916807404e-4,2.2686599927477475e-4,SFRP2/CTHRC1/DAB2/PTK7/PRICKLE2/TTC8/PRICKLE1/FZD6/FZD1/GPC3/VANGL1/CELSR2/JHY/SFRP1/PLEKHA4/FZD7/CELSR1/TIAM1/FZD2/ARHGEF19/BRSK1,21
GO:0007164,establishment of tissue polarity,21/2098,70/18870,1.4554505752347918e-5,3.062246916807404e-4,2.2686599927477475e-4,SFRP2/CTHRC1/DAB2/PTK7/PRICKLE2/TTC8/PRICKLE1/FZD6/FZD1/GPC3/VANGL1/CELSR2/JHY/SFRP1/PLEKHA4/FZD7/CELSR1/TIAM1/FZD2/ARHGEF19/BRSK1,21
GO:1903522,regulation of blood circulation,52/2098,258/18870,1.4662256214005152e-5,3.0737805716508275e-4,2.2772046797126758e-4,MMP2/ADD3/TRPC1/BDKRB2/ADRA2A/F2R/DES/FAAH/RNLS/KCNJ5/PDE4D/SNTA1/P2RX4/HRH1/CACNA1C/SCN5A/JUP/GPD1L/SHOX2/TACR1/TMEM38A/DMPK/CXADR/CLIC2/ATP1B1/PIK3CG/SLC4A3/EHD3/CACNB2/KCNE4/KCND2/FLNA/PLN/ATP2A2/KCND3/SCN2B/CYSLTR1/TBX18/SMTNL1/MYL4/ATP2B2/ATP2A1/HRH2/KCNE2/TNNT2/ADRB1/ATP2B3/KCNIP2/LEP/HBEGF/DSP/ADORA3,52
GO:0035904,aorta development,20/2098,65/18870,1.5253562017301814e-5,3.1862386559162456e-4,2.360519044479838e-4,LOX/FKBP10/COL3A1/LRP1/PDGFRB/SOX4/PKD2/TGFBR2/LOXL1/PRICKLE1/PLXND1/EFEMP2/MYLK/SMAD6/NGFR/NKX3-1/TBX1/PRDM1/ADAMTS6/LEP,20
GO:0043299,leukocyte degranulation,23/2098,81/18870,1.5830568163356724e-5,3.2949143127101256e-4,2.4410312048156552e-4,CD84/S100A13/GAB2/ITGB2/FCGR2B/NCKAP1L/BCR/MILR1/SYK/LGALS9/ITGAM/PIK3CG/BTK/PTGDR/FCER1A/SPI1/IL4R/PTAFR/FCGR3A/NKG7/CD300A/CORO1A/CCL3,23
GO:0010810,regulation of cell-substrate adhesion,46/2098,220/18870,1.6949320260995746e-5,3.515167955557225e-4,2.6042057107778053e-4,COL1A1/MMP14/SRC/POSTN/EMILIN1/ABI3BP/FBLN1/THY1/ECM2/COL8A1/COL16A1/PLEKHA2/DOCK1/FN1/CCDC80/MDK/EDIL3/NID1/DAB2/S100A10/EPHA3/FBLN2/EFEMP2/CARMIL1/JUP/ACTG1/PHLDB2/ANGPT2/FMN1/SFRP1/MELTF/EFNA5/FZD7/BCL6/PTK2B/FLNA/CCL21/THBS1/FAM107A/MYOC/TACSTD2/RAC3/SDC4/PLAU/EGFL6/CAMSAP3,46
GO:0061037,negative regulation of cartilage development,13/2098,32/18870,1.721477626217593e-5,3.5575162190197725e-4,2.63557934382892e-4,CTSK/GLI3/ADAMTS7/CCN4/SNAI2/FRZB/LTBP3/ADAMTS12/RARG/EFEMP1/CHADL/PTHLH/LEP,13
GO:0030278,regulation of ossification,30/2098,121/18870,1.731043370459153e-5,3.5645988837788297e-4,2.640826522981171e-4,TMEM119/ECM1/OSR1/MGP/MDK/TWIST1/DDR2/TENT5A/P2RX7/LTBP3/RUNX2/DHRS3/COMP/PTN/ADGRV1/SMAD6/SLC20A2/ENPP1/TACR1/SFRP1/GDF10/CCR1/PTK2B/OSR2/VDR/PKDCC/ALOX5/SOX11/PHOSPHO1/CCL3,30
GO:0048251,elastic fiber assembly,7/2098,10/18870,1.840142640017645e-5,3.7553214031378146e-4,2.782122950454397e-4,LOX/COL3A1/EMILIN1/FBLN5/MFAP4/TNXB/EFEMP2,7
GO:0090331,negative regulation of platelet aggregation,7/2098,10/18870,1.840142640017645e-5,3.7553214031378146e-4,2.782122950454397e-4,PRKCD/PRKG1/CD9/C1QTNF1/ADAMTS18/UBASH3B/SERPINE2,7
GO:0055001,muscle cell development,42/2098,195/18870,1.843062854992728e-5,3.7553214031378146e-4,2.782122950454397e-4,LOX/PDGFRB/IGF1/NFATC4/PRICKLE1/MYH3/EFEMP2/PI16/ACTN1/NIBAN2/PDGFRA/COMP/ALPK3/PDLIM5/PRKD1/G6PD/ALPK2/FLNC/ACTG1/SHOX2/MYOZ1/LMOD1/ASB2/MYOG/PRKG1/TCAP/CXADR/SDC1/NRAP/ACTC1/MEGF10/MYLK3/ATP2A2/MYOM2/ACTN2/TBX18/MYL9/KLHL40/UCHL1/CACNB4/TNNT2/WFIKKN1,42
GO:0022604,regulation of cell morphogenesis,50/2098,247/18870,1.8790176754061614e-5,3.8019009202381807e-4,2.8166312999761535e-4,SPARC/SRC/SLC23A2/LPAR1/PARVA/PLXNB2/FN1/PALM/SYNE3/RNF157/ENPP2/FYN/CAPRIN2/CDC42EP5/ATP10A/CORO1B/PLXNB1/FGD1/DBN1/FBLIM1/EZR/PLXND1/MYH10/CD44/ITGB2/CSF1R/FGD2/PTPRD/PLXNB3/EPHB2/EPB41L3/PLXNA3/MYH14/WTIP/ANXA1/PLXNC1/F11R/CPNE5/EFNA5/PTK2B/FMNL1/BAIAP2/TIAM1/CXCR4/P2RY1/RAC3/PLXNA4/CORO1A/CCL3/IL1RAPL1,50
GO:0033002,muscle cell proliferation,50/2098,247/18870,1.8790176754061614e-5,3.8019009202381807e-4,2.8166312999761535e-4,ELN/MMP2/SRC/PDGFRB/TGFB1/CCN4/CCN3/OGN/IGF1/DDR2/PDGFD/TENM4/APOE/PDE1A/DNMT1/IGFBP3/TGFB3/ID2/EFEMP2/AIF1/VIPR2/MFN2/ITGA2/RUNX1/HGF/TACR1/MYOG/PRKG1/PPARG/CALCRL/MYD88/ANG/FGF2/PPARGC1A/MEGF10/THBS1/MMP9/SOD2/GATA6/PTGIR/PTAFR/ADIPOQ/NPPC/RBP4/FOXC2/FOS/CCL5/TRIB1/GLI1/HBEGF,50
GO:0010758,regulation of macrophage chemotaxis,12/2098,28/18870,1.9011204899005553e-5,3.8332662100182377e-4,2.839868217186977e-4,MDK/CMKLR1/RARRES2/SLAMF8/CSF1R/IL34/MMP28/C3AR1/PTK2B/THBS1/TRPV4/CCL5,12
GO:0085029,extracellular matrix assembly,16/2098,46/18870,1.948572152378477e-5,3.9153489580836734e-4,2.9006790700312644e-4,ELN/LOX/COL1A2/ANTXR1/FKBP10/COL3A1/EMILIN1/TGFB1/PHLDB1/FBLN5/PXDN/MFAP4/PRICKLE1/TNXB/EFEMP2/PHLDB2,16
GO:0060907,positive regulation of macrophage cytokine production,11/2098,24/18870,1.961587991953478e-5,3.92791085147374e-4,2.909985525631167e-4,SPON2/NOD1/P2RX7/PYCARD/LAPTM5/CD74/MYD88/TLR7/PANX1/LILRB1/CARD9,11
GO:0034113,heterotypic cell-cell adhesion,19/2098,61/18870,2.040261311569501e-5,4.067390707049738e-4,3.0133189199445823e-4,THY1/JAM3/PARVA/MBP/CD200/PERP/CD44/ITGB2/JUP/CXADR/VCAM1/CD200R1/ITGA4/LILRB2/CD2/ADIPOQ/ITGAX/NRCAM/DSP,19
GO:0005996,monosaccharide metabolic process,52/2098,261/18870,2.045252430615677e-5,4.067390707049738e-4,3.0133189199445823e-4,SRC/SLC23A2/DSEL/LIPA/IGFBP4/DSE/IGF1/C1QTNF3/MAN2B1/PFKL/CHST14/IGF2/FBP1/IDUA/MAN2B2/IGFBP3/RORC/LEPR/PGP/FUCA2/PDK2/MDH2/KCNJ11/ENO2/G6PD/DLAT/GNB3/PGM2L1/GOT1/C1QTNF1/UST/PFKP/ACADM/PPARGC1A/PCK2/TSTD1/PDK4/PPP1R3G/GAPDH/PGM1/NPY1R/GPT2/ENO3/PGAM2/ADIPOQ/RBP4/SDS/ATF3/MIDN/LEP/PCK1/ERFE,52
GO:0001508,action potential,34/2098,146/18870,2.0693058887034185e-5,4.1011806469968436e-4,3.0383521347694887e-4,NTRK2/CHRNA1/KCNJ5/KCNJ11/SNTA1/P2RX4/CACNA1C/SCN5A/JUP/MYH14/GPD1L/TACR1/KCNAB2/CACNB3/CXADR/ATP1B1/KCNA1/GNA15/SLC4A3/CACNB2/KCNE4/KCND2/FLNA/ATP2A2/KCND3/SCN2B/TBX18/PTPN3/CNR1/KCNE2/CACNB4/KCNIP2/NRCAM/DSP,34
GO:0008360,regulation of cell shape,33/2098,140/18870,2.088561994120971e-5,4.1252651360069656e-4,3.0561950841290404e-4,LPAR1/PARVA/PLXNB2/FN1/PALM/SYNE3/FYN/CDC42EP5/ATP10A/PLXNB1/FGD1/FBLIM1/EZR/PLXND1/MYH10/ITGB2/CSF1R/FGD2/PLXNB3/EPB41L3/PLXNA3/MYH14/ANXA1/PLXNC1/F11R/PTK2B/FMNL1/BAIAP2/P2RY1/RAC3/PLXNA4/CORO1A/CCL3,33
GO:0003015,heart process,51/2098,255/18870,2.1949699110791037e-5,4.313425686358352e-4,3.1955934815778756e-4,SRC/TRPC1/FYN/DES/GSN/RNLS/KCNJ5/PDE4D/SNTA1/P2RX4/WWTR1/CACNA1C/SCN5A/JUP/GPD1L/SHOX2/TCAP/TMEM38A/DMPK/CXADR/CLIC2/ATP1B1/PIK3CG/SLC4A3/EHD3/CACNB2/KCNE4/KCND2/ACTC1/FLNA/MYLK2/PLN/ATP2A2/NOX4/KCND3/SCN2B/TBX18/MAP2K6/CXCR4/MYL4/GATA6/ATP2B2/ATP2A1/KCNE2/TNNT2/ADRB1/ATP2B3/KCNIP2/HBEGF/DSP/ADORA3,51
GO:0051235,maintenance of location,65/2098,350/18870,2.1986809078044984e-5,4.313425686358352e-4,3.1955934815778756e-4,NBL1/THY1/KDELR3/LIPA/PKD2/TRPC1/TMSB10/APOE/NPC2/P2RX7/CD4/C3/F2R/DZIP1/PLCE1/GSN/JPH1/MSR1/DBN1/GM2A/TMSB4X/FBN1/BDKRB1/PDE4D/G3BP2/CACNA1C/PLCB2/PRKD1/CIDEB/LDAH/ENPP1/LTBP1/PLIN2/PPARG/TMEM38A/FITM1/NRROS/CLIC2/NR1H3/FGF2/MCOLN3/PTK2B/FLNA/CCL21/PLN/HILPDA/ACVR1C/MDFI/CHCHD10/IKBKE/CIDEA/TRPM2/DHRS7C/SQLE/ATP2A1/HTR2B/DGAT2/CIDEC/UBASH3B/PLIN5/CORO1A/CCR5/LEP/CCL3/CXCL9,65
GO:0050769,positive regulation of neurogenesis,49/2098,242/18870,2.2507933776169915e-5,4.400793651118475e-4,3.260319877483837e-4,CRABP2/GLI3/CDON/PLXNB2/TGFB1/FN1/MDK/MAP1B/VCAN/NTRK2/ID4/TENM4/CAPRIN2/NEURL1/PLXNB1/DBN1/ID2/SHTN1/PLXND1/NUMBL/IL33/NTN1/PTN/PTPRD/PLXNB3/SOX8/EPHB2/PLXNA3/IL34/SEMA5A/SHOX2/TRPV2/MAP6/PLXNC1/FGF2/EFNA5/GJC2/CYSLTR1/BAIAP2/TIAM1/CXCR4/ACAN/PLXNA4/SERPINE2/ZNF365/CHODL/SOX11/ZNF488/IL1RAPL1,49
GO:0060538,skeletal muscle organ development,39/2098,178/18870,2.3992855287603107e-5,4.6753862635943376e-4,3.4637513090933914e-4,ELN/COL19A1/CDON/TGFB1/TWIST1/CHRNA1/IGF2/MYOM1/NEURL1/DES/BASP1/CHRND/NIBAN2/MEOX2/YBX3/SOX8/MYH14/MSC/SHOX2/MYOZ1/ASB2/MYOG/HLF/MYLK2/BTG2/MEGF10/MYOM2/KLHL40/TBX1/MYMX/VGLL2/HOXD9/ATF3/SOX11/FOS/CYP26B1/EGR1/NR4A1/MAFF,39
GO:0018108,peptidyl-tyrosine phosphorylation,54/2098,276/18870,2.4365406142482118e-5,4.732104129411159e-4,3.5057706356037466e-4,SFRP2/SRC/PDGFRB/TGFB1/TNFRSF14/RAP2B/APP/IGF1/LTK/DDR2/ADRA2A/PDGFD/ENPP2/FYN/IGF2/THBS4/EPHA3/CD4/FGF7/CD44/ITGB2/CSF1R/PDGFRA/EFEMP1/PRKCD/ERBB3/CD74/EPHB2/PPP2CA/LILRB4/IL34/HGF/SYK/SFRP1/EFNA5/SH3BP5/BTK/PTK2B/CRLF1/NOX4/EHD4/TMEM102/HCLS1/PKDCC/CSPG4/ADIPOQ/ERRFI1/PRLR/CD300A/CCL5/ANGPT4/LEP/CSF3/HBEGF,54
GO:0051048,negative regulation of secretion,38/2098,172/18870,2.4938842658139187e-5,4.827328643860475e-4,3.576317541888241e-4,CCN3/ADRA2A/PFKL/APOE/F2R/CD84/PTGER3/PLA2R1/CD200/GABBR1/MAOB/KCNJ11/HADH/ERBB3/CD74/SCT/FCGR2B/NCKAP1L/BCR/ANXA1/PRKG1/SLC30A1/SFRP1/LGALS9/NR1H3/ACVR1C/INHBA/SPI1/CNR1/ASIC1/BMP8A/P2RY1/ADIPOQ/MIDN/CD300A/LILRB1/LEP/IL1RAPL1,38
GO:0002700,regulation of production of molecular mediator of immune response,41/2098,191/18870,2.505060014480354e-5,4.8328516624875133e-4,3.580409260073861e-4,SPON2/TGFB1/TNFRSF14/CD81/TWIST1/NOD1/AXL/STAT6/ACP5/P2RX7/PYCARD/TGFB3/IL33/LAPTM5/CD74/EPHB2/LILRB4/FCGR2B/IRF5/TRIL/SYK/MYD88/TLR7/SASH3/BTK/BCL6/LACC1/CD86/IL4R/PANX1/TRIM6/RBP4/CD28/ARID5A/TLR9/SCIMP/LILRB1/PTPN22/CARD9/CLEC7A/CD40LG,41
GO:0036336,dendritic cell migration,13/2098,33/18870,2.5522164718852697e-5,4.907523527231047e-4,3.635729773647647e-4,SLAMF8/ASB2/LGALS9/PIK3CG/CCR1/CCL21/TRPM2/SPI1/GPR183/CXCR4/ALOX5/CCL5/CCR5,13
GO:0002699,positive regulation of immune effector process,53/2098,270/18870,2.6264018270660475e-5,5.033503435568494e-4,3.729061756893846e-4,SPON2/TGFB1/TNFRSF14/CD81/NOD1/STAT6/P2RX7/PYCARD/C3/CD84/MR1/IL33/GAB2/HLA-DRB1/LAPTM5/ITGB2/CD74/EPHB2/ANXA1/IRF5/HLA-DRA/TYROBP/SYK/MYD88/LGALS9/TLR7/ITGAM/SASH3/BTK/LACC1/HLA-DMB/CD86/SPI1/IL4R/PANX1/PTAFR/TRIM6/RBP4/CD28/ARID5A/CD300A/TLR9/SCIMP/LILRB1/NFKBID/FCER2/PTPN22/SH2D1A/CARD9/SLAMF6/PCK1/SH2D1B/CLEC7A,53
GO:0090303,positive regulation of wound healing,19/2098,62/18870,2.6376770815298623e-5,5.038483819882866e-4,3.7327514654475583e-4,EMILIN1/CCN4/DDR2/ADRA2A/F2R/EMILIN2/SMOC2/ST3GAL4/MYLK/F3/ANXA1/ACTG1/THBS1/CXCR4/FOXC2/DUOX1/HBEGF/CLEC7A/PLAU,19
GO:0010544,negative regulation of platelet activation,9/2098,17/18870,2.6922375834099377e-5,5.125843818643117e-4,3.7974719597571753e-4,APOE/PDGFRA/PRKCD/PRKG1/CD9/C1QTNF1/ADAMTS18/UBASH3B/SERPINE2,9
GO:0008064,regulation of actin polymerization or depolymerization,35/2098,154/18870,2.737034790294753e-5,5.189920774579915e-4,3.8449432546397026e-4,ELN/LIMA1/KIRREL1/ADD3/CAPG/PLEKHH2/SPTAN1/TMSB10/PYCARD/CDC42EP5/ARPC5/GSN/TMSB4X/TENM1/FCHSD1/PRKCD/SWAP70/CARMIL1/NCKAP1L/SEMA5A/LMOD1/KANK2/FMN1/SPTB/VILL/COTL1/PTK2B/CCL21/PLEK/ACTN2/BAIAP2/HCLS1/WAS/CORO1A/CSF3,35
GO:0015718,monocarboxylic acid transport,39/2098,179/18870,2.743767311513749e-5,5.189920774579915e-4,3.8449432546397026e-4,CRABP2/SLCO2B1/BDKRB2/SLC16A2/APOE/P2RX7/SLC27A3/PTGES/PLA2R1/SLC6A8/P2RX4/SLC43A3/EMB/SLC16A4/MPC1/ANXA1/PLIN2/PPARG/SYK/RBP7/GOT2/PLA2G4A/SLC22A3/AKR1C1/THBS1/ABCC4/MAP2K6/CPT1B/FABP4/ABCG2/PLA2G4F/FABP7/ABCD2/SLCO2A1/FABP3/TNFRSF11A/ABCC3/LEP/ERFE,39
GO:0072676,lymphocyte migration,30/2098,124/18870,2.8716020394458723e-5,5.384915198662695e-4,3.9894045148658035e-4,XG/TNFRSF14/ECM1/APP/CYP7B1/PYCARD/HSD3B7/CD200/CXCL16/AIF1/CCL22/JAM2/SAA1/CCL18/CCL14/F11R/PIK3CG/RIPK3/PTK2B/CCL21/SPN/TMEM102/GPR183/CD200R1/ITGA4/CCL16/CCL3L3/CCL5/CORO1A/CCL3,30
GO:0002702,positive regulation of production of molecular mediator of immune response,32/2098,136/18870,2.873857386462447e-5,5.384915198662695e-4,3.9894045148658035e-4,SPON2/TGFB1/TNFRSF14/CD81/NOD1/STAT6/P2RX7/PYCARD/IL33/LAPTM5/CD74/EPHB2/IRF5/SYK/MYD88/TLR7/SASH3/BTK/LACC1/CD86/IL4R/PANX1/TRIM6/RBP4/CD28/ARID5A/TLR9/SCIMP/LILRB1/PTPN22/CARD9/CLEC7A,32
GO:0045621,positive regulation of lymphocyte differentiation,31/2098,130/18870,2.8839480399243985e-5,5.384915198662695e-4,3.9894045148658035e-4,MMP14/GLI3/SOX4/MDK/AXL/TGFBR2/HLA-DRB1/RUNX1/CD74/LILRB4/NCKAP1L/ANXA1/HLA-DRA/GLI2/SYK/LGALS9/SASH3/BTK/BCL6/SOX12/CD86/SPI1/IL4R/IL2RG/LILRB2/RUNX3/TOX/IL7R/NFKBID/PCK1/LEF1,31
GO:0050864,regulation of B cell activation,31/2098,130/18870,2.8839480399243985e-5,5.384915198662695e-4,3.9894045148658035e-4,MMP14/TGFB1/CD81/STAT6/AHR/TNFRSF21/SLC39A10/ID2/ZFP36L2/LAPTM5/SLAMF8/CD74/EPHB2/FCGR2B/NCKAP1L/TYROBP/SYK/SFRP1/SASH3/BTK/BCL6/INHBA/SPI1/GPR183/IL2RG/THEMIS2/CD28/PRLR/IKZF3/CD300A/TLR9,31
GO:0071677,positive regulation of mononuclear cell migration,21/2098,73/18870,2.9484260358985515e-5,5.487663458481694e-4,4.065525374061194e-4,JAM3/TNFRSF14/APP/LGALS3/PDGFD/PYCARD/AIF1/LGMN/JAM2/LGALS9/CCR1/PTK2B/CCL21/SPN/TMEM102/SPI1/ITGA4/PLA2G7/CCL5/CORO1A/CCL3,21
GO:0002335,mature B cell differentiation,14/2098,38/18870,3.05803621561945e-5,5.673487637093338e-4,4.2031928748063543e-4,NOTCH2/CMTM7/DOCK11/ITM2A/SLAMF8/FCGR2B/DOCK10/IRF8/LFNG/BCL6/PTK2B/SPI1/GPR183/IL2RG,14
GO:0001667,ameboidal-type cell migration,85/2098,497/18870,3.3782557518618405e-5,6.2428712338283e-4,4.6250196645892464e-4,SPARC/SRC/ADGRA2/DOCK1/TGFB1/FN1/TPBG/CCN3/VSTM4/DCN/TWIST1/SNAI2/FSTL1/DDR2/FAP/SRGAP2/ENPP2/TGFBR2/APOE/GLIPR2/SYDE1/GRN/TIMP1/CD248/FGF7/CORO1B/PRCP/SPRED1/SMOC2/PLEKHG5/TMSB4X/PLXND1/SEMA3B/GPC3/NRP2/LOXL2/MEOX2/P2RX4/ITGA2/HDAC5/PTN/LGMN/SOX8/PRKD1/PTP4A3/ARHGAP4/JUP/DPP4/FGF16/FGF18/SEMA5A/ANXA1/KANK2/SEMA3D/ANGPT2/TACR1/ITGB4/PPARG/PIK3CG/CENPV/FGF2/PTK2B/ACVR1C/SRPX2/CCBE1/PRR5L/THBS1/GADD45A/AKAP12/GLUL/MMP9/ITGA4/TBX1/TACSTD2/HTR2B/SEMA3A/ANLN/FOXC2/HAND2/SDC4/CORO1A/ANGPT4/HBEGF/NR4A1/SCG2,85
GO:0051965,positive regulation of synapse assembly,19/2098,63/18870,3.386437814113853e-5,6.2428712338283e-4,4.6250196645892464e-4,THBS2/TPBG/EPHB3/NTRK2/LRRN3/CLSTN3/ST8SIA2/NLGN2/PTPRD/AGRN/EPHB2/CLSTN2/EFNA5/SRPX2/FLRT2/FLRT3/LRRC4B/SYNDIG1/IL1RAPL1,19
GO:1990845,adaptive thermogenesis,37/2098,168/18870,3.4051776608067246e-5,6.257552745666028e-4,4.6358964356152843e-4,MFAP2/LIPA/CMKLR1/STAT6/LAMA4/EBF2/LEPR/MFN2/HADH/SCT/NPR3/GATM/SYK/TRPV2/PWWP2B/NR1H3/PLCL1/PPARGC1A/MAP2K6/CIDEA/FABP4/CXCR4/IL4R/SCD/BMP8A/DIO2/IRF4/ELOVL6/ADIPOQ/PRLR/FOXC2/CKB/YBX2/TRPV4/ADRB1/ADCYAP1/LEP,37
GO:0045637,regulation of myeloid cell differentiation,44/2098,213/18870,3.4853326161532434e-5,6.384645584227724e-4,4.7300529311699506e-4,LOX/NOTCH2/LRRC17/TGFB1/MITF/CD4/GPR137B/ID2/FBN1/RARG/RAB7B/HLA-DRB1/RUNX1/CD74/LILRB4/FSTL3/NCKAP1L/C1QC/IL34/TYROBP/SFRP1/H4C6/CASP8/CCR1/PTK2B/H4C5/RASSF2/GPR68/INHBA/SPI1/KLF10/HCLS1/H4C8/ADIPOQ/UBASH3B/ROR2/H4C9/FOS/LILRB1/TRIB1/CCL3/CSF3/LEF1/ERFE,44
GO:0099024,plasma membrane invagination,18/2098,58/18870,3.535888614990477e-5,6.456888423663428e-4,4.7835739058146566e-4,DOCK1/RAB31/SNX33/C3/GSN/MSR1/AIF1/ITGB2/ITGA2/FCGR2B/NCKAP1L/ITGAM/MEGF10/THBS1/RAC3/XKR9/CD300A/MARCO,18
GO:0030195,negative regulation of blood coagulation,16/2098,48/18870,3.5690811552277425e-5,6.497070303576019e-4,4.8133425775996646e-4,FAP/APOE/SERPING1/PDGFRA/PRKCD/PRKG1/CD9/C1QTNF1/PROS1/TSPAN8/THBS1/ANXA2/ADAMTS18/UBASH3B/SERPINE2/PLAU,16
GO:0001654,eye development,70/2098,391/18870,3.753121413455538e-5,6.810742514980097e-4,5.045726058155521e-4,COL5A2/COL5A1/SH3PXD2B/MFAP2/NOTCH2/GLI3/CDON/THY1/COL8A1/PDGFRB/COL8A2/CHRDL1/FAT1/VSTM4/VIM/TWIST1/NTRK2/PXDN/TGFBR2/MITF/MYOM1/MEIS3/JMJD6/TTC8/TCIRG1/CLIC4/SPRED1/PRICKLE1/FBN1/TWSG1/RARG/TUB/TSKU/LPCAT1/SLC17A7/TGIF2/MFN2/PDGFRA/EFEMP1/LAMB2/CC2D2A/CACNA1C/SOX8/EPHB2/LIMK2/KERA/SALL2/MERTK/FGF2/NHS/GDF11/COL4A1/NES/MYOM2/MFAP5/OSR2/INHBA/ANGPTL7/FJX1/ATP2B2/PRDM1/ADAMTS18/RBP4/FOXC2/CRYBB3/SOX11/SDK2/VSX1/ABCB5/CYP1A1,70
GO:0042476,odontogenesis,31/2098,132/18870,3.955156761230094e-5,7.155014116032135e-4,5.300779040218853e-4,COL1A1/ASPN/COL1A2/SRC/GLI3/OSR1/TGFB3/ID3/TCIRG1/RUNX2/CD34/FAM20A/DMRT3/PERP/FST/PDGFRA/LAMB1/ENAM/SCN5A/NGFR/GLI2/MSX1/SNX10/OSR2/INHBA/GATA6/TBX1/TNC/HAND2/PHEX/LEF1,31
GO:0030832,regulation of actin filament length,35/2098,157/18870,4.2008483685132435e-5,7.5758777875641e-4,5.61257511674195e-4,ELN/LIMA1/KIRREL1/ADD3/CAPG/PLEKHH2/SPTAN1/TMSB10/PYCARD/CDC42EP5/ARPC5/GSN/TMSB4X/TENM1/FCHSD1/PRKCD/SWAP70/CARMIL1/NCKAP1L/SEMA5A/LMOD1/KANK2/FMN1/SPTB/VILL/COTL1/PTK2B/CCL21/PLEK/ACTN2/BAIAP2/HCLS1/WAS/CORO1A/CSF3,35
GO:0071295,cellular response to vitamin,12/2098,30/18870,4.3692813320562084e-5,7.83099280717605e-4,5.801576609523627e-4,COL1A1/POSTN/SNAI2/MN1/KANK2/FOLR2/SFRP1/PENK/VDR/TNC/PHEX/LEP,12
GO:0090382,phagosome maturation,12/2098,30/18870,4.3692813320562084e-5,7.83099280717605e-4,5.801576609523627e-4,RAB31/SRPX/RAB34/P2RX7/TCIRG1/RAB7B/SLC9A9/SLAMF8/RAB32/RAB39A/RAB20/CORO1A,12
GO:0046942,carboxylic acid transport,64/2098,351/18870,4.5184668487830466e-5,8.073457535656355e-4,5.981206157401234e-4,CRABP2/SLC23A2/SFXN3/SLCO2B1/BDKRB2/NTRK2/SLC16A2/APOE/P2RX7/SLC27A3/PTGES/PLA2R1/SLC17A7/SLC7A2/GABBR1/SLC7A1/SLC6A8/SLC1A7/P2RX4/SLC43A3/EMB/SLC16A4/MPC1/ANXA1/PLIN2/SLC35D2/PRKG1/PPARG/SYK/SLC47A1/FOLR2/RBP7/GOT2/SLC19A2/SLC6A9/PLA2G4A/SLC1A5/SLC38A2/SLC25A22/SLC22A3/AKR1C1/THBS1/ABCC4/MAP2K6/CPT1B/FABP4/ABCG2/SLC38A4/PLA2G4F/FABP7/ABCD2/SLCO2A1/SLC7A10/FABP3/TNFRSF11A/SLC38A5/CACNB4/SLC7A7/ABCC3/SV2A/LEP/LRRC8E/ERFE/SLC6A20,64
GO:0031638,zymogen activation,18/2098,59/18870,4.5639499997029214e-5,8.129710935053639e-4,6.022881384819451e-4,MMP14/C1R/S100A10/CTSZ/PERP/RUNX1/LGMN/CIDEB/CLEC3B/IFI16/MELTF/CASP8/THBS1/ANXA2/DHCR24/PRSS12/SERPINE2/PLAU,18
GO:0001659,temperature homeostasis,39/2098,183/18870,4.622214398336069e-5,8.186292364293446e-4,6.064799632542815e-4,MFAP2/CMKLR1/STAT6/SQSTM1/LAMA4/EBF2/PTGES/LEPR/PTGER3/MFN2/HADH/NPR3/GATM/SYK/TRPV2/PWWP2B/NR1H3/PLCL1/PPARGC1A/MAP2K6/CIDEA/TRPM2/FABP4/CXCR4/IL4R/CNR1/SCD/DIO2/IRF4/ELOVL6/ADIPOQ/PRLR/TNFRSF11A/FOXC2/YBX2/ADRB1/ADCYAP1/LEP/EGR1,39
GO:0071526,semaphorin-plexin signaling pathway,15/2098,44/18870,4.623908895278544e-5,8.186292364293446e-4,6.064799632542815e-4,PLXNB2/PLXNB1/PLXND1/SEMA3B/NRP2/PLXNB3/PLXNA3/SEMA5A/SEMA3D/PLXNC1/FLNA/NCAM1/SEMA3A/PLXNA4/HAND2,15
GO:0099173,postsynapse organization,41/2098,196/18870,4.698223685356274e-5,8.292579009381119e-4,6.143541897952677e-4,CHRDL1/EPHB3/SYNGAP1/TANC2/FYN/APOE/CAPRIN2/MUSK/DBN1/LRRK2/EZR/NRP2/NLGN2/ACTN1/PTPRS/LGMN/PDLIM5/PTPRD/EPHB2/ARHGAP22/FCGR2B/DOCK10/ACTG1/NLGN4X/PTK2B/ZDHHC15/BAIAP2/TIAM1/ARHGAP39/LZTS1/CNKSR2/GRID1/RAC3/LILRB2/ZNF365/ROR2/COLQ/LRRC4B/NRCAM/IL1RAPL1/NPTX1,41
GO:0001738,morphogenesis of a polarized epithelium,24/2098,92/18870,4.845486475006469e-5,8.513351286530631e-4,6.307100633183307e-4,SFRP2/CTHRC1/FAT1/DAB2/PTK7/PRICKLE2/TTC8/PRICKLE1/FZD6/FZD1/GPC3/VANGL1/CELSR2/ACTG1/JHY/SFRP1/PLEKHA4/FZD7/CELSR1/TIAM1/FZD2/ARHGEF19/BRSK1/CAMSAP3,24
GO:0010755,regulation of plasminogen activation,9/2098,18/18870,4.852624893820628e-5,8.513351286530631e-4,6.307100633183307e-4,S100A10/CTSZ/RUNX1/CLEC3B/MELTF/THBS1/ANXA2/SERPINE2/PLAU,9
GO:0002407,dendritic cell chemotaxis,11/2098,26/18870,4.9144895670606193e-5,8.595915938530426e-4,6.368268503670498e-4,SLAMF8/LGALS9/PIK3CG/CCR1/CCL21/TRPM2/SPI1/GPR183/CXCR4/CCL5/CCR5,11
GO:0015849,organic acid transport,64/2098,352/18870,4.935303928927564e-5,8.606399373958668e-4,6.376035137514447e-4,CRABP2/SLC23A2/SFXN3/SLCO2B1/BDKRB2/NTRK2/SLC16A2/APOE/P2RX7/SLC27A3/PTGES/PLA2R1/SLC17A7/SLC7A2/GABBR1/SLC7A1/SLC6A8/SLC1A7/P2RX4/SLC43A3/EMB/SLC16A4/MPC1/ANXA1/PLIN2/SLC35D2/PRKG1/PPARG/SYK/SLC47A1/FOLR2/RBP7/GOT2/SLC19A2/SLC6A9/PLA2G4A/SLC1A5/SLC38A2/SLC25A22/SLC22A3/AKR1C1/THBS1/ABCC4/MAP2K6/CPT1B/FABP4/ABCG2/SLC38A4/PLA2G4F/FABP7/ABCD2/SLCO2A1/SLC7A10/FABP3/TNFRSF11A/SLC38A5/CACNB4/SLC7A7/ABCC3/SV2A/LEP/LRRC8E/ERFE/SLC6A20,64
GO:0050729,positive regulation of inflammatory response,34/2098,152/18870,4.995037130419097e-5,8.68448521447416e-4,6.43388488875602e-4,TGFB1/CCN4/CD81/APP/KARS1/MDK/GSDMD/PYCARD/GRN/C3/LRRK2/PTGER3/IL33/CEBPA/FEM1A/IL16/SUCNR1/TLR7/PIK3CG/BTK/NAIP/IL17RA/FABP4/CNR1/MAPK13/GPSM3/CD28/TNFRSF11A/TRPV4/PLA2G7/NKG7/TLR9/CCL3/LDLR,34
GO:0016055,Wnt signaling pathway,79/2098,459/18870,5.062932177626074e-5,8.776252882231228e-4,6.501870796530327e-4,COL1A1/SFRP2/SFRP4/SRC/LRP1/GLI3/ADGRA2/CTHRC1/TGFB1/CCN4/TPBG/SOX4/DKK3/APP/IGFBP4/PKD2/SPIN1/MDK/UBE2B/SNAI2/NFATC4/NID1/DAB2/RECK/SULF1/FRZB/PTK7/SULF2/MITF/APOE/PRICKLE2/CAPRIN2/HIC1/PRKAA2/PRICKLE1/LRRK2/FZD6/RARG/TSKU/FZD1/CD24/GPC3/CPE/IGFBP6/PTPRU/WWTR1/VANGL1/DACT3/PPP2CA/JUP/ALPK2/SEMA5A/CELSR2/WNK2/SFRP1/SDC1/FGF2/PLEKHA4/TMEM198/FZD7/PPM1B/CELSR1/MDFI/APCDD1L/TRABD2B/GSC/LBX2/TBX18/TIAM1/FZD2/LGR5/CCND1/MYOC/RAC3/ARHGEF19/FZD10/GLI1/EGR1/LEF1,79
GO:0030500,regulation of bone mineralization,22/2098,81/18870,5.094311856373749e-5,8.804365758917369e-4,6.522698169486063e-4,TMEM119/ECM1/OSR1/MGP/TWIST1/DDR2/TENT5A/P2RX7/LTBP3/COMP/PTN/ADGRV1/SLC20A2/ENPP1/CCR1/PTK2B/OSR2/VDR/PKDCC/ALOX5/PHOSPHO1/CCL3,22
GO:0007369,gastrulation,41/2098,197/18870,5.306424377633496e-5,9.093799629328459e-4,6.737124719724002e-4,COL5A2/SFRP2/MMP14/MMP2/COL5A1/COL6A1/COL8A1/FN1/OSR1/COL12A1/PHLDB1/ITGB5/TGFBR2/TENM4/MBP/PRICKLE1/TWSG1/GPC3/ITGB2/TGIF2/LAMB1/ITGA2/LAMA3/COL11A1/PHLDB2/ITGB4/COL4A2/SFRP1/DUSP4/FZD7/TBX19/INHBA/GSC/LBX2/MMP9/GATA6/ITGA4/UGDH/ADIPOQ/FOXC2/LEF1,41
GO:0032633,interleukin-4 production,13/2098,35/18870,5.308761967181587e-5,9.093799629328459e-4,6.737124719724002e-4,IL33/HLA-DRB1/HAVCR2/PRKCQ/SYK/LGALS9/FCER1G/SASH3/CD86/IRF4/CD28/LEF1/CD40LG,13
GO:0032673,regulation of interleukin-4 production,13/2098,35/18870,5.308761967181587e-5,9.093799629328459e-4,6.737124719724002e-4,IL33/HLA-DRB1/HAVCR2/PRKCQ/SYK/LGALS9/FCER1G/SASH3/CD86/IRF4/CD28/LEF1/CD40LG,13
GO:0014812,muscle cell migration,27/2098,110/18870,5.3984547153186904e-5,9.220243097604598e-4,6.830800130497674e-4,SRC/POSTN/LRP1/LPAR1/PARVA/PDGFRB/CCN4/CCN3/MDK/IGF1/DDR2/PDGFD/THBS4/S100A11/IGFBP3/CORO1B/AIF1/ITGA2/ANXA1/TACR1/PRKG1/ABHD2/MEGF10/ADIPOQ/CCL5/TRIB1/PLAU,27
GO:0032613,interleukin-10 production,19/2098,65/18870,5.4726469308076576e-5,9.243298513168074e-4,6.847880692688121e-4,PYCARD/TNFRSF21/HLA-DRB1/LILRB4/FCGR2B/HGF/TYROBP/SYK/LGALS9/SASH3/BTK/PDCD1LG2/IRF4/RBM47/CD28/TLR9/LILRB1/CLEC7A/CD40LG,19
GO:0032653,regulation of interleukin-10 production,19/2098,65/18870,5.4726469308076576e-5,9.243298513168074e-4,6.847880692688121e-4,PYCARD/TNFRSF21/HLA-DRB1/LILRB4/FCGR2B/HGF/TYROBP/SYK/LGALS9/SASH3/BTK/PDCD1LG2/IRF4/RBM47/CD28/TLR9/LILRB1/CLEC7A/CD40LG,19
GO:0021782,glial cell development,29/2098,122/18870,5.47562371022872e-5,9.243298513168074e-4,6.847880692688121e-4,MXRA8/LRP1/LPAR1/SOX4/APP/MDK/VIM/NTRK2/ID4/TENM4/GRN/CLU/ARHGEF10/LAMB2/C1QA/ITGB4/NDRG1/ROR1/NRROS/PRDM8/ADGRG6/PLP1/POU3F1/MYOC/ROR2/SOX11/ZNF488/PHGDH/LDLR,29
GO:0022612,gland morphogenesis,29/2098,122/18870,5.47562371022872e-5,9.243298513168074e-4,6.847880692688121e-4,MMP2/SRC/NOTCH2/GLI3/TGFB1/LIPA/CYP7B1/MDK/SNAI2/ID4/SULF1/STAT6/SULF2/TGFBR2/FGF7/TGFB3/TWSG1/RARG/PLXND1/CSF1R/NTN1/PTN/GDF7/HGF/SFRP1/NKX3-1/VDR/TNC/GLI1,29
GO:0060560,developmental growth involved in morphogenesis,48/2098,244/18870,5.8294488045721276e-5,9.791252489301848e-4,7.253831387486363e-4,DCLK1/SFRP2/CRABP2/POSTN/SLC23A2/SLIT3/FN1/APP/MAP1B/RNF157/PTK7/TGFBR2/APOE/SPP1/ST8SIA2/PRICKLE1/SHTN1/RARG/WASF1/SEMA3B/NRP2/COBL/NTN1/LAMB2/PTPRS/PLXNA3/ARHGAP4/ALCAM/SEMA5A/NDN/SEMA3D/PRKG1/FMN1/SFRP1/TRPV2/CPNE5/EFNA5/IFRD1/TIAM1/CXCR4/ITGA4/FLRT3/TNC/SEMA3A/PLXNA4/KIF26B/FLRT1/NRCAM,48
GO:0002763,positive regulation of myeloid leukocyte differentiation,18/2098,60/18870,5.848443123824601e-5,9.791252489301848e-4,7.253831387486363e-4,NOTCH2/TGFB1/CD4/ID2/HLA-DRB1/RUNX1/CD74/IL34/TYROBP/CASP8/CCR1/GPR68/KLF10/HCLS1/ROR2/FOS/TRIB1/LEF1,18
GO:0043367,"CD4-positive, alpha-beta T cell differentiation",24/2098,93/18870,5.850808702923611e-5,9.791252489301848e-4,7.253831387486363e-4,TMEM98/STAT6/LOXL3/RORC/HLA-DRB1/RUNX1/NCKAP1L/ANXA1/HLA-DRA/LGALS9/ENTPD7/SASH3/BCL6/SPN/CD86/GPR183/IL4R/IL2RG/IRF4/RUNX3/TOX/NFKBID/SLAMF6/LEF1,24
GO:1901342,regulation of vasculature development,64/2098,354/18870,5.8769336929563553e-05,9.79811291891583e-4,7.258913924140373e-4,SFRP2/THBS2/GPNMB/SPARC/EMILIN1/ADGRA2/ADAM12/ECM1/DCN/MDK/TWIST1/HSPG2/RECK/SULF1/TGFBR2/THBS4/STAB1/CREB3L1/GRN/C3/CD34/EMILIN2/SPRED1/SMOC2/PLXND1/NIBAN2/RUNX1/CYBB/PRKD1/VEGFD/ISM1/F3/PTGIS/JUP/FGF18/SEMA5A/ANGPT2/PPARG/VASH2/C3AR1/COL4A2/SFRP1/TNMD/PIK3CG/CHI3L1/FGF2/PTK2B/ITGB8/CCBE1/THBS1/GADD45A/CYSLTR1/PDE3B/GLUL/ANGPTL7/SPHK1/CXCR4/GATA6/ITGAX/FOXC2/ALOX5/ADGRB2/ANGPT4/LEP,64
GO:0198738,cell-cell signaling by wnt,79/2098,461/18870,5.888654053214439e-5,9.79811291891583e-4,7.258913924140373e-4,COL1A1/SFRP2/SFRP4/SRC/LRP1/GLI3/ADGRA2/CTHRC1/TGFB1/CCN4/TPBG/SOX4/DKK3/APP/IGFBP4/PKD2/SPIN1/MDK/UBE2B/SNAI2/NFATC4/NID1/DAB2/RECK/SULF1/FRZB/PTK7/SULF2/MITF/APOE/PRICKLE2/CAPRIN2/HIC1/PRKAA2/PRICKLE1/LRRK2/FZD6/RARG/TSKU/FZD1/CD24/GPC3/CPE/IGFBP6/PTPRU/WWTR1/VANGL1/DACT3/PPP2CA/JUP/ALPK2/SEMA5A/CELSR2/WNK2/SFRP1/SDC1/FGF2/PLEKHA4/TMEM198/FZD7/PPM1B/CELSR1/MDFI/APCDD1L/TRABD2B/GSC/LBX2/TBX18/TIAM1/FZD2/LGR5/CCND1/MYOC/RAC3/ARHGEF19/FZD10/GLI1/EGR1/LEF1,79
GO:0042113,B cell activation,53/2098,278/18870,5.958028970396171e-5,9.88522120888302e-4,7.32344794045388e-4,MMP14/NOTCH2/TGFB1/CD81/STAT6/CMTM7/AHR/SLC39A7/TNFRSF21/DOCK11/TCIRG1/SLC39A10/ID2/ITM2A/ZFP36L2/LAPTM5/SLAMF8/HDAC5/PRKCD/CD74/SWAP70/EPHB2/FCGR2B/DOCK10/NCKAP1L/TYROBP/IRF8/SYK/SFRP1/LFNG/SASH3/VCAM1/BTK/BCL6/CASP8/PTK2B/INHBA/CD86/SPI1/GPR183/ITGA4/IL2RG/THEMIS2/CD28/PRLR/IKZF3/IL7R/CD300A/TLR9/CD180/BLNK/LEF1/CD40LG,53
GO:0007519,skeletal muscle tissue development,36/2098,166/18870,6.0773136118361614e-5,0.0010054404599410993,7.448787143971927e-4,ELN/COL19A1/CDON/TGFB1/TWIST1/CHRNA1/IGF2/MYOM1/NEURL1/CHRND/NIBAN2/MEOX2/YBX3/SOX8/MYH14/MSC/SHOX2/MYOZ1/ASB2/MYOG/HLF/MYLK2/BTG2/MEGF10/MYOM2/KLHL40/TBX1/VGLL2/HOXD9/ATF3/SOX11/FOS/CYP26B1/EGR1/NR4A1/MAFF,36
GO:0042391,regulation of membrane potential,76/2098,440/18870,6.186384907325363e-5,0.001020577760137454,7.56093155389915e-4,SRC/APP/LIPA/DCN/PIEZO2/PIEZO1/NTRK2/CHRNA1/CLIC1/P2RX7/BOK/CHRNG/KCNJ5/LRRK2/CHRND/GABBR1/NDUFS1/GABRE/NLGN2/SLC1A7/KCNJ11/SNTA1/P2RX4/S1PR2/CACNA1C/SCN5A/JUP/MYH14/GPD1L/TACR1/KCNAB2/CACNB3/DMPK/CXADR/KCNK6/ATP1B1/KCNA1/NLGN4X/GNA15/SLC4A3/GRIN2D/EHD3/CACNB2/KCNE4/KCND2/PTK2B/FLNA/PLN/ATP2A2/INSYN1/CHCHD10/BID/KCND3/ACTN2/SCN2B/STX1B/TBX18/BAIAP2/PTPN3/MLLT11/SOD2/CNR1/ASIC1/MYOC/GRID1/KCNE2/SLC4A11/CACNB4/ADRB1/KCNIP2/CHRNA5/GRIA3/NRCAM/ABCB5/KCNK5/DSP,76
GO:0008038,neuron recognition,15/2098,45/18870,6.227781835156101e-5,0.0010216025174223581,7.568523449385366e-4,APP/ROBO3/EPHB3/EPHA3/TNFRSF21/PLXND1/EPHB2/EMB/SEMA5A/NDN/NTM/CNTN4/CXCR4/CNR1/NRCAM,15
GO:0071604,transforming growth factor beta production,15/2098,45/18870,6.227781835156101e-5,0.0010216025174223581,7.568523449385366e-4,COL3A1/LUM/FN1/TSKU/CD200/TNXB/CD24/LTBP1/TYROBP/NRROS/LGALS9/ITGB8/THBS1/GATA6/LILRB1,15
GO:1990266,neutrophil migration,30/2098,129/18870,6.350613398491822e-5,0.0010388172395786482,7.696058401671187e-4,JAM3/XG/CAMK1D/PPIB/LGALS3/MDK/THBS4/SLAMF8/ITGB2/CD74/CCL22/NCKAP1L/DPP4/SAA1/SYK/CCL18/C3AR1/CCL14/MYD88/CXADR/FCER1G/PIK3CG/CCL21/RAC3/CCL16/CXCL1/CCL3L3/CCL5/CCL3/CXCL9,30
GO:0048588,developmental cell growth,47/2098,239/18870,6.985698466686683e-5,0.0011374460208575605,8.426747912673179e-4,DCLK1/CRABP2/POSTN/PRMT2/SLC23A2/SLIT3/FN1/APP/MAP1B/IGF1/RNF157/TGFBR2/APOE/SPP1/ST8SIA2/PRICKLE1/SHTN1/RARG/WASF1/SEMA3B/PI16/NRP2/COBL/NTN1/LAMB2/PTPRS/PDLIM5/PLXNA3/ARHGAP4/G6PD/ALCAM/SEMA5A/NDN/SEMA3D/PRKG1/TRPV2/CPNE5/EFNA5/IFRD1/TIAM1/CXCR4/ITGA4/FLRT3/SEMA3A/PLXNA4/FLRT1/NRCAM,47
GO:0045765,regulation of angiogenesis,63/2098,349/18870,7.001530600674468e-5,0.0011374460208575605,8.426747912673179e-4,SFRP2/THBS2/GPNMB/SPARC/EMILIN1/ADGRA2/ADAM12/ECM1/DCN/MDK/TWIST1/HSPG2/RECK/SULF1/TGFBR2/THBS4/STAB1/CREB3L1/GRN/C3/CD34/EMILIN2/SPRED1/SMOC2/PLXND1/NIBAN2/RUNX1/CYBB/PRKD1/VEGFD/ISM1/F3/PTGIS/JUP/FGF18/SEMA5A/ANGPT2/PPARG/VASH2/C3AR1/COL4A2/SFRP1/TNMD/PIK3CG/CHI3L1/FGF2/PTK2B/ITGB8/CCBE1/THBS1/GADD45A/CYSLTR1/PDE3B/GLUL/SPHK1/CXCR4/GATA6/ITGAX/FOXC2/ALOX5/ADGRB2/ANGPT4/LEP,63
GO:0019216,regulation of lipid metabolic process,62/2098,342/18870,7.01232435796464e-5,0.0011374460208575605,8.426747912673179e-4,GOLM1/PDGFRB/TGFB1/DKK3/TWIST1/SNAI2/DAB2/ADRA2A/APOE/RARRES2/NPC2/C3/RORC/ID2/IGFBP7/LPCAT1/MID1IP1/CCDC3/PDK2/FMO1/PDGFRA/PRKCD/C1QTNF2/CD74/PRKD1/SCT/CIDEB/PRKAG2/FMO4/ANXA1/PRKG1/GNB3/PPARG/ELOVL5/NR1H3/PIK3CG/FGF2/HSD17B13/CCL21/PPARGC1A/PDK4/CIDEA/PDE3B/SPHK1/CNR1/HCAR1/HTR2B/AKR1C3/ABCD2/ADIPOQ/ZFP69/CIDEC/FABP3/SEC14L2/SERPINA3/PLIN5/LEP/EGR1/PCK1/THRSP/ERFE/LDLR,62
GO:0002468,dendritic cell antigen processing and presentation,8/2098,15/18870,7.20767943626957e-5,0.001165877283744217,8.637380400537674e-4,NOD1/HLA-DRB1/CD74/FCGR2B/HLA-DRA/FGL2/CCL21/THBS1,8
GO:0044272,sulfur compound biosynthetic process,35/2098,161/18870,7.253682185980639e-5,0.0011700592348330436,8.668362308217214e-4,DSEL/CHPF/DSE/GGT5/CHST14/PAPSS1/CHPF2/ACSS2/ST3GAL4/PDK2/FMO1/PAPSS2/HS3ST2/CSGALNACT1/DLAT/SLC35D2/CHST11/SLC19A3/XYLT1/ELOVL5/SLC19A2/UST/CHSY3/B3GNT7/HS3ST3A1/PDK4/GGTA1/CHST6/HS6ST2/ELOVL7/UGDH/ELOVL6/CDO1/GGT7/ELOVL4,35
GO:0060350,endochondral bone morphogenesis,18/2098,61/18870,7.442565742908152e-5,0.001193777010176425,8.84407501036145e-4,COL1A1/TMEM119/MMP14/COL3A1/THBS3/TGFBR2/MMP16/RUNX2/RARG/TSKU/COMP/CSGALNACT1/FGF18/NAB2/SHOX2/NPPC/TRPV4/PHOSPHO1,18
GO:1901890,positive regulation of cell junction assembly,26/2098,106/18870,7.45557193468572e-5,0.001193777010176425,8.84407501036145e-4,THBS2/THY1/COL16A1/TPBG/EPHB3/NTRK2/S100A10/LRRN3/CLSTN3/ST8SIA2/NLGN2/PTPRD/AGRN/EPHB2/FMN1/SFRP1/CLSTN2/EFNA5/SRPX2/FLRT2/MYOC/FLRT3/SDC4/LRRC4B/SYNDIG1/IL1RAPL1,26
GO:0032753,positive regulation of interleukin-4 production,11/2098,27/18870,7.462391160565563e-5,0.001193777010176425,8.84407501036145e-4,IL33/HAVCR2/PRKCQ/SYK/LGALS9/FCER1G/SASH3/CD86/IRF4/CD28/CD40LG,11
GO:0019318,hexose metabolic process,46/2098,233/18870,7.521948182711064e-5,0.0011999987114561304,8.890168369791821e-4,SRC/LIPA/IGFBP4/IGF1/C1QTNF3/MAN2B1/PFKL/IGF2/FBP1/MAN2B2/IGFBP3/RORC/LEPR/PGP/FUCA2/PDK2/MDH2/KCNJ11/ENO2/G6PD/DLAT/GNB3/PGM2L1/GOT1/C1QTNF1/PFKP/ACADM/PPARGC1A/PCK2/TSTD1/PDK4/PPP1R3G/GAPDH/PGM1/NPY1R/GPT2/ENO3/PGAM2/ADIPOQ/RBP4/SDS/ATF3/MIDN/LEP/PCK1/ERFE,46
GO:0045807,positive regulation of endocytosis,34/2098,155/18870,7.565152209914306e-5,0.00120358462693075,8.916734558592581e-4,SFRP4/LRP1/CAMK1D/RAB31/CBLL1/CLIP3/AXL/DAB2/APOE/ARRB1/C2/PYCARD/C3/CLU/LRRK2/TUB/GPC3/ITGA2/CD14/FCGR2B/NCKAP1L/BCR/SYK/MERTK/FCER1G/C4B/BTK/CCL21/C4A/DOCK2/ANXA2/IL2RG/IL2RB/CLEC7A,34
GO:0002691,regulation of cellular extravasation,14/2098,41/18870,8.07792085093717e-5,0.0012781603918635461,9.469227740651144e-4,THY1/JAM3/XG/MDK/PDGFD/ST3GAL4/PLVAP/BCR/RIPK3/CCL21/SELP/GCNT1/ITGA4/PTAFR,14
GO:0042554,superoxide anion generation,14/2098,41/18870,8.07792085093717e-5,0.0012781603918635461,9.469227740651144e-4,SH3PXD2B/TGFB1/ACP5/ITGB2/PRKCD/CYBB/TYROBP/SYK/ITGAM/NOX4/SOD2/NCF4/DUOX1/CLEC7A,14
GO:0048562,embryonic organ morphogenesis,55/2098,295/18870,8.174834969993262e-5,0.001289980072574752,9.55679362767805e-4,MMP14/MFAP2/NOTCH2/GLI3/CTHRC1/PKD2/OSR1/TWIST1/FRZB/PTK7/TGFBR2/MMP16/TGFB3/IFT52/RUNX2/ID2/FBN1/FZD6/RARG/PDGFRA/EFEMP1/NTN1/LBX1/EPHB2/HOXD3/BCR/SHOX2/COL11A1/HOXC4/ASB2/CHST11/TCAP/TTC39C/HOXB5/MSX1/HOXD4/HOXB6/MDFI/MFAP5/CCDC40/OSR2/GSC/TBX18/SATB2/FZD2/TBX1/TECTA/MYO15A/HOXD9/RBP4/MTHFD1L/FOXC2/HAND2/SOX11/GLI1,55
GO:0097028,dendritic cell differentiation,15/2098,46/18870,8.298367165532286e-5,0.0013007701103048867,9.636731423628603e-4,NOTCH2/AXL/TMEM176A/TGFBR2/TMEM176B/FCGR2B/IRF8/LGALS9/BATF2/ITGB8/TRPM2/SPI1/LILRB2/IRF4/LILRB1,15
GO:0002283,neutrophil activation involved in immune response,9/2098,19/18870,8.310413482402497e-5,0.0013007701103048867,9.636731423628603e-4,ITGB2/BCR/TYROBP/SYK/MYD88/FCER1G/ITGAM/SPI1/PTAFR,9
GO:0010759,positive regulation of macrophage chemotaxis,9/2098,19/18870,8.310413482402497e-5,0.0013007701103048867,9.636731423628603e-4,MDK/CMKLR1/RARRES2/CSF1R/IL34/C3AR1/THBS1/TRPV4/CCL5,9
GO:0072593,reactive oxygen species metabolic process,46/2098,234/18870,8.372037582449994e-5,0.0013041003858986152,9.661403709076417e-4,SH3PXD2B/PDGFRB/TGFB1/LIPA/FBLN5/PXDN/TGFBR2/FYN/ACP5/P2RX7/PRCP/LRRK2/PLA2R1/VDAC1/NDUFS1/MAOB/ITGB2/PRKCD/SOD3/CBR1/CYBB/G6PD/CCN2/BCR/SESN1/TYROBP/SYK/ITGAM/RIPK3/PTK2B/NOX4/AKR1C1/THBS1/PDK4/GADD45A/SOD2/NCF4/AKR1C3/ABCD2/MMP3/ALOX5/PLIN5/LEP/DUOX1/CLEC7A/CYP1A1,46
GO:0007266,Rho protein signal transduction,31/2098,137/18870,8.37660485517795e-5,0.0013041003858986152,9.661403709076417e-4,COL1A2/COL3A1/LPAR1/ADRA2A/EPS8L2/APOE/ARRB1/ARHGAP1/CDC42EP5/F2R/PLEKHG5/SHTN1/MYO9B/NTN1/RTKN/ARHGAP4/BCR/NGFR/KANK2/RHOD/F11R/ABRA/BCL6/ARHGAP20/CELSR1/ARHGEF28/GPR65/MYOC/WAS/F2RL2/LPAR2,31
GO:0019233,sensory perception of pain,21/2098,78/18870,8.60191976578746e-5,0.0013355975422440582,9.894749812207528e-4,CCN3/FYN/P2RX7/F2R/PTGES/BACE1/LXN/NLGN2/P2RX4/ITGA2/NDN/PENK/KCNA1/GRIN2D/KCND2/NPY1R/NIPSNAP1/CXCR4/RETREG1/OPRL1/CCL3,21
GO:0006956,complement activation,19/2098,67/18870,8.627715066524222e-5,0.0013360304371014976,9.89795690579214e-4,C1R/C1S/SVEP1/C2/SERPING1/C7/C3/CFH/CLU/SUSD4/C1QA/C1QC/VSIG4/C1QB/C4B/C4A/C6/NCR3LG1/CFB,19
GO:0045860,positive regulation of protein kinase activity,53/2098,282/18870,8.794069730125115e-5,0.0013581692266711849,0.0010061971720890634,SRC/PDGFRB/TGFB1/CCND2/MAP3K12/PKD2/IGF1/DDR2/ADRA2A/PDGFD/TGFBR2/CD4/CLU/NEK10/LRRK2/CAMKK2/TENM1/CD24/CSF1R/PRKCD/ERBB3/PPP2CA/PRKAG2/FGF18/IL34/NAB2/CAMK1/ANG/PIK3CG/CHI3L1/FGF2/RIPK3/PTK2B/CCL21/RASSF2/NOX4/THBS1/TRAF4/CAMKK1/CD86/CCND1/PIK3R5/MMD/HTR2B/ADIPOQ/PRLR/TNFRSF11A/CD300A/CCL5/FZD10/ADCYAP1/LEP/EGR1,53
GO:0030593,neutrophil chemotaxis,26/2098,107/18870,8.821217309195958e-5,0.00135874824706899,0.0010066261382851846,JAM3/CAMK1D/PPIB/LGALS3/MDK/THBS4/ITGB2/CD74/CCL22/NCKAP1L/DPP4/SAA1/SYK/CCL18/C3AR1/CCL14/CXADR/FCER1G/PIK3CG/CCL21/CCL16/CXCL1/CCL3L3/CCL5/CCL3/CXCL9,26
GO:1902074,response to salt,65/2098,366/18870,8.935984759606501e-5,0.0013703956271141104,0.001015255078356497,COL1A1/ASPN/PKD2/NT5E/TRPC1/NFATC4/COL18A1/DAB2/FYN/ADCY7/P2RX7/PRKAA2/PNPLA3/ST8SIA2/RUNX2/CLIC4/RNLS/S100A16/CHRND/TUBA1A/IMPA2/KCNJ11/P2RX4/ITGA2/HDAC5/LGMN/ADGRV1/AGRN/CEBPA/SCN5A/G6PD/ENPP1/MYOG/SUCNR1/PENK/SDC1/P2RY2/GNA15/CPNE5/CPNE8/PTK2B/PPP1R1B/THBS1/BAIAP2/TIAM1/TRPM2/SOD2/FABP4/PANX1/CNR1/SYT15/RASA4B/MAPK13/AKR1C3/P2RY1/ADIPOQ/TNNT2/KCNIP2/FOS/PHEX/TLR9/LEP/EGR1/CYP1A1/NPTX1,65
GO:1901654,response to ketone,42/2098,208/18870,8.94403207639483e-5,0.0013703956271141104,0.001015255078356497,SRC/POSTN/SLIT3/TGFB1/LIPA/ADCY3/AHR/FBP1/SPP1/PRKAA2/TGFB3/ADCY2/IGFBP7/GNG2/TRERF1/MAOB/CYBB/PRKD1/PTGER2/TACR1/FIBIN/SFRP1/ABHD2/NR1H3/PTGFR/NKX3-1/EFNA5/GNAI1/CCL21/PTGDR/PCK2/INHBA/THBS1/PTAFR/TNC/GPT2/AKR1C3/GJB2/MAP4K1/FOS/CARD9/PCK1,42
GO:0006816,calcium ion transport,76/2098,445/18870,9.028563489687298e-5,0.001379707057489846,0.0010221534344141824,THY1/PDGFRB/LGALS3/PKD2/TRPC1/ADRA2A/NCS1/FYN/TPT1/P2RX7/CD4/F2R/UBR3/CD84/PLCE1/JPH1/BDKRB1/VDAC1/MCUB/PDE4D/MYLK/PKD2L2/P2RX4/CACNA1C/PLCB2/SCN5A/PRKD1/G6PD/TMEM37/IL16/CACNB3/TMEM38A/SLC30A1/CALCRL/CD33/TRPV2/ORAI2/CLIC2/ATP1B1/PIK3CG/GRIN2D/FGF2/CACNB2/MCOLN3/GJC2/CCR1/PTK2B/FLNA/CCL21/PLN/ATP2A2/CYSLTR1/ANXA2/NMUR1/TRPM2/PLP1/DHRS7C/CXCR4/PANX1/VDR/ATP2B2/ASIC1/ATP2A1/HTR2B/LILRB2/UBASH3B/CACNB4/TRPV4/ATP2B3/CCL5/TLR9/LILRB1/CORO1A/CCR5/CCL3/CXCL9,76
GO:0030111,regulation of Wnt signaling pathway,61/2098,338/18870,9.114355940906573e-5,0.0013891618096809573,0.0010291579701750288,COL1A1/SFRP2/SFRP4/SRC/LRP1/GLI3/ADGRA2/CTHRC1/TGFB1/CCN4/TPBG/SOX4/DKK3/APP/IGFBP4/SPIN1/MDK/UBE2B/SNAI2/NFATC4/DAB2/RECK/SULF1/FRZB/PTK7/SULF2/APOE/CAPRIN2/HIC1/PRICKLE1/LRRK2/FZD6/TSKU/FZD1/GPC3/IGFBP6/PTPRU/WWTR1/DACT3/PPP2CA/JUP/ALPK2/SEMA5A/WNK2/SFRP1/FGF2/PLEKHA4/TMEM198/FZD7/PPM1B/MDFI/APCDD1L/TRABD2B/GSC/LBX2/TBX18/TIAM1/LGR5/GLI1/EGR1/LEF1,61
GO:0048762,mesenchymal cell differentiation,50/2098,262/18870,9.254061047321625e-5,0.0014067626309370858,0.0010421975062111736,COL1A1/SFRP2/TGFB1/FN1/OSR1/IL17RD/MDK/TWIST1/IGF1/SNAI2/PHLDB1/S100A4/DAB2/FRZB/TGFBR2/EPHA3/GLIPR2/LOXL3/TGFB3/SPRED1/SLC39A10/VASN/TNXB/SEMA3B/NRP2/LOXL2/WWTR1/DACT3/SOX8/PPP2CA/AKNA/SEMA5A/HGF/PHLDB2/SEMA3D/SFRP1/MSX1/FLNA/NCAM1/GSC/TIAM1/KBTBD8/TBX1/HTR2B/ZNF750/SEMA3A/FOXC2/HAND2/TGFBR3L/LEF1,50
GO:0044409,entry into host,35/2098,163/18870,9.434472584482259e-5,0.0014304434020388636,0.0010597413619013053,SRC/LRRC15/TNFRSF14/CD81/AXL/ITGB5/CD4/KPNA3/GSN/SLC7A1/TRIM22/HLA-DRB1/FUCA2/ANPEP/ITGA2/SIGLEC1/CD74/MRC1/DPP4/SLC20A2/WWP1/TRIM5/TYRO3/CXADR/LGALS9/F11R/CD209/SLC1A5/NCAM1/CD86/CXCR4/SELPLG/TRIM6/CCR5/LDLR,35
GO:0048568,embryonic organ development,77/2098,453/18870,9.540762864530971e-5,0.0014427919258940456,0.0010688897430739604,MMP14/MFAP2/NOTCH2/GLI3/CTHRC1/TGFB1/PKD2/OSR1/TWIST1/COL18A1/FRZB/PTK7/TGFBR2/IGF2/RARRES2/MMP16/TGFB3/ID3/IFT52/PCSK5/RUNX2/ID2/PRICKLE1/FBN1/FZD6/RARG/TEAD1/COBL/PDGFRA/EFEMP1/NTN1/CC2D2A/LBX1/CEBPA/EPHB2/SCT/HOXD3/BCR/SHOX2/COL11A1/HOXC4/ASB2/GLI2/CHST11/TCAP/VASH2/TTC39C/HOXB5/MSX1/CASP8/NES/HOXD4/HOXB6/MDFI/MFAP5/CCDC40/OSR2/GSC/TBX18/SATB2/FZD2/TBX1/TECTA/MYO15A/PRDM1/PLXNA4/PKDCC/HOXD9/ST14/RBP4/MTHFD1L/FOXC2/HAND2/TUBB2B/SOX11/GLI1/LEF1,77
GO:0032732,positive regulation of interleukin-1 production,20/2098,73/18870,9.653705239723159e-5,0.0014523074177998027,0.0010759392777406204,APP/NOD1/GSDMD/P2RX7/PYCARD/S100A13/TMEM106A/HAVCR2/IL16/TYROBP/IFI16/SAA1/MYD88/LGALS9/CASP8/NAIP/PANX1/CCL3/EGR1/CLEC7A,20
GO:0072678,T cell migration,20/2098,73/18870,9.653705239723159e-5,0.0014523074177998027,0.0010759392777406204,XG/TNFRSF14/ECM1/APP/PYCARD/CD200/CXCL16/AIF1/F11R/PIK3CG/RIPK3/CCL21/SPN/TMEM102/GPR183/CD200R1/ITGA4/CCL5/CORO1A/CCL3,20
GO:0050770,regulation of axonogenesis,34/2098,157/18870,9.888376189715903e-5,0.0014837674556506526,0.001099246388885323,CRABP2/THY1/PLXNB2/FN1/MAP1B/EPHB3/SYNGAP1/NTRK2/SPP1/PLXNB1/SHTN1/PLXND1/SEMA3B/NTN1/PTPRS/PLXNB3/EPHB2/PLXNA3/ARHGAP4/SEMA5A/SHOX2/SEMA3D/TRPV2/MAP6/PLXNC1/UST/EFNA5/IFRD1/CHN1/TIAM1/SEMA3A/PLXNA4/CHODL/BRSK1,34
GO:0034111,negative regulation of homotypic cell-cell adhesion,7/2098,12/18870,9.915850646919325e-5,0.0014840552759448587,0.001099459620020599,PRKCD/PRKG1/CD9/C1QTNF1/ADAMTS18/UBASH3B/SERPINE2,7
GO:0007179,transforming growth factor beta receptor signaling pathway,45/2098,229/18870,1.003448702166899e-4,0.0014979502862424634,0.0011097537128280657,ASPN/LOX/COL1A2/HTRA1/COL3A1/SLC2A10/SRC/EMILIN1/CD109/TGFB1/DKK3/IL17RD/CILP/FMOD/DAB2/ITGB5/TGFBR2/LTBP2/TGFB3/LTBP3/SPRED1/FBN1/TWSG1/VASN/TNXB/SMAD6/LTBP1/PPARG/CHST11/NRROS/GDF10/LTBP4/TET1/SMAD9/ITGB8/ADAMTSL2/THBS1/CIDEA/SPI1/CDKN2B/TGFBR3L/HTRA4/SOX11/FOS/WFIKKN1,45
GO:0014909,smooth muscle cell migration,24/2098,96/18870,1.008044671144727e-4,0.0015009526680352385,0.001111978021853846,SRC/POSTN/LRP1/LPAR1/PARVA/PDGFRB/CCN4/CCN3/MDK/IGF1/DDR2/PDGFD/S100A11/IGFBP3/CORO1B/AIF1/ITGA2/TACR1/PRKG1/ABHD2/ADIPOQ/CCL5/TRIB1/PLAU,24
GO:0070167,regulation of biomineral tissue development,25/2098,102/18870,1.0301566626999369e-4,0.001529953897774561,0.0011334635295341612,ASPN/TMEM119/TGFB1/ECM1/OSR1/MGP/TWIST1/DDR2/TENT5A/P2RX7/LTBP3/COMP/ENAM/PTN/ADGRV1/SLC20A2/ENPP1/CCR1/PTK2B/OSR2/VDR/PKDCC/ALOX5/PHOSPHO1/CCL3,25
GO:0060047,heart contraction,47/2098,243/18870,1.0615065679823947e-4,0.0015724920000698382,0.0011649778043351362,TRPC1/DES/GSN/RNLS/KCNJ5/PDE4D/SNTA1/P2RX4/CACNA1C/SCN5A/JUP/GPD1L/SHOX2/TCAP/TMEM38A/DMPK/CXADR/CLIC2/ATP1B1/PIK3CG/SLC4A3/EHD3/CACNB2/KCNE4/KCND2/ACTC1/FLNA/MYLK2/PLN/ATP2A2/KCND3/SCN2B/TBX18/MAP2K6/CXCR4/MYL4/GATA6/ATP2B2/ATP2A1/KCNE2/TNNT2/ADRB1/ATP2B3/KCNIP2/HBEGF/DSP/ADORA3,47
GO:0046638,positive regulation of alpha-beta T cell differentiation,16/2098,52/18870,1.064840941921453e-4,0.0015734176462437347,0.0011656635675995656,GLI3/TGFBR2/HLA-DRB1/RUNX1/LILRB4/NCKAP1L/ANXA1/HLA-DRA/SYK/LGALS9/SASH3/CD86/IL4R/IL2RG/RUNX3/NFKBID,16
GO:0014850,response to muscle activity,11/2098,28/18870,1.1060860418054715e-4,0.0016260864923454109,0.0012046831853055196,POSTN/PRKAA2/NFATC1/ITGA2/MYOG/ADSS1/METRNL/SLC38A2/PPARGC1A/FNDC5/PERM1,11
GO:1903055,positive regulation of extracellular matrix organization,11/2098,28/18870,1.1060860418054715e-4,0.0016260864923454109,0.0012046831853055196,EMILIN1/TGFB1/PHLDB1/DDR2/COLGALT1/FSCN1/TNXB/EFEMP2/RUNX1/PHLDB2/MELTF,11
GO:0010976,positive regulation of neuron projection development,34/2098,158/18870,1.1275852260188204e-4,0.001653506921083659,0.0012249975594733967,CAMK1D/PLXNB2/MDK/ROBO3/LTK/DDR2/NTRK2/PTK7/FYN/APOE/EPHA3/P3H1/CAPRIN2/GRN/MUSK/DBN1/FZD1/COBL/PTN/PLXNB3/EPHB2/PRKD1/CAMK1/ROR1/PTK2B/FLNA/ZDHHC15/SERPINI1/BAIAP2/TIAM1/CNR1/ROR2/TOX/TUBB2B,34
GO:1903531,negative regulation of secretion by cell,33/2098,152/18870,1.1808965856068568e-4,0.0017112414706858176,0.0012677700942950773,CCN3/ADRA2A/PFKL/APOE/F2R/CD84/CD200/GABBR1/MAOB/KCNJ11/HADH/FCGR2B/NCKAP1L/BCR/ANXA1/PRKG1/SLC30A1/SFRP1/LGALS9/NR1H3/ACVR1C/INHBA/SPI1/CNR1/ASIC1/BMP8A/P2RY1/ADIPOQ/MIDN/CD300A/LILRB1/LEP/IL1RAPL1,33
GO:0000768,syncytium formation by plasma membrane fusion,18/2098,63/18870,1.1816907693215307e-4,0.0017112414706858176,0.0012677700942950773,PTGFRN/CDON/DOCK1/CD109/ADAM12/CD81/ADAMTS15/JAM2/TYROBP/CAMK1/MYOG/VASH2/CD9/CD53/DOCK2/IL4R/MYMX/CXCL9,18
GO:0032623,interleukin-2 production,18/2098,63/18870,1.1816907693215307e-4,0.0017112414706858176,0.0012677700942950773,CD4/NAV3/CD34/EZR/PDE4D/LAPTM5/HAVCR2/RUNX1/PRKCQ/LILRB4/ANXA1/VSIG4/SASH3/CD86/IRF4/CD28/CARD9/CLEC7A,18
GO:0032663,regulation of interleukin-2 production,18/2098,63/18870,1.1816907693215307e-4,0.0017112414706858176,0.0012677700942950773,CD4/NAV3/CD34/EZR/PDE4D/LAPTM5/HAVCR2/RUNX1/PRKCQ/LILRB4/ANXA1/VSIG4/SASH3/CD86/IRF4/CD28/CARD9/CLEC7A,18
GO:0140253,cell-cell fusion,18/2098,63/18870,1.1816907693215307e-4,0.0017112414706858176,0.0012677700942950773,PTGFRN/CDON/DOCK1/CD109/ADAM12/CD81/ADAMTS15/JAM2/TYROBP/CAMK1/MYOG/VASH2/CD9/CD53/DOCK2/IL4R/MYMX/CXCL9,18
GO:0046637,regulation of alpha-beta T cell differentiation,20/2098,74/18870,1.1862599153226806e-4,0.0017135849075320415,0.0012695062251698863,GLI3/TGFBR2/LOXL3/HLA-DRB1/RUNX1/LILRB4/NCKAP1L/ANXA1/HLA-DRA/SYK/LGALS9/SASH3/BCL6/CD86/IL4R/IL2RG/PRDM1/IRF4/RUNX3/NFKBID,20
GO:0051924,regulation of calcium ion transport,48/2098,251/18870,1.2008523443054727e-4,0.0017288854622065342,0.001280841612942294,THY1/PDGFRB/LGALS3/PKD2/TRPC1/ADRA2A/FYN/P2RX7/CD4/F2R/UBR3/CD84/JPH1/BDKRB1/VDAC1/PDE4D/MYLK/P2RX4/CACNA1C/PRKD1/G6PD/IL16/CACNB3/TMEM38A/SLC30A1/CD33/TRPV2/CLIC2/ATP1B1/PIK3CG/CACNB2/GJC2/CCR1/PTK2B/PLN/PLP1/DHRS7C/CXCR4/ATP2A1/LILRB2/UBASH3B/CACNB4/CCL5/TLR9/LILRB1/CORO1A/CCL3/CXCL9,48
GO:0045471,response to ethanol,28/2098,121/18870,1.2028064865359735e-4,0.0017288854622065342,0.001280841612942294,CTSK/SLC23A2/FYN/ADCY7/GABBR1/MAOB/CD14/CYBB/G6PD/TACR1/SLC2A4/MYD88/PENK/GOT2/VCAM1/CASP8/PTK2B/RGS19/SOD2/CNR1/TNC/ADIPOQ/CDO1/NPPC/TNFRSF11A/FOS/LEP/CSF3,28
GO:0001837,epithelial to mesenchymal transition,37/2098,178/18870,1.2323111968286509e-4,0.0017626929698777848,0.0013058878427833027,COL1A1/SFRP2/TGFB1/IL17RD/MDK/TWIST1/IGF1/SNAI2/PHLDB1/S100A4/DAB2/TGFBR2/EPHA3/GLIPR2/LOXL3/TGFB3/SPRED1/SLC39A10/VASN/TNXB/LOXL2/WWTR1/DACT3/PPP2CA/AKNA/HGF/PHLDB2/SFRP1/MSX1/FLNA/NCAM1/GSC/TIAM1/KBTBD8/ZNF750/TGFBR3L/LEF1,37
GO:0045598,regulation of fat cell differentiation,32/2098,146/18870,1.2323977023770977e-4,0.0017626929698777848,0.0013058878427833027,SFRP2/TGFB1/CCN4/CMKLR1/SNAI2/ID4/FRZB/WDFY2/RARRES2/ADIRF/RORC/ID2/CCDC3/ZFP36L2/WWTR1/CEBPA/ENPP1/GNB3/PPARG/AAMDC/SFRP1/ZBTB7C/METRNL/LMO3/MMP11/FNDC5/SOD2/ADIPOQ/SLC7A10/TRPV4/ALOX5/LEP,32
GO:2001026,regulation of endothelial cell chemotaxis,10/2098,24/18870,1.2699504172032427e-4,0.001811941541203742,0.0013423735562161265,SMOC2/TMSB4X/P2RX4/LGMN/PRKD1/FGF16/FGF18/SEMA5A/FGF2/THBS1,10
GO:0010715,regulation of extracellular matrix disassembly,8/2098,16/18870,1.3009379088294644e-4,0.0018516045187678186,0.0013717578001511922,LRP1/TGFB1/DDR2/FAP/FSCN1/CST3/DPP4/MELTF,8
GO:0051347,positive regulation of transferase activity,71/2098,414/18870,1.3308571497626915e-4,0.0018895568383061,0.0013998747062360366,SRC/PDGFRB/TGFB1/CCND2/MAP3K12/PKD2/IGF1/LTK/DDR2/AXL/NTRK2/ADRA2A/PDGFD/TGFBR2/IGF2/APOE/CDC14B/CD4/MUSK/CLU/NEK10/LRRK2/CAMKK2/TENM1/CD200/CD24/HLA-DRB1/CSF1R/PDGFRA/PRKCD/ERBB3/CD74/PRKCQ/PPP2CA/PRKD1/PRKAG2/FGF18/IL34/NAB2/CAMK1/ROR1/TYRO3/MERTK/ANG/PIK3CG/CHI3L1/FGF2/RIPK3/PTK2B/CCL21/RASSF2/NOX4/THBS1/TRAF4/CAMKK1/CD86/CCND1/PIK3R5/MMD/HTR2B/ADIPOQ/PRLR/ROR2/TNFRSF11A/CD300A/CCL5/FZD10/ADCYAP1/LEP/EGR1/MAPK15,71
GO:0002577,regulation of antigen processing and presentation,9/2098,20/18870,1.362110157762965e-4,0.001929213094177936,0.0014292539704177762,NOD1/PYCARD/CD74/FCGR2B/FGL2/CCL21/THBS1/LILRB2/WAS,9
GO:0071622,regulation of granulocyte chemotaxis,16/2098,53/18870,1.3693589153516292e-4,0.0019347608811306352,0.001433364038171881,JAM3/CAMK1D/MDK/CMKLR1/THBS4/RARRES2/CSF1R/CD74/NCKAP1L/DPP4/IL34/C3AR1/CCL21/THBS1/TRPV4/CCL5,16
GO:0032874,positive regulation of stress-activated MAPK cascade,28/2098,122/18870,1.397985584773916e-4,0.0019704131773743035,0.001459776976231731,APP/NOD1/PYCARD/MID1/EDA2R/IGFBP6/FCGR2B/CCN2/MYD88/TNFRSF19/FZD7/MAPK8IP1/PTK2B/CCL21/RASSF2/NAIP/TRAF4/GADD45A/SPI1/SPHK1/SEMA3A/HAND2/TRPV4/TLR9/SCIMP/LEP/CARD9/GDF6,28
GO:0031670,cellular response to nutrient,15/2098,48/18870,1.429837096461832e-4,0.0020044418262457546,0.0014849870381239338,COL1A1/POSTN/SNAI2/PLD1/MN1/PDK2/KANK2/FOLR2/SFRP1/PENK/VDR/TNC/CDKN2B/PHEX/LEP,15
GO:0002444,myeloid leukocyte mediated immunity,26/2098,110/18870,1.435935594486368e-4,0.0020044418262457546,0.0014849870381239338,SPON2/C3/CD84/S100A13/GAB2/ITGB2/FCGR2B/BCR/TYROBP/MILR1/SYK/MYD88/LGALS9/ITGAM/PIK3CG/BTK/PTGDR/FCER1A/SPI1/IL4R/PTAFR/FCGR3A/CTSG/CD300A/CARD9/CCL3,26
GO:0030038,contractile actin filament bundle assembly,26/2098,110/18870,1.435935594486368e-4,0.0020044418262457546,0.0014849870381239338,ELN/SRC/LPAR1/S100A10/ITGB5/ARRB1/TGFB3/TTC8/ARHGEF10/CARMIL1/CCN2/ACTG1/PHLDB2/TACR1/SFRP1/F11R/RHPN1/FHDC1/PTK2B/CGNL1/GPR65/MYOC/TACSTD2/WAS/SDC4/FRMD7,26
GO:0043149,stress fiber assembly,26/2098,110/18870,1.435935594486368e-4,0.0020044418262457546,0.0014849870381239338,ELN/SRC/LPAR1/S100A10/ITGB5/ARRB1/TGFB3/TTC8/ARHGEF10/CARMIL1/CCN2/ACTG1/PHLDB2/TACR1/SFRP1/F11R/RHPN1/FHDC1/PTK2B/CGNL1/GPR65/MYOC/TACSTD2/WAS/SDC4/FRMD7,26
GO:0010712,regulation of collagen metabolic process,14/2098,43/18870,1.4502587997791442e-4,0.002019581019260789,0.0014962028814078916,EMILIN1/TGFB1/VIM/DDR2/FAP/CREB3L1/F2R/TGFB3/MFAP4/ITGA2/RUNX1/CST3/INHBA/NPPC,14
GO:0008037,cell recognition,33/2098,154/18870,1.5351496571226923e-4,0.0021326827892132715,0.001579994119531716,SPON2/CD81/APP/LGALS3/ROBO3/EPHB3/VCAN/COLEC12/EPHA3/TNFRSF21/JMJD6/TUB/PLXND1/HAVCR2/EPHB2/EMB/SEMA5A/NDN/FOLR2/CD9/C4B/CD209/CCL21/MEGF10/DOCK2/NTM/CNTN4/CXCR4/CNR1/ST6GALNAC6/LY6K/NRCAM/CLEC7A,33
GO:0002720,positive regulation of cytokine production involved in immune response,21/2098,81/18870,1.545412023906863e-4,0.0021367161006731316,0.0015829821909040978,SPON2/TNFRSF14/CD81/NOD1/P2RX7/PYCARD/LAPTM5/CD74/IRF5/SYK/MYD88/TLR7/SASH3/LACC1/PANX1/TRIM6/ARID5A/SCIMP/LILRB1/CARD9/CLEC7A,21
GO:0007422,peripheral nervous system development,21/2098,81/18870,1.545412023906863e-4,0.0021367161006731316,0.0015829821909040978,NTRK2/LAMA2/ARHGEF10/LAMB2/RUNX1/ERBB3/SOX8/NAB2/ITGB4/NDRG1/ADGRG6/SERPINI1/NTF4/POU3F1/MYOC/PLXNA4/HOXD9/GFRA3/RUNX3/HAND2/ADGRB2,21
GO:1902904,negative regulation of supramolecular fiber organization,35/2098,167/18870,1.5651205095963452e-4,0.002158825367987168,0.0015993618009051789,LIMA1/EMILIN1/CLIP3/ADD3/MAP1B/CAPG/PLEKHH2/SPTAN1/TMSB10/APOE/NAV3/CORO1B/MID1/CLU/GSN/TMSB4X/MID1IP1/PRKCD/SWAP70/CARMIL1/PHLDB2/LMOD1/KANK2/SPTB/VILL/F11R/RHPN1/CHADL/CGNL1/MYOC/TACSTD2/WAS/CORO1A/FRMD7/LDLR,35
GO:0010232,vascular transport,22/2098,87/18870,1.614655125492517e-4,0.00221661993232507,0.0016421787975333874,SLC2A10/LRP1/SLCO2B1/SLC44A1/SLC16A2/APOE/SLC2A13/LEPR/SLC7A2/SLC7A1/SLC2A4/SLC4A3/SLC6A9/SLC1A5/SLC38A2/SLC22A3/ABCC4/ABCG2/SLC38A5/ABCC3/SLC22A5/SLC6A20,22
GO:0150104,transport across blood-brain barrier,22/2098,87/18870,1.614655125492517e-4,0.00221661993232507,0.0016421787975333874,SLC2A10/LRP1/SLCO2B1/SLC44A1/SLC16A2/APOE/SLC2A13/LEPR/SLC7A2/SLC7A1/SLC2A4/SLC4A3/SLC6A9/SLC1A5/SLC38A2/SLC22A3/ABCC4/ABCG2/SLC38A5/ABCC3/SLC22A5/SLC6A20,22
GO:0010811,positive regulation of cell-substrate adhesion,28/2098,123/18870,1.620961809073101e-4,0.002220029534265919,0.001644704794856446,EMILIN1/ABI3BP/THY1/ECM2/COL8A1/COL16A1/PLEKHA2/DOCK1/FN1/CCDC80/MDK/EDIL3/NID1/DAB2/S100A10/FBLN2/EFEMP2/CARMIL1/JUP/FMN1/SFRP1/PTK2B/FLNA/CCL21/MYOC/RAC3/SDC4/EGFL6,28
GO:0070252,actin-mediated cell contraction,25/2098,105/18870,1.690146911401815e-4,0.0023093372034141977,0.0017108682171886609,PARVA/MYH8/GSN/KCNJ5/SHTN1/MYH3/PDE4D/SNTA1/CACNA1C/SCN5A/JUP/GPD1L/CACNB2/KCNE4/ACTC1/FLNA/MYLK2/PLN/ATP2A2/KCND3/SCN2B/ATP2A1/KCNE2/TNNT2/DSP,25
GO:0050901,leukocyte tethering or rolling,12/2098,34/18870,1.8120937815846932e-4,0.002470147556258759,0.0018300042711481695,ST3GAL4/JAM2/VCAM1/CCL21/PODXL2/SPN/SELP/GCNT1/ITGA4/PTAFR/SELPLG/LEP,12
GO:0010324,membrane invagination,18/2098,65/18870,1.830432972496133e-4,0.0024834869792722063,0.0018398867581386363,DOCK1/RAB31/SNX33/C3/GSN/MSR1/AIF1/ITGB2/ITGA2/FCGR2B/NCKAP1L/ITGAM/MEGF10/THBS1/RAC3/XKR9/CD300A/MARCO,18
GO:0030166,proteoglycan biosynthetic process,18/2098,65/18870,1.830432972496133e-4,0.0024834869792722063,0.0018398867581386363,SLC2A10/GAL3ST4/DSEL/CHPF/DSE/IGF1/CHST14/CHPF2/HS3ST2/CSGALNACT1/SLC35D2/CHST11/XYLT1/UST/CHSY3/HS3ST3A1/HS6ST2/UGDH,18
GO:0010171,body morphogenesis,15/2098,49/18870,1.8508031330446184e-4,0.002499445068276767,0.0018517092790093892,COL1A1/MMP2/CDON/PHLDB1/TGFB3/PRICKLE1/MYH3/GPC3/PDGFRA/CRISPLD1/PHLDB2/GREM2/MSX1/TBX1/LEF1,15
GO:0046850,regulation of bone remodeling,15/2098,49/18870,1.8508031330446184e-4,0.002499445068276767,0.0018517092790093892,TMEM119/SRC/MDK/P2RX7/SPP1/GPR137B/LTBP3/LEPR/CSF1R/SYK/SFRP1/PDK4/UBASH3B/TNFRSF11A/LEP,15
GO:0002449,lymphocyte mediated immunity,64/2098,368/18870,1.8659170929357613e-4,0.002514009410366117,0.0018624992450429739,C1R/TGFB1/C1S/CD81/SVEP1/STAT6/AHR/C2/P2RX7/SERPING1/C7/C3/CLU/TCIRG1/MR1/HLA-DRB1/SUSD4/UNC93B1/HAVCR2/PRKCD/CD74/SWAP70/LILRB4/FCGR2B/C1QA/NCKAP1L/C1QC/HLA-DRA/IL21R/MYD88/C1QB/LGALS9/FCER1G/C4B/SASH3/BTK/BCL6/RIPK3/FCER1A/C4A/C6/SPN/NCR3LG1/IL4R/CD2/FCGR3A/CD28/WAS/ARID5A/IL2RB/IL7R/NKG7/CSF2RB/SLAMF7/LILRB1/CORO1A/FCER2/CD8A/SH2D1A/LEP/CARD9/SLAMF6/SH2D1B/CD40LG,64
GO:0070304,positive regulation of stress-activated protein kinase signaling cascade,28/2098,124/18870,1.875105062323866e-4,0.0025205405316932154,0.0018673378142586845,APP/NOD1/PYCARD/MID1/EDA2R/IGFBP6/FCGR2B/CCN2/MYD88/TNFRSF19/FZD7/MAPK8IP1/PTK2B/CCL21/RASSF2/NAIP/TRAF4/GADD45A/SPI1/SPHK1/SEMA3A/HAND2/TRPV4/TLR9/SCIMP/LEP/CARD9/GDF6,28
GO:0032331,negative regulation of chondrocyte differentiation,10/2098,25/18870,1.906499284675615e-4,0.00255093118573993,0.001889852674380121,GLI3/ADAMTS7/CCN4/SNAI2/LTBP3/ADAMTS12/RARG/EFEMP1/CHADL/PTHLH,10
GO:0045649,regulation of macrophage differentiation,10/2098,25/18870,1.906499284675615e-4,0.00255093118573993,0.001889852674380121,TGFB1/ID2/C1QC/IL34/CASP8/INHBA/HCLS1/ADIPOQ/ROR2/TRIB1,10
GO:2000516,"positive regulation of CD4-positive, alpha-beta T cell activation",14/2098,44/18870,1.911263824563088e-4,0.0025514273630431843,0.001890220266422103,CD81/TGFBR2/HLA-DRB1/PRKCQ/NCKAP1L/ANXA1/HLA-DRA/LGALS9/SASH3/CD86/IL4R/IL2RG/CD28/NFKBID,14
GO:0050767,regulation of neurogenesis,67/2098,390/18870,1.9266514090347139e-4,0.002562740628942525,0.001898601678643398,CRABP2/GLI3/CDON/THY1/PLXNB2/TGFB1/FN1/MDK/TMEM98/MAP1B/NFATC4/VCAN/SYNGAP1/NTRK2/ID4/S100A10/TENM4/CAPRIN2/SPP1/NEURL1/PLXNB1/DBN1/ID2/SHTN1/PLXND1/NUMBL/IL33/SEMA3B/NTN1/PTN/PTPRS/PTPRD/PLXNB3/SOX8/EPHB2/PLXNA3/ARHGAP4/IL34/SEMA5A/SHOX2/SEMA3D/TRPV2/MAP6/PLXNC1/FGF2/EFNA5/IFRD1/GJC2/BTG2/CYSLTR1/BAIAP2/TIAM1/ANXA2/CXCR4/ACAN/SEMA3A/PLXNA4/SERPINE2/ZNF365/CDKN2B/CHODL/SOX11/ZNF488/IL1RAPL1/HES6/LEF1/LDLR,67
GO:0043254,regulation of protein-containing complex assembly,71/2098,419/18870,1.928564929994633e-4,0.002562740628942525,0.001898601678643398,ELN/SRC/KIRREL1/JAM3/TGFB1/LGALS3/CLIP3/ADD3/MAP1B/CAPG/SPTAN1/PIEZO1/TMSB10/APOE/SAR1B/PYCARD/NAV3/CDC42EP5/FSCN1/SEPTIN8/ARPC5/JMJD6/CLU/GSN/FBLIM1/TMSB4X/TENM1/MPP7/LCAT/PRRT2/TMC8/FCHSD1/PRKCD/CARMIL1/PPP2CA/PRKD1/NCKAP1L/MED25/SVIP/LMOD1/KANK2/FMN1/SYK/SPTB/MYD88/VILL/VPS8/COTL1/BTK/PTK2B/CCL21/FBXL2/PLEK/BID/TRABD2B/STX1B/SELP/BAIAP2/IKBKE/AJUBA/ANKRD53/HCLS1/HAUS7/MMP3/LCP1/CORO1A/PTPN22/CSF3/CLEC7A/MAPK15/CAMSAP3,71
GO:0043301,negative regulation of leukocyte degranulation,7/2098,13/18870,1.9418404006598915e-4,0.002574490229824655,0.0019073063488336882,CD84/FCGR2B/NCKAP1L/BCR/LGALS9/SPI1/CD300A,7
GO:0001656,metanephros development,23/2098,94/18870,1.9700225201455988e-4,0.0026059045044386085,0.0019305795563685562,GLI3/PDGFRB/PKD2/OSR1/ID3/CD34/FBN1/BASP1/GPC3/PDGFRA/WWTR1/LAMB2/SOX8/FMN1/NKX3-1/GDF11/OSR2/ADIPOQ/KIF26B/FOXC2/IRX1/GDF6/EGR1,23
GO:0046718,viral entry into host cell,33/2098,156/18870,1.9818871165539476e-4,0.0026153811181466396,0.0019376002881939794,LRRC15/TNFRSF14/CD81/AXL/ITGB5/CD4/KPNA3/GSN/SLC7A1/TRIM22/HLA-DRB1/ANPEP/ITGA2/SIGLEC1/CD74/MRC1/DPP4/SLC20A2/WWP1/TRIM5/TYRO3/CXADR/LGALS9/F11R/CD209/SLC1A5/NCAM1/CD86/CXCR4/SELPLG/TRIM6/CCR5/LDLR,33
GO:0050764,regulation of phagocytosis,24/2098,100/18870,1.986194374208142e-4,0.0026153811181466396,0.0019376002881939794,CAMK1D/RAB31/C2/PYCARD/C3/TUB/CNN2/ITGA2/FCGR2B/NCKAP1L/BCR/SYK/MERTK/FCER1G/C4B/BTK/C4A/DOCK2/SPHK1/IL2RG/ADIPOQ/IL2RB/CD300A/CLEC7A,24
GO:0002548,monocyte chemotaxis,19/2098,71/18870,2.004377248028345e-4,0.0026274082797518284,0.0019465105887351423,NBL1/CCN3/LGALS3/AIF1/SLAMF8/LGMN/CCL22/ANXA1/CCL18/CCL14/CCR1/CCL21/CCL16/CTSG/TNFRSF11A/CCL3L3/PLA2G7/CCL5/CCL3,19
GO:1903317,regulation of protein maturation,19/2098,71/18870,2.004377248028345e-4,0.0026274082797518284,0.0019465105887351423,MMP14/SPON1/SRC/SOX4/TMEM98/GAS1/S100A10/CTSZ/IFT52/GSN/LRRK2/RUNX1/CLEC3B/MELTF/CCBE1/THBS1/ANXA2/SERPINE2/PLAU,19
GO:0030100,regulation of endocytosis,53/2098,291/18870,2.015681130344632e-4,0.0026362748477277652,0.0019530793693026342,SFRP4/SRC/LRP1/LPAR1/CAMK1D/RAB31/CBLL1/LGALS3/CLIP3/SNX33/AXL/DAB2/APOE/EPHA3/ARRB1/ANKRD13D/C2/PYCARD/C3/CLU/LRRK2/TUB/CNN2/SLC17A7/GPC3/ITGA2/CD14/PRKD1/STON1/FCGR2B/NCKAP1L/BCR/ACTG1/SYK/MERTK/FCER1G/NR1H3/C4B/BTK/CCL21/C4A/EHD4/STX1B/DOCK2/ANXA2/SPHK1/IL2RG/ADIPOQ/IL2RB/CD300A/LILRB1/CLEC7A/SCAMP5,53
GO:0045667,regulation of osteoblast differentiation,32/2098,150/18870,2.0892699030009907e-4,0.0027202668894006172,0.0020153047188022303,TMEM119/SFRP2/GLI3/CTHRC1/CCN4/TWIST1/IGF1/SNAI2/DDR2/TENT5A/CLIC1/ID3/TCIRG1/RUNX2/TWSG1/CHRD/WWTR1/CEBPA/PRKD1/TWIST2/SMAD6/HGF/PPARG/SFRP1/GDF10/FGF2/RASSF2/NPPC/HAND2/SOX11/GLI1/ERFE,32
GO:0120161,regulation of cold-induced thermogenesis,32/2098,150/18870,2.0892699030009907e-4,0.0027202668894006172,0.0020153047188022303,MFAP2/CMKLR1/STAT6/LAMA4/EBF2/LEPR/MFN2/HADH/NPR3/GATM/SYK/TRPV2/PWWP2B/NR1H3/PLCL1/PPARGC1A/MAP2K6/CIDEA/FABP4/CXCR4/IL4R/SCD/DIO2/IRF4/ELOVL6/ADIPOQ/PRLR/FOXC2/YBX2/ADRB1/ADCYAP1/LEP,32
GO:0006907,pinocytosis,9/2098,21/18870,2.1491344120874609e-4,0.002773338562442641,0.0020546227701056033,SNX33/AXL/PYCARD/CARMIL1/MAPKAPK3/NR1H3/EHD4/STX1B/DOCK2,9
GO:0007413,axonal fasciculation,9/2098,21/18870,2.1491344120874609e-4,0.002773338562442641,0.0020546227701056033,EPHB3/EPHA3/TNFRSF21/EPHB2/SEMA5A/NDN/CNTN4/CNR1/NRCAM,9
GO:0106030,neuron projection fasciculation,9/2098,21/18870,2.1491344120874609e-4,0.002773338562442641,0.0020546227701056033,EPHB3/EPHA3/TNFRSF21/EPHB2/SEMA5A/NDN/CNTN4/CNR1/NRCAM,9
GO:2001044,regulation of integrin-mediated signaling pathway,9/2098,21/18870,2.1491344120874609e-4,0.002773338562442641,0.0020546227701056033,SLC2A10/NID1/LOXL3/TIMP1/LAMA2/LAMB1/LAMB2/PRKD1/FLNA,9
GO:0060485,mesenchyme development,58/2098,327/18870,2.156298110874754e-4,0.002776413110831418,0.002056900543621221,COL1A1/SFRP2/TGFB1/FN1/SOX4/DCHS1/PKD2/OSR1/IL17RD/MDK/TWIST1/IGF1/SNAI2/PHLDB1/S100A4/DAB2/FRZB/PTK7/TGFBR2/EPHA3/GLIPR2/LOXL3/TGFB3/SPRED1/SLC39A10/PRICKLE1/BASP1/VASN/TNXB/SEMA3B/NRP2/LOXL2/WWTR1/ERBB3/DACT3/SOX8/PPP2CA/AKNA/SEMA5A/HGF/PHLDB2/SEMA3D/SFRP1/MSX1/ACTC1/FLNA/NCAM1/GSC/TIAM1/KBTBD8/TBX1/HTR2B/ZNF750/SEMA3A/FOXC2/HAND2/TGFBR3L/LEF1,58
GO:0046578,regulation of Ras protein signal transduction,37/2098,183/18870,2.2179128267326554e-4,0.0028432727619388497,0.0021064333930998123,COL3A1/SRC/NOTCH2/LPAR1/STMN3/IGF1/SYNGAP1/PSD3/SH2B2/EPS8L2/APOE/ARRB1/FBP1/SYDE1/SQSTM1/F2R/PLCE1/MYO9B/MFN2/ARHGAP24/EPHB2/BCR/KANK2/CYTH4/F11R/PIK3CG/ABRA/BCL6/ARHGAP20/PSD2/ARHGEF28/GPR65/MYOC/RASA4B/RASAL3/F2RL2/LPAR2,37
GO:0032310,prostaglandin secretion,8/2098,17/18870,2.218017153708109e-4,0.0028432727619388497,0.0021064333930998123,P2RX7/PTGES/P2RX4/PLA2G4A/ABCC4/MAP2K6/TNFRSF11A/LEP,8
GO:0031349,positive regulation of defense response,79/2098,480/18870,2.2699307948480073e-4,0.0028970303572928304,0.0021462596086856693,SRC/EMILIN1/TGFB1/CCN4/CD81/APP/KARS1/MDK/NOD1/COLEC12/FYN/GSDMD/PYCARD/GRN/C3/EMILIN2/LRRK2/PTGER3/RAB7B/IL33/UNC93B1/CD14/HAVCR2/PTPRS/STING1/CEBPA/PPP2CA/PRKD1/MAPKAPK3/OPTN/FEM1A/PIK3AP1/IL16/TYROBP/IFI16/TRIL/SYK/SUCNR1/TRIM5/TYRO3/MYD88/CTSS/PENK/TLR7/NR1H3/PIK3CG/LY96/BTK/NAIP/IL17RA/FBXL2/LACC1/MAP2K6/IKBKE/SPI1/FABP4/CNR1/MAPK13/GPSM3/IRF4/TRIM6/RBM47/CD28/TNFRSF11A/TRPV4/PLA2G7/NKG7/CD300A/CCL5/TLR9/SCIMP/PTPN22/SH2D1A/CARD9/SLAMF6/CCL3/SH2D1B/CLEC7A/LDLR,79
GO:0050673,epithelial cell proliferation,79/2098,480/18870,2.2699307948480073e-4,0.0028970303572928304,0.0021462596086856693,SFRP2/MMP14/SPARC/NOTCH2/COL8A1/CD109/TGFB1/ECM1/CCN3/COL8A2/LIPA/IGFBP4/VSTM4/OSR1/CYP7B1/MDK/TWIST1/IGF1/HSPG2/SNAI2/FAP/DAB2/SULF1/STAT6/SULF2/IGF2/THBS4/APOE/GRN/IGFBP3/FGF7/IFT52/RUNX2/CD34/ID2/GPC3/FST/NRP2/LOXL2/LAMB1/PTN/PLXNB3/SCN5A/PRKD1/VEGFD/F3/SEMA5A/NGFR/HGF/TACR1/PPARG/VASH2/SFRP1/MAGED1/ANG/TNMD/NKX3-1/FGF2/FZD7/BTK/OSR2/BID/THBS1/LGR5/CCND1/VDR/ITGA4/TBX1/TACSTD2/HTR2B/FABP7/RUNX3/CDKN2B/ALOX5/SOX11/GLI1/LEP/NR4A1/SCG2,79
GO:0014910,regulation of smooth muscle cell migration,22/2098,89/18870,0.00022981701509274088,0.0029266390496568997,0.002168195153933592,SRC/POSTN/LRP1/LPAR1/PDGFRB/CCN4/MDK/IGF1/DDR2/PDGFD/S100A11/IGFBP3/CORO1B/AIF1/ITGA2/TACR1/PRKG1/ABHD2/ADIPOQ/CCL5/TRIB1/PLAU,22
GO:0120162,positive regulation of cold-induced thermogenesis,24/2098,101/18870,2.3346926601529205e-4,0.002966643386763241,0.0021978322934573273,MFAP2/CMKLR1/STAT6/EBF2/LEPR/MFN2/HADH/GATM/SYK/TRPV2/PPARGC1A/FABP4/CXCR4/IL4R/SCD/DIO2/IRF4/ELOVL6/ADIPOQ/PRLR/YBX2/ADRB1/ADCYAP1/LEP,24
GO:0106106,cold-induced thermogenesis,32/2098,151/18870,2.3733189238564652e-4,0.003009140391011898,0.002229316120846098,MFAP2/CMKLR1/STAT6/LAMA4/EBF2/LEPR/MFN2/HADH/NPR3/GATM/SYK/TRPV2/PWWP2B/NR1H3/PLCL1/PPARGC1A/MAP2K6/CIDEA/FABP4/CXCR4/IL4R/SCD/DIO2/IRF4/ELOVL6/ADIPOQ/PRLR/FOXC2/YBX2/ADRB1/ADCYAP1/LEP,32
GO:0006024,glycosaminoglycan biosynthetic process,19/2098,72/18870,0.00024427083247952124,0.0030836537482795212,0.0022845192044480627,TGFB1/DSEL/CHPF/DSE/CHST14/CHPF2/ST3GAL4/HS3ST2/CSGALNACT1/SLC35D2/CHST11/XYLT1/UST/CHSY3/B3GNT7/HS3ST3A1/CHST6/GALNT5/UGDH,19
GO:0050766,positive regulation of phagocytosis,19/2098,72/18870,0.00024427083247952124,0.0030836537482795212,0.0022845192044480627,CAMK1D/RAB31/C2/PYCARD/C3/TUB/ITGA2/FCGR2B/NCKAP1L/BCR/MERTK/FCER1G/C4B/BTK/C4A/DOCK2/IL2RG/IL2RB/CLEC7A,19
GO:0050730,regulation of peptidyl-tyrosine phosphorylation,44/2098,231/18870,2.470773850148554e-4,0.0031123175157945016,0.002305754703860518,SFRP2/SRC/TGFB1/TNFRSF14/RAP2B/APP/IGF1/ADRA2A/PDGFD/ENPP2/FYN/IGF2/THBS4/CD4/FGF7/CD44/ITGB2/CSF1R/PRKCD/ERBB3/CD74/PPP2CA/LILRB4/IL34/HGF/SYK/SFRP1/EFNA5/SH3BP5/PTK2B/CRLF1/NOX4/EHD4/TMEM102/HCLS1/CSPG4/ADIPOQ/ERRFI1/CD300A/CCL5/ANGPT4/LEP/CSF3/HBEGF,44
GO:0061081,positive regulation of myeloid leukocyte cytokine production involved in immune response,12/2098,35/18870,2.4805551302107024e-4,0.0031178752469986034,0.002309872138794974,SPON2/NOD1/P2RX7/PYCARD/LAPTM5/CD74/SYK/MYD88/TLR7/PANX1/LILRB1/CARD9,12
GO:0051602,response to electrical stimulus,14/2098,45/18870,2.4931605656813e-4,0.0031269510593760924,0.0023165959376922752,MMP2/SRC/PALM/P2RX7/PRICKLE1/CD14/TACR1/MYOG/ADSS1/BTG2/AKAP12/TRIM63/SOD2/NR4A1,14
GO:0046456,icosanoid biosynthetic process,17/2098,61/18870,2.5208857243646187e-4,0.003154910215815806,0.0023373094272863422,GGT5/PYCARD/PTGES/CD74/CBR1/PTGIS/ANXA1/SYK/PRXL2B/FADS1/PLA2G4A/NAIP/GGTA1/PLA2G4F/AKR1C3/ALOX5/GGT7,17
GO:0002478,antigen processing and presentation of exogenous peptide antigen,13/2098,40/18870,2.5395825978712273e-4,0.0031646687008236515,0.002344538982945495,HLA-DRB1/UNC93B1/CD74/LGMN/FCGR2B/HLA-DRA/HLA-DPB1/CTSS/HLA-DQA1/HLA-DPA1/FCER1G/HLA-DMB/HLA-DRB5,13
GO:0045730,respiratory burst,13/2098,40/18870,2.5395825978712273e-4,0.0031646687008236515,0.002344538982945495,CAMK1D/LIPA/GRN/CD24/SLAMF8/CYBB/BCR/JCHAIN/CD52/PIK3CG/NCF4/RAC3/CLEC7A,13
GO:0040013,negative regulation of locomotion,71/2098,423/18870,2.5725784778425826e-4,0.0031874841444008268,0.00236144176233152,SFRP2/COL3A1/NBL1/EMILIN1/LRP1/PODN/FBLN1/THY1/TGFB1/CCN3/RAP2B/DCN/RECK/SRGAP2/SULF1/CDH11/GPR173/MITF/APOE/NAV3/TIMP1/IGFBP3/CORO1B/EMILIN2/CLIC4/SPRED1/CD200/SRGAP1/CNN2/IL33/SEMA3B/AIF1/SLAMF8/CHRD/PTPRU/MEOX2/HDAC5/CD74/PLXNB3/PLXNA3/ARHGAP4/JUP/BCR/DPP4/SEMA5A/NGFR/PHLDB2/MMP28/SEMA3D/ANGPT2/PRKG1/PPARG/SFRP1/ABHD2/FGF2/TET1/CCL21/ACVR1C/STK26/THBS1/GADD45A/CD200R1/TACSTD2/SEMA3A/ADIPOQ/WAS/CD300A/TRIB1/ANGPT4/ADORA3/MAPK15,71
GO:0050772,positive regulation of axonogenesis,20/2098,78/18870,2.579847680159099e-4,0.0031874841444008268,0.00236144176233152,CRABP2/PLXNB2/FN1/MAP1B/NTRK2/PLXNB1/SHTN1/PLXND1/NTN1/PLXNB3/PLXNA3/SEMA5A/SHOX2/TRPV2/MAP6/PLXNC1/EFNA5/TIAM1/PLXNA4/CHODL,20
GO:0097009,energy homeostasis,20/2098,78/18870,2.579847680159099e-4,0.0031874841444008268,0.00236144176233152,LIPA/TWIST1/APOE/SQSTM1/PRKAA2/PRCP/LEPR/TSKU/FMO1/SCT/FMO4/AMPD2/MRAP2/METRNL/PPARGC1A/ACVR1C/BMP8A/TRPV4/ADRB1/LEP,20
GO:2000514,"regulation of CD4-positive, alpha-beta T cell activation",20/2098,78/18870,2.579847680159099e-4,0.0031874841444008268,0.00236144176233152,CD81/TGFBR2/LOXL3/TWSG1/HLA-DRB1/RUNX1/PRKCQ/NCKAP1L/ANXA1/HLA-DRA/LGALS9/SASH3/BCL6/CD86/IL4R/IL2RG/IRF4/CD28/RUNX3/NFKBID,20
GO:0006874,intracellular calcium ion homeostasis,55/2098,308/18870,2.6000123637935315e-4,0.0032055778761250608,0.0023748464701808386,THY1/APP/PKD2/TRPC1/APOE/TPT1/P2RX7/BOK/F2R/PLCE1/TCIRG1/JPH1/BDKRB1/MCUB/PDE4D/CACNA1C/PLCB2/PRKD1/KCTD17/TMEM38A/DMPK/SLC30A1/CCL14/CLIC2/ATP1B1/FGF2/CACNB2/MCOLN3/CCR1/PTK2B/FLNA/CCL21/PLN/ATP2A2/CALB2/TRPM2/DHRS7C/CNR1/VDR/ATP2B2/ATP2A1/HTR2B/P2RY1/NPPC/UBASH3B/HCRTR1/CACNB4/TRPV4/ATP2B3/CCL5/CORO1A/SV2A/CCR5/CCL3/CXCL9,55
GO:0060048,cardiac muscle contraction,30/2098,139/18870,2.625952552400966e-4,0.0032307005236848325,0.0023934585373913356,GSN/KCNJ5/PDE4D/SNTA1/P2RX4/CACNA1C/SCN5A/JUP/GPD1L/TCAP/TMEM38A/CLIC2/ATP1B1/PIK3CG/EHD3/CACNB2/KCNE4/FLNA/MYLK2/PLN/ATP2A2/KCND3/SCN2B/MAP2K6/CXCR4/MYL4/ATP2A1/KCNE2/TNNT2/DSP,30
GO:0038063,collagen-activated tyrosine kinase receptor signaling pathway,6/2098,10/18870,2.6469059402487686e-4,0.0032495946712525576,0.002407456231845269,COL1A1/DDR2/SYK/COL4A2/COL4A1/UBASH3B,6
GO:0002292,T cell differentiation involved in immune response,21/2098,84/18870,2.673095750209011e-4,0.0032748242661315877,0.0024261475307804196,TMEM98/STAT6/LOXL3/RORC/HLA-DRB1/ANXA1/HLA-DRA/FGL2/LGALS9/FCER1G/ENTPD7/BCL6/SPN/CD86/GPR183/IL4R/IRF4/NFKBID/SLAMF6/PCK1/LEF1,21
GO:0006869,lipid transport,75/2098,453/18870,2.6907967867363647e-4,0.003289569882226962,0.0024370717933277614,CRABP2/LIMA1/ATP8B2/LRP1/PLSCR4/LIPA/SLCO2B1/BDKRB2/TNFAIP8L3/DAB2/APOE/NPC2/SAR1B/VPS4A/P2RX7/SLC27A3/SPP1/ATP10A/TMEM30B/PLPPR4/CLU/MSR1/PTGES/GM2A/PLA2R1/TSKU/PLTP/PIP4K2A/LCAT/P2RX4/PRKCD/SLC43A3/CIDEB/ANXA1/ATP10D/OSBPL10/PLIN2/PPARG/SYK/ATP8B4/RBP7/GOT2/NR1H3/STARD5/NKX3-1/C1QTNF1/PLA2G4A/ESYT3/AKR1C1/INHBA/THBS1/APOM/ABCC4/MAP2K6/CPT1B/CIDEA/PITPNM1/ANXA2/FABP4/ABCG2/PLA2G4F/FABP7/ABCD2/ADIPOQ/SLCO2A1/CIDEC/FABP3/RBP4/TNFRSF11A/XKR9/ABCC3/APOLD1/LEP/ERFE/LDLR,75
GO:0016053,organic acid biosynthetic process,59/2098,337/18870,2.7263556091120216e-4,0.0033197302795453182,0.002459416068175744,DSEL/CYP7B1/DSE/GGT5/CHST14/ALDH18A1/PYCARD/PRKAA2/ACSS2/PTGES/QKI/HSD3B7/MID1IP1/BCAT1/FMO1/CD74/FADS2/CBR1/PLOD2/PRKAG2/HACD4/HAAO/PTGIS/ANXA1/SCD5/GATM/SYK/PRXL2B/FADS1/ABHD2/ELOVL5/GOT2/NR1H3/GOT1/UST/PLA2G4A/NAIP/FASN/PDK4/GGTA1/GLUL/PLP1/PLA2G4F/SCD/TECRL/ELOVL7/AKR1C3/UGDH/ABCD2/ELOVL6/CDO1/MTHFD1L/SDS/ALOX5/GGT7/PHGDH/ACSM3/CYP1A1/ELOVL4,59
GO:0006094,gluconeogenesis,22/2098,90/18870,2.726900884007434e-4,0.0033197302795453182,0.002459416068175744,C1QTNF3/FBP1/LEPR/PGP/PDK2/MDH2/ENO2/GOT1/ACADM/PPARGC1A/PCK2/PGM1/GPT2/ENO3/PGAM2/ADIPOQ/RBP4/SDS/ATF3/LEP/PCK1/ERFE,22
GO:0030336,negative regulation of cell migration,64/2098,373/18870,2.743304349755983e-4,0.003332713045822802,0.0024690343266797403,SFRP2/COL3A1/NBL1/EMILIN1/LRP1/PODN/THY1/TGFB1/CCN3/RAP2B/DCN/RECK/SRGAP2/SULF1/CDH11/GPR173/MITF/APOE/NAV3/TIMP1/IGFBP3/CORO1B/EMILIN2/CLIC4/SPRED1/CD200/SRGAP1/CNN2/IL33/AIF1/SLAMF8/CHRD/PTPRU/MEOX2/HDAC5/CD74/PLXNB3/ARHGAP4/JUP/BCR/DPP4/NGFR/PHLDB2/MMP28/ANGPT2/PRKG1/PPARG/SFRP1/ABHD2/FGF2/TET1/CCL21/ACVR1C/STK26/THBS1/GADD45A/CD200R1/TACSTD2/ADIPOQ/CD300A/TRIB1/ANGPT4/ADORA3/MAPK15,64
GO:0006949,syncytium formation,18/2098,67/18870,2.771076299106121e-4,0.003343557222635914,0.0024770682151147856,PTGFRN/CDON/DOCK1/CD109/ADAM12/CD81/ADAMTS15/JAM2/TYROBP/CAMK1/MYOG/VASH2/CD9/CD53/DOCK2/IL4R/MYMX/CXCL9,18
GO:0070613,regulation of protein processing,18/2098,67/18870,2.771076299106121e-4,0.003343557222635914,0.0024770682151147856,MMP14/SPON1/SRC/TMEM98/GAS1/S100A10/CTSZ/IFT52/GSN/LRRK2/RUNX1/CLEC3B/MELTF/CCBE1/THBS1/ANXA2/SERPINE2/PLAU,18
GO:0045766,positive regulation of angiogenesis,37/2098,185/18870,2.7788368657996284e-4,0.003343557222635914,0.0024770682151147856,SFRP2/EMILIN1/ADAM12/ECM1/MDK/TWIST1/TGFBR2/GRN/C3/CD34/EMILIN2/SMOC2/RUNX1/CYBB/PRKD1/VEGFD/F3/PTGIS/JUP/FGF18/SEMA5A/ANGPT2/VASH2/C3AR1/CHI3L1/FGF2/PTK2B/ITGB8/CCBE1/THBS1/CYSLTR1/SPHK1/CXCR4/GATA6/ITGAX/FOXC2/ANGPT4,37
GO:1904018,positive regulation of vasculature development,37/2098,185/18870,2.7788368657996284e-4,0.003343557222635914,0.0024770682151147856,SFRP2/EMILIN1/ADAM12/ECM1/MDK/TWIST1/TGFBR2/GRN/C3/CD34/EMILIN2/SMOC2/RUNX1/CYBB/PRKD1/VEGFD/F3/PTGIS/JUP/FGF18/SEMA5A/ANGPT2/VASH2/C3AR1/CHI3L1/FGF2/PTK2B/ITGB8/CCBE1/THBS1/CYSLTR1/SPHK1/CXCR4/GATA6/ITGAX/FOXC2/ANGPT4,37
GO:0031529,ruffle organization,16/2098,56/18870,2.781019697835623e-4,0.003343557222635914,0.0024770682151147856,LIMA1/EPS8L2/CORO1B/TCIRG1/ARHGEF26/AIF1/COBL/CSF1R/ARHGAP24/CARMIL1/STON1/CCL21/SNX10/PLEK/TACSTD2/CSPG4,16
GO:0043931,ossification involved in bone maturation,10/2098,26/18870,2.7909057396565795e-4,0.0033485102541706106,0.002480737659412014,ADAMTS7/THBS3/DCHS1/IGF1/PLXNB1/ADAMTS12/XYLT1/SNX10/PHOSPHO1/LEP,10
GO:2000146,negative regulation of cell motility,66/2098,388/18870,2.8519653421968367e-4,0.0034147139674509342,0.00252978455855854,SFRP2/COL3A1/NBL1/EMILIN1/LRP1/PODN/FBLN1/THY1/TGFB1/CCN3/RAP2B/DCN/RECK/SRGAP2/SULF1/CDH11/GPR173/MITF/APOE/NAV3/TIMP1/IGFBP3/CORO1B/EMILIN2/CLIC4/SPRED1/CD200/SRGAP1/CNN2/IL33/AIF1/SLAMF8/CHRD/PTPRU/MEOX2/HDAC5/CD74/PLXNB3/ARHGAP4/JUP/BCR/DPP4/NGFR/PHLDB2/MMP28/ANGPT2/PRKG1/PPARG/SFRP1/ABHD2/FGF2/TET1/CCL21/ACVR1C/STK26/THBS1/GADD45A/CD200R1/TACSTD2/ADIPOQ/WAS/CD300A/TRIB1/ANGPT4/ADORA3/MAPK15,66
GO:0046683,response to organophosphorus,28/2098,127/18870,2.8633098589600763e-4,0.003416657728303593,0.0025312245902090556,COL1A1/LPAR1/PKD2/NT5E/AHR/FBP1/P2RX7/EZR/KCNJ11/P2RX4/ENPP1/PDE3A/PENK/SDC1/TLR7/P2RY2/PIK3CG/PTK2B/AKR1C1/PANX1/GATA6/PTAFR/P2RY1/ADIPOQ/CDO1/FOS/DUOX1/PCK1,28
GO:1903532,positive regulation of secretion by cell,52/2098,288/18870,2.865356145486223e-4,0.003416657728303593,0.0025312245902090556,TGFB1/SOX4/IGF1/C1QTNF3/DAB2/S100A10/VPS4A/P2RX7/SPP1/MYOM1/TGFB3/PTGES/MYH10/GABBR1/GAB2/HLA-DRB1/NLGN2/ITGB2/NNAT/P2RX4/PRKD1/SCT/TACR1/PPARG/SYK/CD33/SDC1/ITGAM/ANG/NKX3-1/C1QTNF1/PLA2G4A/GPR68/EXPH5/PCK2/RASL10B/INHBA/STX1B/MAP2K6/ANXA2/HYAL3/IL4R/PTAFR/P2RY1/RBP4/TNFRSF11A/SDC4/F2RL2/SOX11/ADCYAP1/LEP/SCAMP5,52
GO:0030323,respiratory tube development,38/2098,192/18870,2.886094597067908e-4,0.003434334287945357,0.0025443202368888138,LOX/ADAMTS2/MMP14/COL3A1/GLI3/RCN3/LIPA/PTK7/TGFBR2/CTSZ/LOXL3/FGF7/TGFB3/LTBP3/JMJD6/PCSK5/GPC3/PDGFRA/CEBPA/CCN2/FGF18/GLI2/CHI3L1/FGF2/CELSR1/CCBE1/CCDC40/ADAMTSL2/TRAF4/GATA6/TNC/PKDCC/ERRFI1/RBP4/HHIP/SOX11/PHEX/GLI1,38
GO:0051051,negative regulation of transport,77/2098,469/18870,2.9244112455633633e-4,0.0034728131089951843,0.002572827200649546,SFRP4/CCN3/LGALS3/PKD2/OSR1/SNX33/MAP1B/ADRA2A/PFKL/APOE/TBC1D4/EPHA3/ARHGAP1/ANKRD13D/F2R/UBR3/CD84/LRRK2/PTGER3/PLA2R1/CD200/CNN2/VDAC1/GABBR1/MAOB/GABRE/PRRT2/KCNJ11/HADH/ERBB3/CD74/PEA15/EPHB2/PRKD1/SCT/FCGR2B/NCKAP1L/BCR/SVIP/ANXA1/ENPP1/PRKG1/SLC30A1/SFRP1/CD33/CLIC2/LGALS9/NR1H3/SLC6A9/KCNE4/PTK2B/PLN/ACVR1C/INHBA/ACTN2/THBS1/STX1B/ANXA2/MMP9/SPI1/CNR1/ASIC1/BMP8A/P2RY1/PKDCC/LILRB2/KCNE2/ADIPOQ/SERPINE2/MIDN/CD300A/TLR9/LILRB1/CORO1A/LEP/IL1RAPL1/SCAMP5,77
GO:0023061,signal release,79/2098,484/18870,2.9587942171220756e-4,0.0035064730650669167,0.002597764117159597,MYOF/CCN3/SOX4/C1QTNF3/DAB2/ADRA2A/SLC16A2/PFKL/P2RX7/SPP1/F2R/PCSK5/TCIRG1/PTGES/LRRK2/GABBR1/HLA-DRB1/MAOB/CPE/NLGN2/PRRT2/NIBAN2/KCNJ11/NNAT/SEPTIN5/P2RX4/HADH/PRKD1/SCT/ANXA1/TACR1/SNCAIP/PPARG/SYK/SUCNR1/SLC30A1/SFRP1/NKX3-1/C1QTNF1/LTBP4/PLA2G4A/EFNA5/BTK/SLC38A2/ATP2A2/GPR68/SLC25A22/ACVR1C/PCK2/RASL10B/INHBA/STX1B/ABCC4/MAP2K6/TIAM1/CNR1/SYT15/ASIC1/BMP8A/P2RY1/ADIPOQ/RBP4/TNFRSF11A/CACNB4/TRPV4/ALOX5/MIDN/F2RL2/SOX11/PCLO/BRSK1/CCL5/LILRB1/SV2A/ADCYAP1/LEP/SYN1/NR4A1/ADORA3,79
GO:0090101,negative regulation of transmembrane receptor protein serine/threonine kinase signaling pathway,36/2098,179/18870,2.9809577307088846e-4,0.0035255441022864543,0.0026118928599865392,ASPN/SFRP2/HTRA1/SLC2A10/NBL1/EMILIN1/LRP1/CD109/CCN3/CHRDL1/IL17RD/CILP/TGFB3/SPRED1/FBN1/TWSG1/VASN/UBE2D1/FZD1/FST/CHRD/FSTL3/SMAD6/LTBP1/PPARG/CHST11/SFRP1/NRROS/GREM2/TET1/ADAMTSL2/CIDEA/NOMO3/HTRA4/WFIKKN1/IGSF1,36
GO:0055074,calcium ion homeostasis,58/2098,331/18870,2.9875881852163273e-4,0.0035262041852746366,0.0026123818812535584,THY1/APP/PKD2/NT5E/TRPC1/APOE/TPT1/P2RX7/BOK/F2R/PLCE1/TCIRG1/JPH1/FAM20A/BDKRB1/MCUB/PDE4D/CACNA1C/PLCB2/PRKD1/KCTD17/TMEM38A/DMPK/SLC30A1/CCL14/CLIC2/ATP1B1/FGF2/CACNB2/MCOLN3/CCR1/PTK2B/FLNA/CCL21/PLN/ATP2A2/SNX10/CALB2/TRPM2/DHRS7C/CNR1/VDR/ATP2B2/ATP2A1/HTR2B/P2RY1/NPPC/UBASH3B/HCRTR1/CACNB4/TRPV4/ATP2B3/CCL5/CORO1A/SV2A/CCR5/CCL3/CXCL9,58
GO:0046460,neutral lipid biosynthetic process,15/2098,51/18870,3.0223127031417125e-4,0.0035527469366688105,0.0026320460297763006,C3/PNPLA3/LPIN3/PLCE1/LPIN2/GPAT3/NR1H3/ANG/PLA2G4A/PCK2/DGAT2/PLIN5/PCK1/THRSP/LDLR,15
GO:0046463,acylglycerol biosynthetic process,15/2098,51/18870,3.0223127031417125e-4,0.0035527469366688105,0.0026320460297763006,C3/PNPLA3/LPIN3/PLCE1/LPIN2/GPAT3/NR1H3/ANG/PLA2G4A/PCK2/DGAT2/PLIN5/PCK1/THRSP/LDLR,15
GO:0044703,multi-organism reproductive process,40/2098,206/18870,3.068841892928236e-4,0.0036001545196432862,0.00266716785037697,MMP2/FBLN1/TRO/COL16A1/HSPG2/ADRA2A/RECK/ADCY7/SPP1/SYDE1/TIMP1/TGFB3/PCSK5/IGFBP7/HSD11B2/ITGA2/HAVCR2/PTN/LDOC1/ANGPT2/TACR1/ITGB4/LGALS9/PTGFR/SLC38A2/ACVR1C/MMP9/CNR1/VDR/PTAFR/PRDM1/GJB2/PTHLH/SERPINE2/PRLR/FOS/ADCYAP1/LEP/CYP1A1/MAFF,40
GO:2000191,regulation of fatty acid transport,11/2098,31/18870,3.180551544646353e-4,0.003720523773117083,0.0027563431902929347,P2RX7/PTGES/PLA2R1/P2RX4/SYK/PLA2G4A/THBS1/MAP2K6/FABP3/TNFRSF11A/ERFE,11
GO:0097306,cellular response to alcohol,24/2098,103/18870,3.197074845506155e-4,0.003720523773117083,0.0027563431902929347,SLC23A2/ADCY3/ADCY7/AHR/FBP1/PRKAA2/ADCY2/GNG2/CYBB/PRKD1/JUP/PTGER2/SFRP1/PTGFR/EFNA5/GNAI1/PTGDR/INHBA/SOD2/TNC/AKR1C3/MAP4K1/FOS/PCK1,24
GO:0099175,regulation of postsynapse organization,24/2098,103/18870,3.197074845506155e-4,0.003720523773117083,0.0027563431902929347,TANC2/FYN/APOE/CAPRIN2/DBN1/LRRK2/NRP2/PTPRS/PDLIM5/PTPRD/EPHB2/ARHGAP22/FCGR2B/PTK2B/ZDHHC15/BAIAP2/TIAM1/LZTS1/GRID1/LILRB2/ROR2/LRRC4B/NRCAM/IL1RAPL1,24
GO:1901655,cellular response to ketone,24/2098,103/18870,3.197074845506155e-4,0.003720523773117083,0.0027563431902929347,SRC/POSTN/ADCY3/AHR/FBP1/SPP1/PRKAA2/ADCY2/GNG2/TRERF1/PRKD1/PTGER2/SFRP1/PTGFR/EFNA5/GNAI1/PTGDR/PCK2/TNC/AKR1C3/GJB2/MAP4K1/FOS/PCK1,24
GO:1901861,regulation of muscle tissue development,14/2098,46/18870,3.220864749674839e-4,0.003740072008253175,0.002770825464318151,LOX/CDON/TGFB1/TWIST1/IGF2/NIBAN2/RPL3L/YBX3/ERBB3/SHOX2/MYOG/PPARGC1A/MEGF10/LEF1,14
GO:0061337,cardiac conduction,23/2098,97/18870,3.226754048794284e-4,0.003740072008253175,0.002770825464318151,TRPC1/KCNJ5/PDE4D/CACNA1C/SCN5A/JUP/CXADR/ATP1B1/SLC4A3/EHD3/CACNB2/KCNE4/FLNA/PLN/ATP2A2/KCND3/SCN2B/TBX18/ATP2B2/ATP2A1/KCNE2/ATP2B3/DSP,23
GO:0045055,regulated exocytosis,43/2098,227/18870,3.266401600112622e-4,0.003778484878855378,0.0027992835688111315,RAB31/ADRA2A/P2RX7/MICAL1/CD84/S100A13/LRRK2/GAB2/ITGB2/PRRT2/SEPTIN5/STEAP2/FCGR2B/NCKAP1L/BCR/MILR1/SYK/LGALS9/ITGAM/PIK3CG/BTK/ATP2A2/PTGDR/FCER1A/PLEK/STX1B/ABCC4/SPI1/HYAL3/IL4R/SYT15/PTAFR/P2RY1/FCGR3A/CACNB4/NKG7/PCLO/CD300A/CORO1A/SV2A/CCL3/SYN1/SCAMP5,43
GO:0007188,adenylate cyclase-modulating G protein-coupled receptor signaling pathway,46/2098,248/18870,3.380198152849064e-4,0.0038967628977247307,0.0028869096214189727,ADGRL1/LPAR1/PALM/ADCY3/ADRA2A/ADCY7/ADCY2/PTGER3/GNG2/ADCY9/GABBR1/PDE4D/VIPR2/GPR176/S1PR2/PTGER2/ADGRG2/VIPR1/CALCRL/GPR157/GNA15/PTGFR/MRAP2/ADGRG6/GPR161/GNAI1/FLNA/PLN/AKAP12/LGR5/NPY1R/CNR1/OXER1/PTGIR/GPR65/P2RY1/PTHLH/RGS1/OPRL1/ADRB1/ADGRB2/ADCYAP1/CXCL9/ADGRF2/MARCO/LPAR2,46
GO:2000379,positive regulation of reactive oxygen species metabolic process,18/2098,68/18870,3.38207077742942e-4,0.0038967628977247307,0.0028869096214189727,PDGFRB/TGFB1/TGFBR2/ITGB2/PRKCD/CBR1/TYROBP/SYK/ITGAM/RIPK3/PTK2B/AKR1C1/THBS1/GADD45A/SOD2/AKR1C3/LEP/CLEC7A,18
GO:0060541,respiratory system development,41/2098,214/18870,3.480138630081621e-4,0.0040018148564126685,0.002964737171681831,LOX/ADAMTS2/MMP14/COL3A1/GLI3/RCN3/LIPA/PTK7/TGFBR2/CTSZ/LOXL3/FGF7/TGFB3/LTBP3/JMJD6/BASP1/RARG/GPC3/PDGFRA/CEBPA/MSC/CCN2/FGF18/GLI2/CHI3L1/FGF2/MSX1/CELSR1/CCBE1/CCDC40/ADAMTSL2/GATA6/TNC/PKDCC/ERRFI1/RBP4/HHIP/SOX11/PHEX/GLI1/LEF1,41
GO:1902287,semaphorin-plexin signaling pathway involved in axon guidance,7/2098,14/18870,3.510911018747188e-4,0.0040212742181193134,0.002979153603990399,PLXNB2/PLXNB1/PLXND1/PLXNB3/PLXNA3/PLXNC1/PLXNA4,7
GO:1905522,negative regulation of macrophage migration,7/2098,14/18870,3.510911018747188e-4,0.0040212742181193134,0.002979153603990399,EMILIN1/CD200/CNN2/SLAMF8/BCR/MMP28/CD200R1,7
GO:0045582,positive regulation of T cell differentiation,26/2098,116/18870,3.537906771128946e-4,0.004044217444871218,0.002996151051306259,GLI3/SOX4/MDK/TGFBR2/HLA-DRB1/RUNX1/CD74/LILRB4/NCKAP1L/ANXA1/HLA-DRA/GLI2/SYK/LGALS9/SASH3/BCL6/SOX12/CD86/IL4R/IL2RG/LILRB2/RUNX3/IL7R/NFKBID/PCK1/LEF1,26
GO:0006023,aminoglycan biosynthetic process,19/2098,74/18870,3.57612684872647e-4,0.00407987595492232,0.0030225685928539103,TGFB1/DSEL/CHPF/DSE/CHST14/CHPF2/ST3GAL4/HS3ST2/CSGALNACT1/SLC35D2/CHST11/XYLT1/UST/CHSY3/B3GNT7/HS3ST3A1/CHST6/GALNT5/UGDH,19
GO:0071692,protein localization to extracellular region,64/2098,377/18870,3.6975523973649453e-4,0.004210134661078086,0.0031190705155893774,NBL1/TGFB1/RCN3/CCN3/SOX4/IGF1/C1QTNF3/ADRA2A/PFKL/GSDMD/APOE/P3H1/P2RX7/LTBP2/MYOM1/F2R/TGFB3/PCSK5/TCIRG1/FBN1/CD200/PDIA4/MYH10/OLFM2/HLA-DRB1/NLGN2/KCNJ11/NNAT/COMP/HADH/RAB12/ANXA1/LTBP1/PPARG/SAA1/SUCNR1/SFRP1/CD33/NRROS/NR1H3/ANG/EFNA5/ARL4D/GPR68/SLC25A22/ACVR1C/EXPH5/PLEK/PCK2/TIAM1/CNR1/BMP8A/CTAGE1/CBLN4/RBP4/ALOX5/MIDN/RAB3C/F2RL2/PCLO/CCL5/ADCYAP1/LEP/SCG2,64
GO:0002819,regulation of adaptive immune response,40/2098,208/18870,3.7701729073327106e-4,0.004267496280072197,0.0031615667654564038,TGFB1/TNFRSF14/CD81/SVEP1/STAT6/ADCY7/AHR/P2RX7/LOXL3/PYCARD/CD4/C3/MR1/IL33/HLA-DRB1/SUSD4/HAVCR2/PRKCQ/EPHB2/LILRB4/FCGR2B/NCKAP1L/ANXA1/HLA-DRA/PLA2G4A/SASH3/BTK/BCL6/RIPK3/SPN/IL4R/CD28/WAS/ARID5A/IL7R/LILRB1/NFKBID/FCER2/CARD9/CLEC7A,40
GO:0008016,regulation of heart contraction,40/2098,208/18870,3.7701729073327106e-4,0.004267496280072197,0.0031615667654564038,TRPC1/DES/RNLS/KCNJ5/PDE4D/SNTA1/P2RX4/CACNA1C/SCN5A/JUP/GPD1L/SHOX2/TMEM38A/DMPK/CXADR/CLIC2/ATP1B1/PIK3CG/SLC4A3/EHD3/CACNB2/KCNE4/KCND2/FLNA/PLN/ATP2A2/KCND3/SCN2B/TBX18/MYL4/ATP2B2/ATP2A1/KCNE2/TNNT2/ADRB1/ATP2B3/KCNIP2/HBEGF/DSP/ADORA3,40
GO:0032370,positive regulation of lipid transport,21/2098,86/18870,3.7773257929345775e-4,0.004267496280072197,0.0031615667654564038,LRP1/DAB2/APOE/P2RX7/SPP1/PTGES/PLA2R1/PLTP/P2RX4/PRKCD/PPARG/NR1H3/NKX3-1/C1QTNF1/PLA2G4A/MAP2K6/ANXA2/ADIPOQ/FABP3/TNFRSF11A/ERFE,21
GO:1901879,regulation of protein depolymerization,21/2098,86/18870,3.7773257929345775e-4,0.004267496280072197,0.0031615667654564038,LIMA1/ADD3/MAP1B/CAPG/PLEKHH2/SPTAN1/NAV3/MID1/GSN/MID1IP1/MAP1A/SWAP70/CARMIL1/SEMA5A/LMOD1/SPTB/VILL/NES/PLEK/ACTN2/TRPV4,21
GO:0046394,carboxylic acid biosynthetic process,58/2098,334/18870,3.7901510890233465e-4,0.004273671334749238,0.0031661415433497024,DSEL/CYP7B1/DSE/GGT5/CHST14/ALDH18A1/PYCARD/PRKAA2/ACSS2/PTGES/QKI/HSD3B7/MID1IP1/BCAT1/CD74/FADS2/CBR1/PLOD2/PRKAG2/HACD4/HAAO/PTGIS/ANXA1/SCD5/GATM/SYK/PRXL2B/FADS1/ABHD2/ELOVL5/GOT2/NR1H3/GOT1/UST/PLA2G4A/NAIP/FASN/PDK4/GGTA1/GLUL/PLP1/PLA2G4F/SCD/TECRL/ELOVL7/AKR1C3/UGDH/ABCD2/ELOVL6/CDO1/MTHFD1L/SDS/ALOX5/GGT7/PHGDH/ACSM3/CYP1A1/ELOVL4,58
GO:0002269,leukocyte activation involved in inflammatory response,15/2098,52/18870,3.815882336068832e-4,0.004294346652238703,0.0031814588142622027,APP/GRN/CLU/LRRK2/IL33/AIF1/ITGB2/C1QA/TYROBP/MYD88/ITGAM/SPHK1/TLR9/CCL3/LDLR,15
GO:0032757,positive regulation of interleukin-8 production,17/2098,63/18870,3.8333177609634376e-4,0.0043056240305444264,0.0031898136392258113,NOD1/PYCARD/F2R/CD14/CD74/F3/SYK/MYD88/LGALS9/TLR7/CHI3L1/IL17D/CD2/ADIPOQ/TLR9/LEP/CLEC7A,17
GO:0006109,regulation of carbohydrate metabolic process,37/2098,188/18870,3.85883691632995e-4,0.004325920072032437,0.0032048499242106295,SRC/TGFB1/APP/IGFBP4/IGF1/C1QTNF3/IGF2/FBP1/P2RX7/PRKAA2/IGFBP3/RORC/LEPR/PGP/PDK2/HRH1/PPP2CA/PRKAG2/ENPP1/PRKG1/GNB3/C1QTNF1/PPP1R3C/ACADM/PTK2B/PPARGC1A/PLEK/PDK4/PPP1R3G/PPP1R3A/PTAFR/GPT2/P2RY1/ADIPOQ/MIDN/LEP/ERFE,37
GO:0006887,exocytosis,60/2098,349/18870,3.9731636362048413e-4,0.004442745261951896,0.0032913996511646382,RAB31/SCRN1/RAB3IL1/ADRA2A/S100A10/VPS4A/P2RX7/MICAL1/CD84/S100A13/LRRK2/GAB2/ITGB2/PRRT2/SEPTIN5/STEAP2/FCGR2B/RAB12/NCKAP1L/BCR/ANXA1/MILR1/SYK/LGALS9/SDC1/ITGAM/PIK3CG/BTK/CCR1/ATP2A2/WIPF3/PTGDR/FCER1A/EXPH5/PLEK/STX1B/ABCC4/ANXA2/SPI1/HYAL3/IL4R/SYT15/PTAFR/P2RY1/PRSS12/TRARG1/FCGR3A/CACNB4/SDC4/RAB3C/NKG7/PCLO/CD300A/CCL5/CORO1A/SV2A/CCL3/SYN1/IL1RAPL1/SCAMP5,60
GO:0031639,plasminogen activation,10/2098,27/18870,3.993650812362476e-4,0.004442745261951896,0.0032913996511646382,S100A10/CTSZ/RUNX1/CLEC3B/MELTF/THBS1/ANXA2/DHCR24/SERPINE2/PLAU,10
GO:0150146,cell junction disassembly,10/2098,27/18870,3.993650812362476e-4,0.004442745261951896,0.0032913996511646382,SNAI2/C3/TGFB3/PRICKLE1/STON1/C1QA/C1QC/C1QB/ITGAM/PLXNC1,10
GO:1903319,positive regulation of protein maturation,10/2098,27/18870,3.993650812362476e-4,0.004442745261951896,0.0032913996511646382,MMP14/SPON1/SRC/SOX4/S100A10/GSN/CLEC3B/MELTF/CCBE1/ANXA2,10
GO:0051147,regulation of muscle cell differentiation,33/2098,162/18870,4.0989218274064057e-4,0.004533663065330836,0.003358755938478448,TMEM119/MMP14/TGFB1/CCN3/IGF1/NID1/PIEZO1/IGF2/DNMT1/LAMA2/ID2/NFATC1/EFEMP2/OLFM2/PI16/NIBAN2/LAMB1/RPL3L/HDAC5/LAMB2/PRKD1/G6PD/SHOX2/CAMK1/MYOG/DMPK/FZD7/MSX1/MEGF10/MYLK3/SOD2/TBX1/CYP26B1,33
GO:0032835,glomerulus development,18/2098,69/18870,4.106607150618253e-4,0.004533663065330836,0.003358755938478448,NOTCH2/PDGFRB/OSR1/NID1/SULF1/PDGFD/SULF2/PLCE1/CD34/BASP1/CD24/PDGFRA/WWTR1/LAMB2/ANGPT2/ADIPOQ/FOXC2/EGR1,18
GO:0045670,regulation of osteoclast differentiation,18/2098,69/18870,4.106607150618253e-4,0.004533663065330836,0.003358755938478448,NOTCH2/LRRC17/MITF/GPR137B/FBN1/LILRB4/FSTL3/TYROBP/SFRP1/CCR1/RASSF2/GPR68/KLF10/UBASH3B/FOS/LILRB1/CCL3/ERFE,18
GO:0050918,positive chemotaxis,18/2098,69/18870,4.106607150618253e-4,0.004533663065330836,0.003358755938478448,GPNMB/LGALS3/S100A4/FGF7/ITGA2/PLXNB3/VEGFD/F3/SEMA5A/IL16/HGF/ANGPT2/FGF2/CCL16/CCL5/CORO1A/CCL3/SCG2,18
GO:0016339,calcium-dependent cell-cell adhesion via plasma membrane cell adhesion molecules,14/2098,47/18870,4.122939035632106e-4,0.004534452079529477,0.003359340478195458,PCDHB14/DCHS1/PCDHGC3/PCDHB13/CDH11/PCDHB11/FXYD5/CDH24/CDH6/PCDHB9/SELP/AJUBA/CDH16/CDH20,14
GO:0050919,negative chemotaxis,14/2098,47/18870,4.122939035632106e-4,0.004534452079529477,0.003359340478195458,SLIT3/SEMA3B/NRP2/NTN1/PLXNA3/DPP4/SEMA5A/SEMA3D/EFNA5/FLRT2/FLRT3/SEMA3A/PLXNA4/LRTM1,14
GO:0044706,multi-multicellular organism process,41/2098,216/18870,4.2485967555694055e-4,0.004663818782531482,0.0034551815620360482,MMP2/FBLN1/TRO/COL16A1/HSPG2/ADRA2A/RECK/ADCY7/SPP1/SYDE1/TIMP1/TGFB3/PCSK5/IGFBP7/HSD11B2/ITGA2/HAVCR2/PTN/LDOC1/ANGPT2/TACR1/ITGB4/LGALS9/PTGFR/SLC38A2/ACVR1C/MMP9/HYAL3/CNR1/VDR/PTAFR/PRDM1/GJB2/PTHLH/SERPINE2/PRLR/FOS/ADCYAP1/LEP/CYP1A1/MAFF,41
GO:0032612,interleukin-1 production,28/2098,130/18870,4.2875710388805917e-4,0.004688874768885046,0.003473744243414606,APP/IGF1/NOD1/GSDMD/ACP5/P2RX7/PYCARD/F2R/S100A13/TMEM106A/HAVCR2/LILRB4/ANXA1/IL16/TYROBP/ELF4/IFI16/SAA1/MYD88/CD33/LGALS9/CASP8/NAIP/SPHK1/PANX1/CCL3/EGR1/CLEC7A,28
GO:0032652,regulation of interleukin-1 production,28/2098,130/18870,4.2875710388805917e-4,0.004688874768885046,0.003473744243414606,APP/IGF1/NOD1/GSDMD/ACP5/P2RX7/PYCARD/F2R/S100A13/TMEM106A/HAVCR2/LILRB4/ANXA1/IL16/TYROBP/ELF4/IFI16/SAA1/MYD88/CD33/LGALS9/CASP8/NAIP/SPHK1/PANX1/CCL3/EGR1/CLEC7A,28
GO:0035924,cellular response to vascular endothelial growth factor stimulus,19/2098,75/18870,4.2972877957635507e-4,0.004690667336465966,0.0034750722638080002,EMILIN1/ADGRA2/PDGFRB/DCN/GAS1/ADAMTS12/SMOC2/TNXB/NRP2/PDGFRA/PRKD1/VEGFD/PTP4A3/ANXA1/VCAM1/CCBE1/SPHK1/ADAMTS3/NR4A1,19
GO:0043255,regulation of carbohydrate biosynthetic process,24/2098,105/18870,4.3279235666718156e-4,0.0047152443061281865,0.003493280066552328,TGFB1/IGF1/C1QTNF3/IGF2/FBP1/LEPR/PGP/PDK2/HRH1/ENPP1/PRKG1/PPP1R3C/ACADM/PTK2B/PPARGC1A/PLEK/PPP1R3G/PPP1R3A/PTAFR/GPT2/P2RY1/ADIPOQ/LEP/ERFE,24
GO:0071634,regulation of transforming growth factor beta production,13/2098,42/18870,4.3545056130992507e-4,0.004718498938277553,0.0034956912547905628,LUM/FN1/TSKU/CD200/TNXB/CD24/LTBP1/TYROBP/LGALS9/ITGB8/THBS1/GATA6/LILRB1,13
GO:2000403,positive regulation of lymphocyte migration,13/2098,42/18870,4.3545056130992507e-4,0.004718498938277553,0.0034956912547905628,TNFRSF14/APP/PYCARD/AIF1/JAM2/PTK2B/CCL21/SPN/TMEM102/ITGA4/CCL5/CORO1A/CCL3,13
GO:0002313,mature B cell differentiation involved in immune response,11/2098,32/18870,4.363413001300234e-4,0.004718498938277553,0.0034956912547905628,NOTCH2/DOCK11/ITM2A/FCGR2B/DOCK10/IRF8/LFNG/BCL6/PTK2B/SPI1/GPR183,11
GO:0098868,bone growth,11/2098,32/18870,4.363413001300234e-4,0.004718498938277553,0.0034956912547905628,EVC/THBS3/ECM1/DDR2/TGFBR2/RARG/LEPR/TSKU/COMP/NPPC/LEP,11
GO:0072006,nephron development,32/2098,156/18870,4.375751033995925e-4,0.0047230457721959725,0.0034990597683313136,NOTCH2/GLI3/PDGFRB/DCHS1/PKD2/OSR1/NID1/SULF1/PDGFD/SULF2/PLCE1/CD34/ADAMTS16/BASP1/CD24/GPC3/PDGFRA/WWTR1/LAMB2/SOX8/ANGPT2/FMN1/MAGED1/FGF2/TMEM59L/HS3ST3A1/TACSTD2/ADIPOQ/KIF26B/FOXC2/IRX1/EGR1,32
GO:0051258,protein polymerization,51/2098,286/18870,4.41304443904479e-4,0.0047544617917501105,0.0035223342686019057,ELN/KIRREL1/CLIP3/ADD3/MAP1B/CAPG/SPTAN1/TMSB10/PYCARD/NAV3/CDC42EP5/ARPC5/GSN/TMSB4X/TENM1/TUBA1A/WASF1/MID1IP1/INF2/MICALL2/AIF1/COBL/FCHSD1/GAS7/PRKCD/TUBG2/CARMIL1/NCKAP1L/LMOD1/KANK2/FMN1/SPTB/VILL/ANG/COTL1/FHDC1/PTK2B/CCL21/BAIAP2/FAM107A/PSTPIP1/ANKRD53/HCLS1/HAUS7/TRIM6/WAS/PSTPIP2/TRPV4/CORO1A/CSF3/CAMSAP3,51
GO:0019319,hexose biosynthetic process,22/2098,93/18870,4.4622831720533926e-4,0.004798607107428528,0.0035550392444799648,C1QTNF3/FBP1/LEPR/PGP/PDK2/MDH2/ENO2/GOT1/ACADM/PPARGC1A/PCK2/PGM1/GPT2/ENO3/PGAM2/ADIPOQ/RBP4/SDS/ATF3/LEP/PCK1/ERFE,22
GO:0001763,morphogenesis of a branching structure,39/2098,203/18870,4.520824540744432e-4,0.004852574511664125,0.003595020896589648,SFRP2/MMP14/SRC/GLI3/DCHS1/PKD2/MDK/SNAI2/NFATC4/SULF1/TGFBR2/CTSZ/FGF7/CLIC4/ADAMTS16/LRRK2/PLXND1/GPC3/SOX8/GDF7/SHOX2/HGF/GLI2/SFRP1/MAGED1/NKX3-1/FGF2/TMEM59L/COL4A1/CELSR1/HS3ST3A1/VDR/TNC/TACSTD2/PRDM1/ST14/HHIP/FOXC2/LEF1,39
GO:0043524,negative regulation of neuron apoptotic process,33/2098,163/18870,4.601171062787066e-4,0.004929704863764667,0.0036521627759974248,MAP3K12/NRBP2/MDK/NFATC4/PCDHGC3/SYNGAP1/AXL/NTRK2/APOE/GRN/BOK/F2R/TGFB3/CLU/PLXND1/FZD1/ERBB3/LGMN/TYRO3/CHL1/NES/PTK2B/PPARGC1A/BTG2/NAIP/CRLF1/NTF4/SOD2/CCND1/RETREG1/NPPC/VSTM2L/CORO1A,33
GO:0032615,interleukin-12 production,17/2098,64/18870,4.6862922895256294e-4,0.005002444728910906,0.003706051971225086,MDK/CMKLR1/ACP5/LAPTM5/UNC93B1/IRF5/IL16/IRF8/SYK/LGALS9/THBS1/TLR9/SCIMP/LILRB1/LEP/CLEC7A/CD40LG,17
GO:0032655,regulation of interleukin-12 production,17/2098,64/18870,4.6862922895256294e-4,0.005002444728910906,0.003706051971225086,MDK/CMKLR1/ACP5/LAPTM5/UNC93B1/IRF5/IL16/IRF8/SYK/LGALS9/THBS1/TLR9/SCIMP/LILRB1/LEP/CLEC7A/CD40LG,17
GO:0043010,camera-type eye development,59/2098,344/18870,4.703393537578916e-4,0.005011487389490048,0.003712751209673593,NOTCH2/GLI3/CDON/THY1/COL8A1/PDGFRB/COL8A2/FAT1/VSTM4/VIM/TWIST1/NTRK2/TGFBR2/MITF/MYOM1/JMJD6/TTC8/TCIRG1/CLIC4/SPRED1/PRICKLE1/FBN1/TWSG1/RARG/TUB/TSKU/LPCAT1/SLC17A7/TGIF2/MFN2/PDGFRA/EFEMP1/LAMB2/CC2D2A/CACNA1C/SOX8/EPHB2/LIMK2/KERA/MERTK/FGF2/NHS/GDF11/COL4A1/NES/MYOM2/OSR2/INHBA/ANGPTL7/FJX1/ATP2B2/PRDM1/RBP4/FOXC2/CRYBB3/SOX11/SDK2/VSX1/CYP1A1,59
GO:0034765,regulation of monoatomic ion transmembrane transport,74/2098,454/18870,4.7148566456600406e-4,0.005014500465448325,0.0037149834414522053,THY1/PKD2/OSR1/TRPC1/KCNC4/ADRA2A/FYN/CLIC1/P2RX7/F2R/UBR3/TCIRG1/JPH1/KCND1/CLIC4/TMSB4X/KCNJ5/BDKRB1/FXYD5/VDAC1/PDE4D/KCNC3/KCNJ11/KCNA6/SNTA1/P2RX4/CACNA1C/CYBB/SCN5A/EPHB2/PRKD1/KCNA7/G6PD/TMEM37/GPD1L/WNK2/KCNAB2/CACNB3/TMEM38A/SLC30A1/CTSS/KCNK6/CLIC2/ATP1B1/KCNA1/PIK3CG/GRIN2D/SLC6A9/CACNB2/KCNE4/GJC2/KCND2/PTK2B/FLNA/PLN/KCND3/ACTN2/SCN2B/PTPN3/MMP9/PLP1/DHRS7C/ATP2A1/KCNE2/UBASH3B/CACNB4/LRRC55/KCNIP2/TLR9/CORO1A/KCNJ13/CXCL9/KCNK5/KCNA3,74
GO:0002762,negative regulation of myeloid leukocyte differentiation,15/2098,53/18870,4.781615265299334e-4,0.005057712175882191,0.0037469967576029867,LRRC17/GPR137B/FBN1/LILRB4/FSTL3/C1QC/SFRP1/GPR68/INHBA/ADIPOQ/UBASH3B/LILRB1/TRIB1/CCL3/ERFE,15
GO:0007157,heterophilic cell-cell adhesion via plasma membrane cell adhesion molecules,15/2098,53/18870,4.781615265299334e-4,0.005057712175882191,0.0037469967576029867,ADGRL1/FAT4/HMCN1/SCARF2/DCHS1/TENM4/TENM1/PTPRD/ALCAM/CADM3/CXADR/CD209/VCAM1/SELP/IL1RAPL1,15
GO:0019933,cAMP-mediated signaling,15/2098,53/18870,4.781615265299334e-4,0.005057712175882191,0.0037469967576029867,LPAR1/UBE2B/CAP2/AHR/ADCY2/PDE4D/SCT/PDE3A/PDE7A/ADGRG6/GNAI1/PDE3B/OPRL1/PEX5L/ADCYAP1,15
GO:2000193,positive regulation of fatty acid transport,9/2098,23/18870,4.859107895776785e-4,0.005130334463777417,0.0038007988459406164,P2RX7/PTGES/PLA2R1/P2RX4/PLA2G4A/MAP2K6/FABP3/TNFRSF11A/ERFE,9
GO:0010038,response to metal ion,61/2098,359/18870,4.888322121814882e-4,0.005151812443081492,0.003816710767381302,CYBRD1/FXN/PKD2/TRPC1/NFATC4/ADCY7/FBP1/P2RX7/PRKAA2/TCIRG1/CLIC4/S100A16/LRRK2/TUBA1A/BACE1/MAOB/LOXL2/IMPA2/P2RX4/CD14/SOD3/LGMN/ADGRV1/CYBB/CEBPA/SCN5A/PPP2CA/HAAO/G6PD/FIBIN/MYOG/SUCNR1/NDRG1/SLC30A1/PENK/SDC1/KCNA1/CPNE5/VCAM1/CPNE8/CASP8/PTK2B/THBS1/TRPM2/MMP9/SOD2/FABP4/SYT15/RASA4B/AKR1C3/PGAM2/CPA1/TNNT2/KCNIP2/MT1X/FOS/TLR9/SLC30A2/CYP1A1/NPTX1/SLC30A3,61
GO:0046847,filopodium assembly,18/2098,70/18870,4.961648735998557e-4,0.005219618516294134,0.003866944771934802,PALM/SRGAP2/SRGAP2C/FSCN1/TGFB3/NEURL1/FGD1/DOCK11/EZR/TENM1/FGD2/PRKCD/S1PR2/AGRN/EPHB2/ITGB4/CCL21/TRPM2,18
GO:0086001,cardiac muscle cell action potential,19/2098,76/18870,5.141222100146851e-4,0.005398748053445346,0.003999652559874404,KCNJ5/SNTA1/CACNA1C/SCN5A/JUP/GPD1L/CXADR/ATP1B1/SLC4A3/CACNB2/KCNE4/FLNA/ATP2A2/KCND3/SCN2B/TBX18/KCNE2/KCNIP2/DSP,19
GO:0019915,lipid storage,22/2098,94/18870,5.223807260136331e-4,0.005459767868772323,0.0040448589777623166,LIPA/APOE/NPC2/C3/MSR1/GM2A/CIDEB/LDAH/ENPP1/PLIN2/PPARG/FITM1/NR1H3/HILPDA/ACVR1C/IKBKE/CIDEA/SQLE/DGAT2/CIDEC/PLIN5/LEP,22
GO:0031295,T cell costimulation,14/2098,48/18870,5.231863363525773e-4,0.005459767868772323,0.0040448589777623166,SRC/TNFRSF14/CD81/FYN/CD24/LILRB4/DPP4/CCL21/SPN/PDCD1LG2/CD86/LILRB2/CD28/CD40LG,14
GO:0150076,neuroinflammatory response,20/2098,82/18870,5.236635361446234e-4,0.005459767868772323,0.0040448589777623166,LRP1/APP/IGF1/GRN/CLU/LRRK2/CD200/IL33/AIF1/ITGB2/C1QA/TYROBP/ITGAM/MMP9/SPHK1/CD200R1/MMP3/TLR9/CCL3/LDLR,20
GO:0002604,regulation of dendritic cell antigen processing and presentation,6/2098,11/18870,5.274547570830503e-4,0.005459767868772323,0.0040448589777623166,NOD1/CD74/FCGR2B/FGL2/CCL21/THBS1,6
GO:0002887,negative regulation of myeloid leukocyte mediated immunity,6/2098,11/18870,5.274547570830503e-4,0.005459767868772323,0.0040448589777623166,CD84/FCGR2B/BCR/LGALS9/SPI1/CD300A,6
GO:0032060,bleb assembly,6/2098,11/18870,5.274547570830503e-4,0.005459767868772323,0.0040448589777623166,LPAR1/P2RX7/EMP3/MYLK/ANLN/EMP1,6
GO:0043951,negative regulation of cAMP-mediated signaling,6/2098,11/18870,5.274547570830503e-4,0.005459767868772323,0.0040448589777623166,LPAR1/UBE2B/PDE4D/PDE3A/PDE3B/OPRL1,6
GO:0110011,regulation of basement membrane organization,6/2098,11/18870,5.274547570830503e-4,0.005459767868772323,0.0040448589777623166,PHLDB1/NID1/LAMA2/LAMB1/LAMB2/PHLDB2,6
GO:0032609,type II interferon production,26/2098,119/18870,5.370410770914778e-4,0.0055392496175314596,0.004103742885057249,CD276/AXL/PYCARD/PDE4D/IL33/HLA-DRB1/LAPTM5/CD14/HAVCR2/LILRB4/IRF8/HLA-DPB1/HLA-DPA1/LGALS9/TLR7/SASH3/RIPK3/INHBA/PDCD1LG2/CD2/ARID5A/TLR9/LILRB1/PTPN22/SLAMF6/CLEC7A,26
GO:0032649,regulation of type II interferon production,26/2098,119/18870,5.370410770914778e-4,0.0055392496175314596,0.004103742885057249,CD276/AXL/PYCARD/PDE4D/IL33/HLA-DRB1/LAPTM5/CD14/HAVCR2/LILRB4/IRF8/HLA-DPB1/HLA-DPA1/LGALS9/TLR7/SASH3/RIPK3/INHBA/PDCD1LG2/CD2/ARID5A/TLR9/LILRB1/PTPN22/SLAMF6/CLEC7A,26
GO:0062197,cellular response to chemical stress,55/2098,317/18870,5.40521294243425e-4,0.0055652609143112914,0.0041230133064070135,MMP2/SRC/GPX8/DAPK1/FXN/PKD2/BDKRB2/DDR2/FBLN5/AXL/STAT6/PDGFD/FYN/FBP1/PYCARD/SQSTM1/NCOA7/PRKAA2/LRRK2/CAMKK2/PLA2R1/MYLK/AIF1/PDK2/PDGFRA/YBX3/PRKCD/SOD3/PRKD1/G6PD/ANXA1/ALDH3B1/HGF/SLC2A4/PENK/BTK/RIPK3/PPARGC1A/ATP2A2/PRR5L/TRPM2/MMP9/SOD2/SPHK1/MAPK13/MGST1/GJB2/MMP3/SLC4A11/TRPV4/ANKRD2/ALOX5/FOS/PCK1/LRRC8E,55
GO:0051047,positive regulation of secretion,54/2098,310/18870,5.478235371781211e-4,0.00563046244317407,0.004171317739072158,TGFB1/SOX4/IGF1/C1QTNF3/DAB2/S100A10/VPS4A/P2RX7/SPP1/MYOM1/TGFB3/PTGES/PLA2R1/MYH10/GABBR1/GAB2/HLA-DRB1/NLGN2/ITGB2/NNAT/P2RX4/PRKD1/SCT/TACR1/PPARG/SYK/CD33/SDC1/ITGAM/ANG/P2RY2/NKX3-1/C1QTNF1/PLA2G4A/GPR68/EXPH5/PCK2/RASL10B/INHBA/STX1B/MAP2K6/ANXA2/HYAL3/IL4R/PTAFR/P2RY1/RBP4/TNFRSF11A/SDC4/F2RL2/SOX11/ADCYAP1/LEP/SCAMP5,54
GO:0007189,adenylate cyclase-activating G protein-coupled receptor signaling pathway,32/2098,158/18870,5.525230179417584e-4,0.005660910848082464,0.00419387538381319,ADGRL1/LPAR1/ADCY3/ADRA2A/ADCY7/ADCY2/PTGER3/GNG2/ADCY9/PDE4D/S1PR2/PTGER2/ADGRG2/CALCRL/GPR157/PTGFR/MRAP2/ADGRG6/GPR161/PLN/LGR5/CNR1/PTGIR/GPR65/PTHLH/OPRL1/ADRB1/ADGRB2/ADCYAP1/CXCL9/ADGRF2/LPAR2,32
GO:0050777,negative regulation of immune response,39/2098,205/18870,5.527357414952226e-4,0.005660910848082464,0.00419387538381319,COL3A1/SRC/TGFB1/TNFRSF14/LGALS3/SVEP1/STAT6/FYN/AHR/SERPING1/LOXL3/GRN/CD84/PPP6C/IL33/HLA-DRB1/SUSD4/SLAMF8/HAVCR2/LILRB4/FCGR2B/NCKAP1L/BCR/ANXA1/FGL2/IFI16/PPARG/VSIG4/SYK/TYRO3/LGALS9/NR1H3/BCL6/SPN/SPI1/IL4R/IL7R/CD300A/LILRB1,39
GO:0015732,prostaglandin transport,10/2098,28/18870,5.597853462671912e-4,0.005716568158724651,0.004235108999974197,SLCO2B1/P2RX7/PTGES/P2RX4/PLA2G4A/ABCC4/MAP2K6/SLCO2A1/TNFRSF11A/LEP,10
GO:0032735,positive regulation of interleukin-12 production,13/2098,43/18870,5.613012565537994e-4,0.005716568158724651,0.004235108999974197,MDK/LAPTM5/UNC93B1/IRF5/IL16/IRF8/SYK/LGALS9/TLR9/SCIMP/LEP/CLEC7A/CD40LG,13
GO:0030206,chondroitin sulfate biosynthetic process,8/2098,19/18870,5.621078730207983e-4,0.005716568158724651,0.004235108999974197,CHPF/DSE/CHPF2/CSGALNACT1/CHST11/XYLT1/CHSY3/UGDH,8
GO:0032928,regulation of superoxide anion generation,8/2098,19/18870,5.621078730207983e-4,0.005716568158724651,0.004235108999974197,TGFB1/ACP5/ITGB2/PRKCD/TYROBP/SYK/ITGAM/CLEC7A,8
GO:0030888,regulation of B cell proliferation,17/2098,65/18870,5.69774246430691e-4,0.005774308986078573,0.004277886185656717,CD81/AHR/TNFRSF21/SLC39A10/CD74/EPHB2/FCGR2B/NCKAP1L/TYROBP/SASH3/BTK/BCL6/GPR183/PRLR/IKZF3/CD300A/TLR9,17
GO:0045453,bone resorption,17/2098,65/18870,5.69774246430691e-4,0.005774308986078573,0.004277886185656717,TMEM119/CTSK/SRC/ACP5/P2RX7/SPP1/GPR137B/LTBP3/TCIRG1/CSF1R/SYK/PTK2B/NOX4/SNX10/PDK4/UBASH3B/TNFRSF11A,17
GO:0032231,regulation of actin filament bundle assembly,24/2098,107/18870,5.794686742262393e-4,0.005862325071832354,0.004343092740808068,LPAR1/S100A10/TGFB3/TTC8/ARHGEF10/SWAP70/CARMIL1/CCN2/ACTG1/PHLDB2/TACR1/SYNPO/SFRP1/F11R/RHPN1/FLNA/PLEK/CGNL1/GPR65/MYOC/TACSTD2/WAS/SDC4/FRMD7,24
GO:0050873,brown fat cell differentiation,15/2098,54/18870,5.948741099958319e-4,0.005990455115846653,0.004438017648113487,SH2B2/EBF2/ARL4A/CEBPA/SLC2A4/METRNL/PPARGC1A/FNDC5/FABP4/ADIPOQ/SLC7A10/FABP3/TRPV4/ADRB1/LEP,15
GO:0071639,positive regulation of monocyte chemotactic protein-1 production,7/2098,15/18870,5.952286209477387e-4,0.005990455115846653,0.004438017648113487,TWIST1/CD84/SYK/LGALS9/ADIPOQ/TRPV4/CLEC7A,7
GO:1903054,negative regulation of extracellular matrix organization,7/2098,15/18870,5.952286209477387e-4,0.005990455115846653,0.004438017648113487,ANTXR1/EMILIN1/TGFB1/FAP/CST3/DPP4/CHADL,7
GO:0048002,antigen processing and presentation of peptide antigen,18/2098,71/18870,5.966005090403562e-4,0.0059938739723137515,0.004440550501635287,SAR1B/PYCARD/MR1/HLA-DRB1/UNC93B1/CD74/LGMN/FCGR2B/HLA-DRA/HLA-DPB1/CTSS/HLA-DQA1/HLA-DPA1/FCER1G/CD209/HLA-DMB/MARCHF1/HLA-DRB5,18
GO:0019935,cyclic-nucleotide-mediated signaling,20/2098,83/18870,6.189278725132023e-4,0.006207451046086642,0.004598778683685952,LPAR1/UBE2B/CAP2/APOE/AHR/ADCY2/PDE4D/SCT/PDE3A/PRKG1/PDE7A/ADGRG6/GNAI1/THBS1/PDE3B/HTR2B/NPPC/OPRL1/PEX5L/ADCYAP1,20
GO:0034599,cellular response to oxidative stress,46/2098,255/18870,6.348607376992746e-4,0.0063562694893442885,0.004709030553497161,MMP2/SRC/GPX8/DAPK1/FXN/PKD2/DDR2/FBLN5/AXL/STAT6/PDGFD/FYN/SQSTM1/NCOA7/PRKAA2/LRRK2/CAMKK2/PLA2R1/AIF1/PDK2/PDGFRA/PRKCD/SOD3/PRKD1/G6PD/ANXA1/ALDH3B1/HGF/PENK/BTK/RIPK3/PPARGC1A/ATP2A2/PRR5L/TRPM2/MMP9/SOD2/SPHK1/MAPK13/MGST1/GJB2/MMP3/SLC4A11/ANKRD2/ALOX5/FOS,46
GO:0002822,regulation of adaptive immune response based on somatic recombination of immune receptors built from immunoglobulin superfamily domains,37/2098,193/18870,6.503497176653162e-4,0.00649896756765666,0.004814748162202201,TGFB1/CD81/SVEP1/STAT6/AHR/P2RX7/LOXL3/CD4/C3/MR1/IL33/HLA-DRB1/SUSD4/HAVCR2/PRKCQ/EPHB2/LILRB4/FCGR2B/NCKAP1L/ANXA1/HLA-DRA/PLA2G4A/SASH3/BTK/BCL6/RIPK3/SPN/IL4R/CD28/WAS/ARID5A/IL7R/LILRB1/NFKBID/FCER2/CARD9/CLEC7A,37
GO:0050804,modulation of chemical synaptic transmission,78/2098,489/18870,6.513516659852206e-4,0.00649896756765666,0.004814748162202201,MYOF/CHRDL1/APP/MAP1B/NFATC4/SYNGAP1/NTRK2/ADRA2A/DNM1/CDH11/FYN/TSHZ3/APOE/SQSTM1/F2R/LAMA2/CLSTN3/PLPPR4/NEURL1/DBN1/LRRK2/GABBR1/BACE1/SORCS2/NLGN2/PRRT2/MAP1A/SEPTIN5/PTN/HRH1/PTPRS/S1PR2/LGMN/PTPRD/EPHB2/SCT/BCR/NGFR/TYROBP/TACR1/SNCAIP/DMPK/SLC30A1/AKAP7/CLSTN2/NLGN4X/GRIN2D/SLC6A9/PLCL1/SLC38A2/PTK2B/ATP2A2/CALB2/STX1B/BAIAP2/AKAP12/PRKAR2B/NTF4/LZTS1/CNTN4/FAM107A/CNR1/ASIC1/P2RY1/GRID1/PRRT1/LILRB2/ADIPOQ/SLC7A10/SERPINE2/ROR2/CACNB4/TUBB2B/BRSK1/CHRNA5/GRIA3/SYN1/ADORA3,78
GO:0001774,microglial cell activation,14/2098,49/18870,6.584287455718219e-4,0.006515241337307505,0.004826804554498795,APP/GRN/CLU/LRRK2/IL33/AIF1/ITGB2/C1QA/TYROBP/ITGAM/SPHK1/TLR9/CCL3/LDLR,14
GO:0007520,myoblast fusion,14/2098,49/18870,6.584287455718219e-4,0.006515241337307505,0.004826804554498795,PTGFRN/CDON/DOCK1/ADAM12/CD81/ADAMTS15/JAM2/MYOG/CD9/CD53/DOCK2/IL4R/MYMX/CXCL9,14
GO:0019884,antigen processing and presentation of exogenous antigen,14/2098,49/18870,6.584287455718219e-4,0.006515241337307505,0.004826804554498795,MR1/HLA-DRB1/UNC93B1/CD74/LGMN/FCGR2B/HLA-DRA/HLA-DPB1/CTSS/HLA-DQA1/HLA-DPA1/FCER1G/HLA-DMB/HLA-DRB5,14
GO:2000404,regulation of T cell migration,14/2098,49/18870,6.584287455718219e-4,0.006515241337307505,0.004826804554498795,TNFRSF14/ECM1/APP/PYCARD/CD200/AIF1/RIPK3/CCL21/SPN/TMEM102/CD200R1/ITGA4/CCL5/CORO1A,14
GO:0001666,response to hypoxia,52/2098,298/18870,6.585925030135191e-4,0.006515241337307505,0.004826804554498795,MMP14/MMP2/SRC/POSTN/TGFB1/SOX4/TWIST1/HSPG2/DDR2/TGFB3/VASN/CD24/SDHD/LOXL2/HSD11B2/KCNJ11/ITGA2/SOD3/CYBB/VEGFD/PLOD2/PTGIS/DPP4/WTIP/ANGPT2/PPARG/NDRG1/SLC2A4/SFRP1/PENK/ANG/NKX3-1/ARNT2/VCAM1/KCND2/PTK2B/HILPDA/THBS1/SOD2/CXCR4/AJUBA/GATA6/ADIPOQ/NPPC/TRPV4/FOS/ANGPT4/LEP/EGR1/PCK1/PLAU/CYP1A1,52
GO:0030183,B cell differentiation,31/2098,153/18870,6.636662842681648e-4,0.006554268899226587,0.004855718051922645,MMP14/NOTCH2/CMTM7/SLC39A7/DOCK11/TCIRG1/ID2/ITM2A/ZFP36L2/SLAMF8/HDAC5/FCGR2B/DOCK10/NCKAP1L/IRF8/SYK/SFRP1/LFNG/VCAM1/BTK/BCL6/PTK2B/INHBA/SPI1/GPR183/ITGA4/IL2RG/IKZF3/TLR9/BLNK/CD40LG,31
GO:0070555,response to interleukin-1,29/2098,140/18870,6.718146408369546e-4,0.006623476433514764,0.004906990326334794,MMP2/SRC/ADAMTS7/APP/PYCARD/ADAMTS12/CCL22/PTGIS/ANXA1/CCL18/CCL14/SFRP1/MYD88/LGALS9/NKX3-1/CHI3L1/CCL21/MYLK3/AKAP12/TRIM63/HYAL3/MAPK13/CCL16/TNFRSF11A/CCL3L3/CCL5/CCL3/EGR1/PCK1,29
GO:0099177,regulation of trans-synaptic signaling,78/2098,490/18870,6.922858271154425e-4,0.006813735250948092,0.0050479432210897655,MYOF/CHRDL1/APP/MAP1B/NFATC4/SYNGAP1/NTRK2/ADRA2A/DNM1/CDH11/FYN/TSHZ3/APOE/SQSTM1/F2R/LAMA2/CLSTN3/PLPPR4/NEURL1/DBN1/LRRK2/GABBR1/BACE1/SORCS2/NLGN2/PRRT2/MAP1A/SEPTIN5/PTN/HRH1/PTPRS/S1PR2/LGMN/PTPRD/EPHB2/SCT/BCR/NGFR/TYROBP/TACR1/SNCAIP/DMPK/SLC30A1/AKAP7/CLSTN2/NLGN4X/GRIN2D/SLC6A9/PLCL1/SLC38A2/PTK2B/ATP2A2/CALB2/STX1B/BAIAP2/AKAP12/PRKAR2B/NTF4/LZTS1/CNTN4/FAM107A/CNR1/ASIC1/P2RY1/GRID1/PRRT1/LILRB2/ADIPOQ/SLC7A10/SERPINE2/ROR2/CACNB4/TUBB2B/BRSK1/CHRNA5/GRIA3/SYN1/ADORA3,78
GO:0002703,regulation of leukocyte mediated immunity,45/2098,249/18870,6.941654492420314e-4,0.006820674727154783,0.005053084319266511,TGFB1/CD81/SVEP1/STAT6/AHR/P2RX7/C3/CD84/MR1/GAB2/HLA-DRB1/SUSD4/ITGB2/HAVCR2/LILRB4/FCGR2B/NCKAP1L/BCR/HLA-DRA/TYROBP/SYK/LGALS9/ITGAM/SASH3/BTK/BCL6/RIPK3/SPN/SPI1/IL4R/PTAFR/CD28/WAS/ARID5A/IL7R/CD300A/TLR9/SCIMP/LILRB1/FCER2/SH2D1A/LEP/SLAMF6/SH2D1B/CLEC7A,45
GO:0061138,morphogenesis of a branching epithelium,36/2098,187/18870,7.047302427084792e-4,0.006912784661162396,0.00512132379436265,SFRP2/MMP14/SRC/GLI3/DCHS1/PKD2/MDK/SNAI2/NFATC4/SULF1/TGFBR2/CTSZ/FGF7/CLIC4/ADAMTS16/PLXND1/GPC3/SOX8/GDF7/HGF/GLI2/SFRP1/MAGED1/NKX3-1/FGF2/TMEM59L/COL4A1/CELSR1/HS3ST3A1/VDR/TNC/TACSTD2/ST14/HHIP/FOXC2/LEF1,36
GO:0070664,negative regulation of leukocyte proliferation,22/2098,96/18870,7.091853146058029e-4,0.006939157510523573,0.005140862071276923,GPNMB/TNFRSF14/TNFRSF21/TWSG1/IL33/HLA-DRB1/HAVCR2/LILRB4/FCGR2B/TYROBP/VSIG4/LGALS9/BTK/BCL6/SPN/PDCD1LG2/CD86/LILRB2/SDC4/SOX11/CD300A/LILRB1,22
GO:2000377,regulation of reactive oxygen species metabolic process,30/2098,147/18870,7.098087758310663e-4,0.006939157510523573,0.005140862071276923,PDGFRB/TGFB1/FBLN5/TGFBR2/FYN/ACP5/PRCP/LRRK2/VDAC1/ITGB2/PRKCD/CBR1/G6PD/BCR/TYROBP/SYK/ITGAM/RIPK3/PTK2B/AKR1C1/THBS1/GADD45A/SOD2/AKR1C3/ABCD2/MMP3/ALOX5/PLIN5/LEP/CLEC7A,30
GO:0044344,cellular response to fibroblast growth factor stimulus,25/2098,115/18870,7.35409502319657e-4,0.0071653070133729,0.00530840451427135,COL1A1/POSTN/SULF1/SULF2/CREB3L1/FGF7/RUNX2/SMOC2/ZFP36L2/CD44/CCN2/FGF16/FGF18/NGFR/SFRP1/FGF2/THBS1/TBX1/FLRT2/FLRT3/HHIP/CCL5/FLRT1/NR4A1/KLB,25
GO:0051261,protein depolymerization,25/2098,115/18870,7.35409502319657e-4,0.0071653070133729,0.00530840451427135,LIMA1/STMN3/ADD3/MAP1B/CAPG/PLEKHH2/SPTAN1/VPS4A/NAV3/MICAL1/MID1/GSN/MID1IP1/MAP1A/SWAP70/CARMIL1/SEMA5A/LMOD1/SPTB/VILL/NES/PLEK/ACTN2/NCKAP5/TRPV4,25
GO:0003007,heart morphogenesis,47/2098,264/18870,7.500072177859854e-4,0.007283096845624109,0.005395668894721568,ELN/SFRP2/COL5A1/NOTCH2/SLIT3/PARVA/TGFB1/SOX4/DCHS1/PKD2/TWIST1/SNAI2/TGFBR2/IFT52/PRICKLE1/DHRS3/PLXND1/FZD1/NRP2/CPE/LBX1/ALPK2/SMAD6/SHOX2/COL11A1/ASB2/TCAP/ADGRG6/MSX1/ACTC1/FLNA/MYLK2/TBX19/CCDC40/FZD2/NPY1R/DNAH11/GATA6/TBX1/FLRT2/HTR2B/RBP4/FOXC2/HAND2/TNNT2/SOX11/DSP,47
GO:0014706,striated muscle tissue development,47/2098,264/18870,7.500072177859854e-4,0.007283096845624109,0.005395668894721568,LOX/NOTCH2/PDGFRB/TGFB1/TWIST1/IGF1/TENM4/ID2/PRICKLE1/PI16/KCNJ11/PDGFRA/ALPK3/RPL3L/RUNX1/ERBB3/PDLIM5/SCN5A/MSC/G6PD/ALPK2/SHOX2/COL11A1/ASB2/PRKG1/TCAP/CXADR/NRAP/FGF2/FZD7/MSX1/IFRD1/ACADM/ACTC1/MYLK2/MYLK3/PLN/NOX4/ACTN2/TBX18/GATA6/RBP4/FOXC2/TNNT2/GLI1/DSP/LEF1,47
GO:0001704,formation of primary germ layer,27/2098,128/18870,7.561957300098064e-4,0.007330932561213599,0.005431107896582161,COL5A2/SFRP2/MMP14/MMP2/COL5A1/COL6A1/COL8A1/FN1/COL12A1/ITGB5/TWSG1/ITGB2/LAMB1/ITGA2/LAMA3/COL11A1/ITGB4/COL4A2/DUSP4/FZD7/TBX19/INHBA/MMP9/GATA6/ITGA4/FOXC2/LEF1,27
GO:0045580,regulation of T cell differentiation,35/2098,181/18870,7.630765055846804e-4,0.007385308779883731,0.005471392418113313,GLI3/SOX4/MDK/TGFBR2/LOXL3/HLA-DRB1/RUNX1/CD74/LILRB4/NCKAP1L/ANXA1/HLA-DRA/FGL2/GLI2/SYK/LGALS9/SASH3/BCL6/SOX12/DTX1/CD86/IL4R/IL2RG/PRDM1/LILRB2/IRF4/CD2/CD28/RUNX3/TOX/IL7R/NFKBID/CYP26B1/PCK1/LEF1,35
GO:0001773,myeloid dendritic cell activation,10/2098,29/18870,7.69996217191599e-4,0.0074152040352099755,0.005493540263004392,NOTCH2/TGFBR2/PYCARD/HAVCR2/BATF2/ITGB8/DOCK2/SPI1/IRF4/CD2,10
GO:0036037,"CD8-positive, alpha-beta T cell activation",10/2098,29/18870,7.69996217191599e-4,0.0074152040352099755,0.005493540263004392,RUNX1/LILRB4/NCKAP1L/MAPK8IP1/WDFY4/TNFSF8/RUNX3/TOX/LILRB1/PTPN22,10
GO:0070977,bone maturation,10/2098,29/18870,7.69996217191599e-4,0.0074152040352099755,0.005493540263004392,ADAMTS7/THBS3/DCHS1/IGF1/PLXNB1/ADAMTS12/XYLT1/SNX10/PHOSPHO1/LEP,10
GO:0001558,regulation of cell growth,68/2098,417/18870,7.729146188908001e-4,0.00743098541705112,0.005505231870698327,SFRP2/MMP14/CRABP2/KAZALD1/SLC23A2/SLIT3/TGFB1/FN1/FXN/CCN3/IGFBP4/PRR5/MAP1B/IGF1/RNF157/DAB2/FRZB/SH3BP4/APOE/CAPRIN2/FBP1/SPP1/IGFBP3/CLSTN3/PLCE1/SHTN1/IGFBP7/BDKRB1/CXCL16/RERG/SEMA3B/TEAD1/PI16/PTCH2/NTN1/PTPRS/DACT3/PRKCQ/PPP2CA/PLXNA3/ARHGAP4/G6PD/SEMA5A/ENPP1/TMEM97/SEMA3D/SFRP1/TRPV2/LTBP4/CPNE5/EFNA5/MSX1/IFRD1/BCL6/PTK2B/MEG3/INHBA/SPHK1/CXCR4/FAM107A/OSGIN1/TNC/SEMA3A/PLXNA4/SERPINE2/NRCAM/HBEGF/H3-5,68
GO:0030324,lung development,36/2098,188/18870,7.802465311211002e-4,0.0074767188221455914,0.005539113379697649,LOX/ADAMTS2/MMP14/COL3A1/GLI3/RCN3/LIPA/PTK7/TGFBR2/CTSZ/LOXL3/FGF7/TGFB3/LTBP3/JMJD6/GPC3/PDGFRA/CEBPA/CCN2/FGF18/GLI2/CHI3L1/FGF2/CELSR1/CCBE1/CCDC40/ADAMTSL2/GATA6/TNC/PKDCC/ERRFI1/RBP4/HHIP/SOX11/PHEX/GLI1,36
GO:0044000,movement in host,36/2098,188/18870,7.802465311211002e-4,0.0074767188221455914,0.005539113379697649,SRC/LRRC15/TNFRSF14/CD81/AXL/ITGB5/VPS4A/CD4/KPNA3/GSN/SLC7A1/TRIM22/HLA-DRB1/FUCA2/ANPEP/ITGA2/SIGLEC1/CD74/MRC1/DPP4/SLC20A2/WWP1/TRIM5/TYRO3/CXADR/LGALS9/F11R/CD209/SLC1A5/NCAM1/CD86/CXCR4/SELPLG/TRIM6/CCR5/LDLR,36
GO:0001823,mesonephros development,23/2098,103/18870,7.971836874262741e-4,0.0076138909093493,0.005640737068059527,GLI3/DCHS1/PKD2/OSR1/ADAMTS16/BASP1/GPC3/SOX8/SMAD6/FMN1/SFRP1/MAGED1/SDC1/FGF2/TMEM59L/GDF11/CRLF1/OSR2/HS3ST3A1/TACSTD2/KIF26B/FOXC2/SDC4,23
GO:0032677,regulation of interleukin-8 production,23/2098,103/18870,7.971836874262741e-4,0.0076138909093493,0.005640737068059527,SSC5D/NOD1/ARRB1/PYCARD/F2R/TMSB4X/CD14/CD74/F3/ANXA1/SYK/MYD88/CD33/LGALS9/TLR7/CHI3L1/IL17D/CD2/ADIPOQ/TLR9/PTPN22/LEP/CLEC7A,23
GO:0006633,fatty acid biosynthetic process,33/2098,168/18870,8.019555572005853e-4,0.0076468898533067296,0.0056651842749611825,PRKAA2/ACSS2/PTGES/QKI/MID1IP1/CD74/FADS2/CBR1/PRKAG2/HACD4/PTGIS/ANXA1/SCD5/PRXL2B/FADS1/ABHD2/ELOVL5/NR1H3/PLA2G4A/FASN/PDK4/PLP1/PLA2G4F/SCD/TECRL/ELOVL7/AKR1C3/ABCD2/ELOVL6/ALOX5/ACSM3/CYP1A1/ELOVL4,33
GO:0050728,negative regulation of inflammatory response,38/2098,202/18870,8.062264400603325e-4,0.0076734020616629805,0.0056848257957304894,SRC/CCN3/MDK/NT5E/IGF1/C1QTNF3/FYN/APOE/AHR/ACP5/GRN/IL10RA/CD200/IL33/HLA-DRB1/SLAMF8/PRKCD/FCGR2B/PTGIS/BCR/FEM1A/HGF/ELF4/PPARG/SAA1/SYK/TYRO3/NR1H3/METRNL/SPN/CD200R1/FNDC4/TNFAIP8L2/ADIPOQ/LRFN5/AOAH/ALOX5/LDLR,38
GO:1904062,regulation of monoatomic cation transmembrane transport,54/2098,315/18870,8.07378794502511e-4,0.0076734020616629805,0.0056848257957304894,THY1/PKD2/OSR1/TRPC1/ADRA2A/FYN/P2RX7/F2R/UBR3/TCIRG1/JPH1/TMSB4X/BDKRB1/FXYD5/VDAC1/PDE4D/SNTA1/P2RX4/CACNA1C/SCN5A/PRKD1/G6PD/GPD1L/WNK2/KCNAB2/CACNB3/TMEM38A/SLC30A1/CTSS/CLIC2/ATP1B1/PIK3CG/GRIN2D/CACNB2/KCNE4/GJC2/PTK2B/FLNA/PLN/ACTN2/SCN2B/PTPN3/MMP9/PLP1/DHRS7C/ATP2A1/KCNE2/UBASH3B/CACNB4/LRRC55/KCNIP2/TLR9/CORO1A/CXCL9,54
GO:0030865,cortical cytoskeleton organization,14/2098,50/18870,8.22126001521178e-4,0.007763656818357979,0.005751690866128731,VPS4A/EPB41L1/EZR/CAVIN3/RTKN/EPB41L3/NCKAP1L/IQGAP2/PLEK/FMNL1/RAC3/LCP1/ANLN/TRPV4,14
GO:0031294,lymphocyte costimulation,14/2098,50/18870,8.22126001521178e-4,0.007763656818357979,0.005751690866128731,SRC/TNFRSF14/CD81/FYN/CD24/LILRB4/DPP4/CCL21/SPN/PDCD1LG2/CD86/LILRB2/CD28/CD40LG,14
GO:0060976,coronary vasculature development,14/2098,50/18870,8.22126001521178e-4,0.007763656818357979,0.005751690866128731,PDGFRB/PTK7/SPRED1/PRICKLE1/PLXND1/GPC3/DYNC2H1/SMAD6/FGF2/GATA6/TBX1/PRDM1/ADAMTS6/HAND2,14
GO:0062012,regulation of small molecule metabolic process,57/2098,337/18870,8.222229969502596e-4,0.007763656818357979,0.005751690866128731,SRC/DKK3/APP/IGFBP4/TWIST1/IGF1/SNAI2/C1QTNF3/DAB2/IGF2/APOE/FBP1/P2RX7/PRKAA2/IGFBP3/RORC/TMSB4X/LEPR/PGP/MID1IP1/PDK2/FMO1/HRH1/CD74/PPP2CA/PRKAG2/FMO4/ANXA1/PRKG1/GNB3/PPARG/ELOVL5/NR1H3/C1QTNF1/ACADM/PTK2B/PPARGC1A/LACC1/PLEK/PDK4/PPP1R3G/CNR1/PTAFR/GPT2/AKR1C3/P2RY1/ABCD2/ADIPOQ/FABP3/SEC14L2/SLC7A7/MIDN/PLIN5/LEP/EGR1/ERFE/LDLR,57
GO:0007584,response to nutrient,31/2098,155/18870,8.330750500342473e-4,0.007853355220046874,0.005818143761944582,COL1A1/SFRP2/POSTN/LIPA/MAP1B/SNAI2/PLD1/C2/SPP1/RUNX2/MN1/PDK2/ITGA2/CYBB/KANK2/PPARG/FOLR2/SFRP1/PENK/VCAM1/SOD2/CNR1/VDR/TNC/AKR1C3/ADIPOQ/CDKN2B/PHEX/LEP/CYP26B1/CYP1A1,31
GO:0032303,regulation of icosanoid secretion,8/2098,20/18870,8.460391111838028e-4,0.007962640386781756,0.005899107476598484,P2RX7/PTGES/PLA2R1/P2RX4/SYK/PLA2G4A/MAP2K6/TNFRSF11A,8
GO:0071230,cellular response to amino acid stimulus,20/2098,85/18870,8.551010922653807e-4,0.008034906218098811,0.00595264548473618,COL5A2/COL1A1/COL1A2/MMP2/COL3A1/COL6A1/COL16A1/SESN3/NTRK2/PDGFD/SH3BP4/FYN/DNMT1/PNPLA3/NEURL1/PDGFRA/CYBB/SESN1/COL4A1/BAIAP2,20
GO:0043370,"regulation of CD4-positive, alpha-beta T cell differentiation",15/2098,56/18870,9.021488143005644e-4,0.00846329267309108,0.0062700148015413775,LOXL3/HLA-DRB1/RUNX1/NCKAP1L/ANXA1/HLA-DRA/LGALS9/SASH3/BCL6/CD86/IL4R/IL2RG/IRF4/RUNX3/NFKBID,15
GO:0071774,response to fibroblast growth factor,26/2098,123/18870,9.075267184762475e-4,0.00849817408291319,0.006295856629814508,COL1A1/POSTN/SULF1/SULF2/CREB3L1/FGF7/RUNX2/SMOC2/ZFP36L2/CD44/CCN2/FGF16/FGF18/NGFR/SFRP1/FGF2/THBS1/TBX1/FLRT2/FLRT3/TNC/HHIP/CCL5/FLRT1/NR4A1/KLB,26
GO:0030833,regulation of actin filament polymerization,28/2098,136/18870,9.102573238457041e-4,0.00849817408291319,0.006295856629814508,ELN/KIRREL1/ADD3/CAPG/SPTAN1/TMSB10/PYCARD/CDC42EP5/ARPC5/GSN/TMSB4X/TENM1/FCHSD1/PRKCD/CARMIL1/NCKAP1L/LMOD1/KANK2/FMN1/SPTB/VILL/COTL1/PTK2B/CCL21/BAIAP2/HCLS1/CORO1A/CSF3,28
GO:0051209,release of sequestered calcium ion into cytosol,28/2098,136/18870,9.102573238457041e-4,0.00849817408291319,0.006295856629814508,THY1/PKD2/TRPC1/P2RX7/F2R/PLCE1/JPH1/BDKRB1/PDE4D/CACNA1C/PLCB2/PRKD1/TMEM38A/CLIC2/FGF2/MCOLN3/PTK2B/FLNA/CCL21/PLN/TRPM2/DHRS7C/HTR2B/UBASH3B/CORO1A/CCR5/CCL3/CXCL9,28
GO:0032637,interleukin-8 production,23/2098,104/18870,9.177727920887244e-4,0.008554585238618335,0.006337648730703078,SSC5D/NOD1/ARRB1/PYCARD/F2R/TMSB4X/CD14/CD74/F3/ANXA1/SYK/MYD88/CD33/LGALS9/TLR7/CHI3L1/IL17D/CD2/ADIPOQ/TLR9/PTPN22/LEP/CLEC7A,23
GO:0071496,cellular response to external stimulus,58/2098,346/18870,9.298748241419914e-4,0.008653498563770103,0.006410928485607827,COL1A1/SFRP2/CTSK/POSTN/DAP/SESN3/PRR5/SNAI2/PIEZO2/PIEZO1/AXL/GSDMD/PLD1/P2RX7/PRKAA2/LRRK2/CNN2/IL33/MN1/PDK2/ITGA2/PRKD1/PRKAG2/SESN1/KANK2/PLIN2/IFI16/FOLR2/SFRP1/MYD88/FADS1/PENK/TLR7/F11R/FGF2/VCAM1/GABARAPL1/CASP8/SLC38A2/STK26/PDK4/GADD45A/CYSLTR1/GLUL/FAM107A/KLF10/VDR/ITGA4/TNC/AKR1C3/MAP1LC3C/TNFRSF11A/CDKN2B/ATF3/FOS/PHEX/LEP/PCK1,58
GO:0001657,ureteric bud development,22/2098,98/18870,9.512634551923168e-4,0.008734677660500859,0.006471069870023839,GLI3/DCHS1/PKD2/OSR1/ADAMTS16/BASP1/GPC3/SOX8/SMAD6/FMN1/SFRP1/MAGED1/SDC1/FGF2/TMEM59L/GDF11/CRLF1/HS3ST3A1/TACSTD2/KIF26B/FOXC2/SDC4,22
GO:0034154,toll-like receptor 7 signaling pathway,6/2098,12/18870,9.557510076969095e-4,0.008734677660500859,0.006471069870023839,UNC93B1/HAVCR2/PIK3AP1/TLR7/SCIMP/PTPN22,6
GO:0043312,neutrophil degranulation,6/2098,12/18870,9.557510076969095e-4,0.008734677660500859,0.006471069870023839,ITGB2/BCR/SYK/ITGAM/SPI1/PTAFR,6
GO:0050655,dermatan sulfate proteoglycan metabolic process,6/2098,12/18870,9.557510076969095e-4,0.008734677660500859,0.006471069870023839,DSEL/DSE/CHST14/IDUA/CSGALNACT1/UST,6
GO:0071635,negative regulation of transforming growth factor beta production,6/2098,12/18870,9.557510076969095e-4,0.008734677660500859,0.006471069870023839,FN1/TSKU/CD24/TYROBP/GATA6/LILRB1,6
GO:2001046,positive regulation of integrin-mediated signaling pathway,6/2098,12/18870,9.557510076969095e-4,0.008734677660500859,0.006471069870023839,NID1/LOXL3/LAMA2/LAMB1/LAMB2/FLNA,6
GO:0002399,MHC class II protein complex assembly,7/2098,16/18870,9.570001554425778e-4,0.008734677660500859,0.006471069870023839,HLA-DRB1/HLA-DRA/HLA-DPB1/HLA-DQA1/HLA-DPA1/HLA-DMB/HLA-DRB5,7
GO:0002503,peptide antigen assembly with MHC class II protein complex,7/2098,16/18870,9.570001554425778e-4,0.008734677660500859,0.006471069870023839,HLA-DRB1/HLA-DRA/HLA-DPB1/HLA-DQA1/HLA-DPA1/HLA-DMB/HLA-DRB5,7
GO:0032930,positive regulation of superoxide anion generation,7/2098,16/18870,9.570001554425778e-4,0.008734677660500859,0.006471069870023839,TGFB1/ITGB2/PRKCD/TYROBP/SYK/ITGAM/CLEC7A,7
GO:0042249,establishment of planar polarity of embryonic epithelium,7/2098,16/18870,9.570001554425778e-4,0.008734677660500859,0.006471069870023839,SFRP2/CTHRC1/PTK7/FZD1/SFRP1/CELSR1/FZD2,7
GO:0045651,positive regulation of macrophage differentiation,7/2098,16/18870,9.570001554425778e-4,0.008734677660500859,0.006471069870023839,TGFB1/ID2/IL34/CASP8/HCLS1/ROR2/TRIB1,7
GO:0010959,regulation of metal ion transport,65/2098,398/18870,9.578545300036971e-4,0.008734677660500859,0.006471069870023839,THY1/PDGFRB/LGALS3/PKD2/OSR1/TRPC1/ADRA2A/FYN/P2RX7/CD4/F2R/UBR3/CD84/JPH1/BDKRB1/FXYD5/VDAC1/PDE4D/MYLK/SNTA1/P2RX4/CACNA1C/SCN5A/PRKD1/G6PD/GPD1L/WNK2/IL16/KCNAB2/CACNB3/TMEM38A/DMPK/SLC30A1/CD33/TRPV2/CLIC2/ATP1B1/PIK3CG/CACNB2/KCNE4/GJC2/CCR1/PTK2B/FLNA/PLN/ACTN2/SCN2B/PTPN3/PLP1/DHRS7C/CXCR4/ATP2A1/LILRB2/KCNE2/UBASH3B/SERPINE2/CACNB4/LRRC55/KCNIP2/CCL5/TLR9/LILRB1/CORO1A/CCL3/CXCL9,65
GO:0032731,positive regulation of interleukin-1 beta production,16/2098,62/18870,9.581521731942563e-4,0.008734677660500859,0.006471069870023839,APP/NOD1/GSDMD/P2RX7/PYCARD/TMEM106A/TYROBP/IFI16/MYD88/LGALS9/CASP8/NAIP/PANX1/CCL3/EGR1/CLEC7A,16
GO:0014902,myotube differentiation,27/2098,130/18870,9.69197501288167e-4,0.008821520203731012,0.006535407008356276,TMEM119/MMP14/PTGFRN/CDON/DOCK1/ADAM12/CD81/CCN3/IGF1/PIEZO1/ADAMTS15/NIBAN2/RPL3L/HDAC5/SHOX2/JAM2/MYOG/DMPK/CD9/CD53/DOCK2/IL4R/KLHL40/TBX1/MYMX/CYP26B1/CXCL9,27
GO:0015711,organic anion transport,71/2098,443/18870,9.741281277030339e-4,0.008852522750503158,0.006558375188077259,CRABP2/SLC2A10/SLC23A2/SFXN3/SLCO2B1/BDKRB2/NTRK2/SLC16A2/APOE/P2RX7/SLC27A3/SLC39A10/PTGES/PLA2R1/SLC17A7/SLC7A2/GABBR1/SLC7A1/SLC6A8/SLC1A7/P2RX4/SLC43A3/EMB/SLC16A4/MPC1/ANXA1/PLIN2/SLC35D2/PRKG1/PPARG/SYK/SLC47A1/SLC2A4/FOLR2/SLC17A9/RBP7/GOT2/SLC19A2/SLC4A3/SLC6A9/PLA2G4A/SLC1A5/SLC38A2/SLC25A22/SLC22A3/AKR1C1/THBS1/ABCC4/MAP2K6/CPT1B/FABP4/ABCG2/SLC38A4/PLA2G4F/MGST1/FABP7/ABCD2/SLCO2A1/SLC7A10/FABP3/SLC4A11/TNFRSF11A/SLC38A5/CACNB4/SLC7A7/ABCC3/SV2A/LEP/LRRC8E/ERFE/SLC6A20,71
GO:1903510,mucopolysaccharide metabolic process,21/2098,92/18870,9.79223032359641e-4,0.00888491898267568,0.006582375877062258,TGFB1/DSEL/CHPF/DSE/CHST14/ITIH5/IDUA/CHPF2/ST3GAL4/CD44/CSGALNACT1/SLC35D2/CHST11/XYLT1/FGF2/UST/CHSY3/B3GNT7/CHST6/HYAL3/UGDH,21
GO:0010954,positive regulation of protein processing,9/2098,25/18870,9.884785375683894e-4,0.008954906189796627,0.006634225770657702,MMP14/SPON1/SRC/S100A10/GSN/CLEC3B/MELTF/CCBE1/ANXA2,9
GO:0006937,regulation of muscle contraction,33/2098,170/18870,9.915094646115606e-4,0.008968372992210798,0.006644202626442775,ADRA2A/MYL5/F2R/MYBPH/PLCE1/PDE4D/P2RX4/ITGA2/CACNA1C/SCN5A/PRKD1/JUP/TACR1/PRKG1/TMEM38A/DMPK/KBTBD13/CLIC2/ATP1B1/KCNA1/PIK3CG/EHD3/MYLK2/PLN/ATP2A2/MYL9/SPHK1/ATP2A1/PTAFR/TRPV4/TNNT2/DSP/NR4A1,33
GO:0051090,regulation of DNA-binding transcription factor activity,66/2098,406/18870,9.945108103994163e-4,0.008981530755815568,0.006653950531394639,SFRP4/PRMT2/DAP/CAMK1D/TGFB1/APP/PKD2/CMKLR1/GLIS2/NOD1/DDR2/TRAF5/ARRB1/PYCARD/ID3/CLU/EDA2R/ID2/TMSB4X/LRRK2/FZD6/RAB7B/CD200/FZD1/TRIM22/TRIM14/HAVCR2/HDAC5/G3BP2/STING1/PRKCQ/PRKD1/PTGIS/JUP/ENPP1/PPARG/SYK/TRAF1/TRIM5/ROR1/MYD88/LGALS9/ABRA/BTK/RIPK3/FLNA/PPARGC1A/TCEAL7/MDFI/IKBKE/SPI1/FZD2/SPHK1/LPAR5/HCLS1/TRIM6/TNFRSF11A/TLR9/FOXS1/TRIB1/CARD9/CSF3/HES6/ADORA3/CLEC7A/CD40LG,66
GO:0033273,response to vitamin,20/2098,86/18870,9.997582174083909e-4,0.009014900572190256,0.006678672498444089,COL1A1/POSTN/LIPA/MAP1B/SNAI2/SPP1/RUNX2/MN1/ITGA2/KANK2/FOLR2/SFRP1/PENK/SOD2/VDR/TNC/PHEX/LEP/CYP26B1/CYP1A1,20
GO:0072073,kidney epithelium development,30/2098,150/18870,0.00100133574796946,0.009015126648773106,0.0066788399868644354,NOTCH2/GLI3/DCHS1/PKD2/OSR1/CD34/ADAMTS16/BASP1/CD24/GPC3/WWTR1/LAMB2/SOX8/SMAD6/KANK2/FMN1/SFRP1/MAGED1/SDC1/FGF2/TMEM59L/GDF11/CRLF1/HS3ST3A1/TACSTD2/ADIPOQ/KIF26B/FOXC2/SDC4/IRX1,30
GO:0010717,regulation of epithelial to mesenchymal transition,24/2098,111/18870,0.0010069624287842051,0.0090517505014704,0.006705972700734962,COL1A1/SFRP2/TGFB1/IL17RD/MDK/TWIST1/PHLDB1/DAB2/TGFBR2/EPHA3/GLIPR2/TGFB3/SPRED1/VASN/TNXB/LOXL2/WWTR1/DACT3/PPP2CA/PHLDB2/SFRP1/TIAM1/ZNF750/LEF1,24
GO:0045669,positive regulation of osteoblast differentiation,18/2098,74/18870,0.0010092925483586588,0.009058673614093867,0.00671110167598119,TMEM119/SFRP2/GLI3/CTHRC1/CCN4/IGF1/DDR2/TENT5A/CLIC1/RUNX2/WWTR1/CEBPA/PRKD1/HGF/GDF10/FGF2/NPPC/SOX11,18
GO:0051283,negative regulation of sequestering of calcium ion,28/2098,137/18870,0.0010250742082269922,0.009186120257984789,0.006805520287562894,THY1/PKD2/TRPC1/P2RX7/F2R/PLCE1/JPH1/BDKRB1/PDE4D/CACNA1C/PLCB2/PRKD1/TMEM38A/CLIC2/FGF2/MCOLN3/PTK2B/FLNA/CCL21/PLN/TRPM2/DHRS7C/HTR2B/UBASH3B/CORO1A/CCR5/CCL3/CXCL9,28
GO:0030224,monocyte differentiation,11/2098,35/18870,0.001030402720904794,0.009205459385067906,0.006819847644271891,PIR/CD4/HLA-DRB1/CSF1R/CD74/IL34/IFI16/PPARG/GPR68/FASN/PDE1B,11
GO:0086005,ventricular cardiac muscle cell action potential,11/2098,35/18870,0.001030402720904794,0.009205459385067906,0.006819847644271891,KCNJ5/SNTA1/CACNA1C/SCN5A/JUP/GPD1L/KCNE4/KCND3/SCN2B/KCNE2/DSP,11
GO:0031334,positive regulation of protein-containing complex assembly,37/2098,198/18870,0.001063732011346371,0.009488620260965247,0.007029626858068751,SRC/KIRREL1/TGFB1/LGALS3/MAP1B/PIEZO1/PYCARD/NAV3/CDC42EP5/FSCN1/CLU/TENM1/MPP7/FCHSD1/CARMIL1/PPP2CA/PRKD1/NCKAP1L/MED25/LMOD1/FMN1/SYK/MYD88/BTK/PTK2B/CCL21/PLEK/BID/TRABD2B/BAIAP2/AJUBA/ANKRD53/MMP3/LCP1/PTPN22/CSF3/CLEC7A,37
GO:0016064,immunoglobulin mediated immune response,38/2098,205/18870,0.0010729495361945192,0.009556162510247813,0.007079665409149178,C1R/TGFB1/C1S/CD81/SVEP1/STAT6/C2/SERPING1/C7/C3/CLU/TCIRG1/SUSD4/PRKCD/CD74/SWAP70/FCGR2B/C1QA/C1QC/IL21R/MYD88/C1QB/FCER1G/C4B/BTK/BCL6/FCER1A/C4A/C6/NCR3LG1/IL4R/FCGR3A/CD28/IL2RB/CSF2RB/FCER2/CARD9/CD40LG,38
GO:0072330,monocarboxylic acid biosynthetic process,41/2098,226/18870,0.0010830716121923985,0.009631541886678802,0.007135510081454554,DSEL/CYP7B1/DSE/CHST14/PRKAA2/ACSS2/PTGES/QKI/HSD3B7/MID1IP1/CD74/FADS2/CBR1/PRKAG2/HACD4/PTGIS/ANXA1/SCD5/GATM/PRXL2B/FADS1/ABHD2/ELOVL5/NR1H3/UST/PLA2G4A/FASN/PDK4/PLP1/PLA2G4F/SCD/TECRL/ELOVL7/AKR1C3/ABCD2/ELOVL6/SDS/ALOX5/ACSM3/CYP1A1/ELOVL4,41
GO:0072163,mesonephric epithelium development,22/2098,99/18870,0.0010969509249592992,0.009725181711814733,0.007204882973577592,GLI3/DCHS1/PKD2/OSR1/ADAMTS16/BASP1/GPC3/SOX8/SMAD6/FMN1/SFRP1/MAGED1/SDC1/FGF2/TMEM59L/GDF11/CRLF1/HS3ST3A1/TACSTD2/KIF26B/FOXC2/SDC4,22
GO:0072164,mesonephric tubule development,22/2098,99/18870,0.0010969509249592992,0.009725181711814733,0.007204882973577592,GLI3/DCHS1/PKD2/OSR1/ADAMTS16/BASP1/GPC3/SOX8/SMAD6/FMN1/SFRP1/MAGED1/SDC1/FGF2/TMEM59L/GDF11/CRLF1/HS3ST3A1/TACSTD2/KIF26B/FOXC2/SDC4,22
GO:0061900,glial cell activation,15/2098,57/18870,0.001100347111837615,0.009740420241525959,0.0072161724102701085,LRP1/APP/GRN/CLU/LRRK2/IL33/AIF1/ITGB2/C1QA/TYROBP/ITGAM/SPHK1/TLR9/CCL3/LDLR,15
GO:0032309,icosanoid secretion,13/2098,46/18870,0.0011365059646010515,0.010029924219511103,0.007430650899575264,BDKRB2/P2RX7/PTGES/PLA2R1/P2RX4/ANXA1/SYK/PLA2G4A/ABCC4/MAP2K6/PLA2G4F/TNFRSF11A/LEP,13
GO:1902622,regulation of neutrophil migration,13/2098,46/18870,0.0011365059646010515,0.010029924219511103,0.007430650899575264,JAM3/XG/CAMK1D/MDK/THBS4/SLAMF8/CD74/NCKAP1L/DPP4/C3AR1/MYD88/CCL21/RAC3,13
GO:0030203,glycosaminoglycan metabolic process,24/2098,112/18870,0.0011490285101755206,0.010121335322134585,0.007498372646726555,TGFB1/DSEL/CHPF/DSE/CHST14/ITIH5/IDUA/CHPF2/ST3GAL4/CD44/HS3ST2/CSGALNACT1/SLC35D2/CHST11/XYLT1/FGF2/UST/CHSY3/B3GNT7/HS3ST3A1/CHST6/GALNT5/HYAL3/UGDH,24
GO:0051893,regulation of focal adhesion assembly,16/2098,63/18870,0.00115383571263184,0.010121335322134585,0.007498372646726555,MMP14/SRC/THY1/COL16A1/S100A10/EPHA3/ACTG1/PHLDB2/FMN1/SFRP1/EFNA5/THBS1/FAM107A/MYOC/SDC4/CAMSAP3,16
GO:0071715,icosanoid transport,16/2098,63/18870,0.00115383571263184,0.010121335322134585,0.007498372646726555,SLCO2B1/BDKRB2/P2RX7/PTGES/PLA2R1/P2RX4/ANXA1/SYK/PLA2G4A/ABCC4/MAP2K6/PLA2G4F/SLCO2A1/TNFRSF11A/ABCC3/LEP,16
GO:0090109,regulation of cell-substrate junction assembly,16/2098,63/18870,0.00115383571263184,0.010121335322134585,0.007498372646726555,MMP14/SRC/THY1/COL16A1/S100A10/EPHA3/ACTG1/PHLDB2/FMN1/SFRP1/EFNA5/THBS1/FAM107A/MYOC/SDC4/CAMSAP3,16
GO:0006631,fatty acid metabolic process,65/2098,401/18870,0.0011649652467899201,0.010203549303331927,0.0075592807233951,ALDH1L2/LIPA/TWIST1/GGT5/SLC27A3/C3/PRKAA2/PNPLA3/ACSS2/LPIN3/FAAH/PTGES/QKI/TNXB/MID1IP1/PDK2/FMO1/LPIN2/HADH/CD74/FADS2/CBR1/PRKAG2/HACD4/PTGIS/HADHB/FMO4/ANXA1/SCD5/PPARG/PRXL2B/FADS1/ABHD2/ELOVL5/NR1H3/PLA2G4A/ACADM/PPARGC1A/FASN/AKR1C1/PCK2/PDK4/CPT1B/PRKAR2B/PLP1/CNR1/PLA2G4F/SCD/TECRL/ELOVL7/AKR1C3/ABCD2/ELOVL6/ADIPOQ/FABP3/AOAH/ALOX5/PLIN5/CPT1C/LEP/PCK1/ACSM3/ERFE/CYP1A1/ELOVL4,65
GO:0002704,negative regulation of leukocyte mediated immunity,17/2098,69/18870,0.001183156478960692,0.01033171379447329,0.007654231150791212,TGFB1/SVEP1/AHR/CD84/SUSD4/HAVCR2/LILRB4/FCGR2B/NCKAP1L/BCR/LGALS9/BCL6/SPN/SPI1/IL7R/CD300A/LILRB1,17
GO:2000401,regulation of lymphocyte migration,17/2098,69/18870,0.001183156478960692,0.01033171379447329,0.007654231150791212,TNFRSF14/ECM1/APP/PYCARD/CD200/AIF1/JAM2/RIPK3/PTK2B/CCL21/SPN/TMEM102/CD200R1/ITGA4/CCL5/CORO1A/CCL3,17
GO:0002294,"CD4-positive, alpha-beta T cell differentiation involved in immune response",18/2098,75/18870,0.0011923126858688626,0.010396035685946674,0.007701883905715254,TMEM98/STAT6/LOXL3/RORC/HLA-DRB1/ANXA1/HLA-DRA/LGALS9/ENTPD7/BCL6/SPN/CD86/GPR183/IL4R/IRF4/NFKBID/SLAMF6/LEF1,18
GO:0090596,sensory organ morphogenesis,48/2098,277/18870,0.0012085335828039933,0.010521670937545411,0.007794960550650866,COL5A2/COL5A1/MFAP2/NOTCH2/GLI3/CDON/THY1/COL8A1/CTHRC1/COL8A2/FAT1/OSR1/TWIST1/NTRK2/FRZB/PTK7/TTC8/FBN1/FZD6/RARG/TSKU/MFN2/EFEMP1/NTN1/SOX8/EPHB2/BCR/COL11A1/TCAP/TTC39C/FGF2/GDF11/MSX1/MFAP5/OSR2/GSC/TBX18/FZD2/FJX1/TBX1/TECTA/MYO15A/PRDM1/RBP4/SOX11/SDK2/CYP26B1/VSX1,48
GO:0010631,epithelial cell migration,61/2098,372/18870,0.0012195428376935175,0.01060162463845248,0.007854194102826041,SPARC/SRC/ADGRA2/DOCK1/TGFB1/CCN3/VSTM4/DCN/SNAI2/FSTL1/FAP/ENPP2/TGFBR2/APOE/GLIPR2/GRN/FGF7/CORO1B/PRCP/SPRED1/SMOC2/PLEKHG5/TMSB4X/PLXND1/NRP2/LOXL2/MEOX2/P2RX4/ITGA2/HDAC5/PTN/LGMN/PRKD1/PTP4A3/JUP/DPP4/FGF16/FGF18/SEMA5A/ANXA1/KANK2/ANGPT2/TACR1/PPARG/PIK3CG/FGF2/PTK2B/SRPX2/CCBE1/THBS1/GADD45A/GLUL/MMP9/TACSTD2/ANLN/FOXC2/CORO1A/ANGPT4/HBEGF/NR4A1/SCG2,61
GO:0034104,negative regulation of tissue remodeling,8/2098,21/18870,0.001234424138860759,0.010667114545185161,0.007902712179705392,TMEM119/P2RX7/GPR137B/CST3/BCR/PPARG/SFRP1/UBASH3B,8
GO:0071379,cellular response to prostaglandin stimulus,8/2098,21/18870,0.001234424138860759,0.010667114545185161,0.007902712179705392,PRKAA2/GNG2/PTGER2/SFRP1/PTGFR/PTGDR/TNC/AKR1C3,8
GO:0071605,monocyte chemotactic protein-1 production,8/2098,21/18870,0.001234424138860759,0.010667114545185161,0.007902712179705392,TWIST1/C1QTNF3/CD84/SYK/LGALS9/ADIPOQ/TRPV4/CLEC7A,8
GO:0071637,regulation of monocyte chemotactic protein-1 production,8/2098,21/18870,0.001234424138860759,0.010667114545185161,0.007902712179705392,TWIST1/C1QTNF3/CD84/SYK/LGALS9/ADIPOQ/TRPV4/CLEC7A,8
GO:1990138,neuron projection extension,34/2098,179/18870,0.0012421905830184998,0.010718277437724261,0.007940616114485977,DCLK1/POSTN/SLC23A2/SLIT3/FN1/MAP1B/RNF157/APOE/ST8SIA2/PRICKLE1/SHTN1/WASF1/SEMA3B/NRP2/NTN1/LAMB2/PTPRS/PLXNA3/ARHGAP4/ALCAM/SEMA5A/NDN/SEMA3D/TRPV2/CPNE5/IFRD1/TIAM1/CXCR4/ITGA4/FLRT3/SEMA3A/PLXNA4/FLRT1/NRCAM,34
GO:0045066,regulatory T cell differentiation,12/2098,41/18870,0.0012468178021165363,0.010726327373171446,0.007946579894347421,TGFB1/MDK/HLA-DRB1/LILRB4/HLA-DRA/LGALS9/BCL6/SOX12/IL2RG/LILRB2/CD28/TOX,12
GO:0072210,metanephric nephron development,12/2098,41/18870,0.0012468178021165363,0.010726327373171446,0.007946579894347421,PDGFRB/PKD2/OSR1/CD34/PDGFRA/LAMB2/SOX8/FMN1/ADIPOQ/KIF26B/IRX1/EGR1,12
GO:0007528,neuromuscular junction development,14/2098,52/18870,0.0012536209717191281,0.010768900862090203,0.007978120385263278,APP/CHRNA1/F2R/MUSK/LRRK2/SNTA1/LAMB2/AGRN/CACNB3/CACNB2/COL4A1/TNC/COLQ/CACNB4,14
GO:0031348,negative regulation of defense response,54/2098,321/18870,0.0012590642223847413,0.010799683810026871,0.008000925875591135,SRC/TGFB1/CCN3/MDK/NT5E/IGF1/C1QTNF3/FYN/APOE/AHR/ACP5/SERPING1/GRN/IL10RA/PPP6C/RAB7B/CD200/IL33/HLA-DRB1/SUSD4/SLAMF8/NT5C2/HAVCR2/PRKCD/PTPRS/FCGR2B/PTGIS/BCR/FEM1A/HGF/FGL2/ELF4/IFI16/PPARG/SAA1/VSIG4/SYK/TYRO3/LGALS9/NR1H3/METRNL/PPM1B/FBXL2/SPN/CD200R1/FNDC4/TNFAIP8L2/ADIPOQ/LRFN5/AOAH/ALOX5/LILRB1/PTPN22/LDLR,54
GO:0090130,tissue migration,62/2098,380/18870,0.001268203893829645,0.010862035415145646,0.008047118947495357,SPARC/SRC/ADGRA2/DOCK1/TGFB1/CCN3/VSTM4/DCN/SNAI2/FSTL1/FAP/ENPP2/TGFBR2/APOE/GLIPR2/GRN/FGF7/CORO1B/PRCP/SPRED1/SMOC2/PLEKHG5/TMSB4X/PLXND1/NRP2/LOXL2/MEOX2/P2RX4/ITGA2/HDAC5/PTN/LGMN/PRKD1/PTP4A3/JUP/DPP4/FGF16/FGF18/SEMA5A/ANXA1/KANK2/ANGPT2/TACR1/PPARG/PIK3CG/FGF2/ACTC1/PTK2B/SRPX2/CCBE1/THBS1/GADD45A/GLUL/MMP9/TACSTD2/ANLN/FOXC2/CORO1A/ANGPT4/HBEGF/NR4A1/SCG2,62
GO:0051282,regulation of sequestering of calcium ion,28/2098,139/18870,0.0012929345627996727,0.011057541982588659,0.008191959628187369,THY1/PKD2/TRPC1/P2RX7/F2R/PLCE1/JPH1/BDKRB1/PDE4D/CACNA1C/PLCB2/PRKD1/TMEM38A/CLIC2/FGF2/MCOLN3/PTK2B/FLNA/CCL21/PLN/TRPM2/DHRS7C/HTR2B/UBASH3B/CORO1A/CCR5/CCL3/CXCL9,28
GO:0071229,cellular response to acid chemical,21/2098,94/18870,0.0013108206607671266,0.011194022907462799,0.008293071270209361,COL5A2/COL1A1/COL1A2/MMP2/COL3A1/COL6A1/COL16A1/SESN3/PKD2/NTRK2/PDGFD/SH3BP4/FYN/DNMT1/PNPLA3/NEURL1/PDGFRA/CYBB/SESN1/COL4A1/BAIAP2,21
GO:0030042,actin filament depolymerization,15/2098,58/18870,0.0013339855020580256,0.011358436672215477,0.008414876905249499,LIMA1/ADD3/CAPG/PLEKHH2/SPTAN1/MICAL1/GSN/SWAP70/CARMIL1/SEMA5A/LMOD1/SPTB/VILL/PLEK/ACTN2,15
GO:0061756,leukocyte adhesion to vascular endothelial cell,15/2098,58/18870,0.0013339855020580256,0.011358436672215477,0.008414876905249499,MDK/ST3GAL4/ITGB2/JAM2/VCAM1/CCL21/PODXL2/SPN/SELP/GCNT1/ITGA4/PTAFR/SELPLG/ALOX5/LEP,15
GO:0030177,positive regulation of Wnt signaling pathway,29/2098,146/18870,0.001346078326385914,0.01141120706762482,0.008453971755573155,COL1A1/SFRP2/SFRP4/SRC/ADGRA2/TGFB1/CCN4/SOX4/SPIN1/UBE2B/DAB2/RECK/SULF1/PTK7/SULF2/CAPRIN2/LRRK2/GPC3/JUP/SEMA5A/WNK2/SFRP1/FGF2/PLEKHA4/TMEM198/PPM1B/LBX2/LGR5/LEF1,29
GO:0035107,appendage morphogenesis,29/2098,146/18870,0.001346078326385914,0.01141120706762482,0.008453971755573155,SFRP2/COL3A1/CRABP2/NOTCH2/GLI3/OSR1/TWIST1/RECK/IFT52/PCSK5/RUNX2/PRICKLE1/FZD6/RARG/AFF3/MYH3/GPC3/DYNC2H1/CACNA1C/SHOX2/FMN1/CHST11/MSX1/OSR2/PKDCC/HOXD9/HAND2/CYP26B1/LEF1,29
GO:0035108,limb morphogenesis,29/2098,146/18870,0.001346078326385914,0.01141120706762482,0.008453971755573155,SFRP2/COL3A1/CRABP2/NOTCH2/GLI3/OSR1/TWIST1/RECK/IFT52/PCSK5/RUNX2/PRICKLE1/FZD6/RARG/AFF3/MYH3/GPC3/DYNC2H1/CACNA1C/SHOX2/FMN1/CHST11/MSX1/OSR2/PKDCC/HOXD9/HAND2/CYP26B1/LEF1,29
GO:0030178,negative regulation of Wnt signaling pathway,33/2098,173/18870,0.0013491158148472389,0.011418200694430539,0.008459152971121537,SFRP2/SFRP4/LRP1/GLI3/CTHRC1/TPBG/DKK3/IGFBP4/MDK/SNAI2/NFATC4/DAB2/FRZB/APOE/HIC1/PRICKLE1/FZD6/TSKU/FZD1/GPC3/IGFBP6/PTPRU/WWTR1/DACT3/ALPK2/SFRP1/MDFI/APCDD1L/TRABD2B/GSC/TBX18/GLI1/EGR1,33
GO:0046330,positive regulation of JNK cascade,20/2098,88/18870,0.0013528021487460326,0.011418200694430539,0.008459152971121537,APP/NOD1/PYCARD/EDA2R/FCGR2B/CCN2/MYD88/TNFRSF19/FZD7/MAPK8IP1/PTK2B/CCL21/RASSF2/NAIP/TRAF4/GADD45A/SEMA3A/TRPV4/TLR9/CARD9,20
GO:0050672,negative regulation of lymphocyte proliferation,20/2098,88/18870,0.0013528021487460326,0.011418200694430539,0.008459152971121537,GPNMB/TNFRSF14/TNFRSF21/TWSG1/HLA-DRB1/HAVCR2/LILRB4/FCGR2B/TYROBP/VSIG4/LGALS9/BTK/SPN/PDCD1LG2/CD86/LILRB2/SDC4/SOX11/CD300A/LILRB1,20
GO:0032967,positive regulation of collagen biosynthetic process,9/2098,26/18870,0.0013640368712404215,0.011446477039440935,0.008480101449284459,TGFB1/VIM/DDR2/CREB3L1/F2R/TGFB3/ITGA2/RUNX1/INHBA,9
GO:0033622,integrin activation,9/2098,26/18870,0.0013640368712404215,0.011446477039440935,0.008480101449284459,SRC/JAM3/COL16A1/FN1/PIEZO1/FBLIM1/FERMT3/PLEK/SELP,9
GO:0048641,regulation of skeletal muscle tissue development,9/2098,26/18870,0.0013640368712404215,0.011446477039440935,0.008480101449284459,CDON/TGFB1/TWIST1/IGF2/NIBAN2/YBX3/SHOX2/MYOG/MEGF10,9
GO:0098581,detection of external biotic stimulus,9/2098,26/18870,0.0013640368712404215,0.011446477039440935,0.008480101449284459,SSC5D/NOD1/HLA-DRB1/C4B/LY96/NAIP/TLR9/NR4A1/CLEC7A,9
GO:0048247,lymphocyte chemotaxis,16/2098,64/18870,0.0013822378738582637,0.011524923587889986,0.008538218430334782,CYP7B1/HSD3B7/CXCL16/CCL22/SAA1/CCL18/CCL14/PIK3CG/PTK2B/CCL21/TMEM102/GPR183/CCL16/CCL3L3/CCL5/CCL3,16
GO:0036293,response to decreased oxygen levels,53/2098,315/18870,0.0013828924768499108,0.011524923587889986,0.008538218430334782,MMP14/MMP2/SRC/POSTN/TGFB1/SOX4/TWIST1/HSPG2/DDR2/TGFB3/VASN/CD24/SDHD/LOXL2/HSD11B2/KCNJ11/ITGA2/SOD3/CYBB/VEGFD/PLOD2/PTGIS/DPP4/WTIP/ANGPT2/PPARG/NDRG1/SLC2A4/SFRP1/PENK/ANG/NKX3-1/ARNT2/VCAM1/KCND2/PTK2B/HILPDA/THBS1/CYSLTR1/SOD2/CXCR4/AJUBA/GATA6/ADIPOQ/NPPC/TRPV4/FOS/ANGPT4/LEP/EGR1/PCK1/PLAU/CYP1A1,53
GO:0060325,face morphogenesis,10/2098,31/18870,0.001385293036739661,0.011524923587889986,0.008538218430334782,COL1A1/MMP2/TGFB3/PRICKLE1/MYH3/PDGFRA/CRISPLD1/MSX1/TBX1/LEF1,10
GO:0061437,renal system vasculature development,10/2098,31/18870,0.001385293036739661,0.011524923587889986,0.008538218430334782,NOTCH2/PDGFRB/PKD2/OSR1/PDGFD/CD34/PDGFRA/ANGPT2/FOXC2/EGR1,10
GO:0061440,kidney vasculature development,10/2098,31/18870,0.001385293036739661,0.011524923587889986,0.008538218430334782,NOTCH2/PDGFRB/PKD2/OSR1/PDGFD/CD34/PDGFRA/ANGPT2/FOXC2/EGR1,10
GO:0086011,membrane repolarization during action potential,10/2098,31/18870,0.001385293036739661,0.011524923587889986,0.008538218430334782,KCNJ5/CACNB3/ATP1B1/KCNA1/KCNE4/FLNA/KCND3/SCN2B/KCNE2/KCNIP2,10
GO:0008217,regulation of blood pressure,35/2098,187/18870,0.0013886230281727845,0.011536100035192218,0.008546498480750201,UTS2R/COL1A2/POSTN/EMILIN1/CTSZ/F2R/PRCP/PCSK5/EMILIN2/RNLS/ADAMTS16/ID2/BDKRB1/PDE4D/HSD11B2/P2RX4/RENBP/NPR3/TACR1/GNB3/PPARG/SUCNR1/KCNK6/CPA3/RASL10B/NPY1R/SOD2/CNR1/PTAFR/ADIPOQ/CTSG/OPRL1/ADRB1/LEP/ACSM3,35
GO:0030326,embryonic limb morphogenesis,25/2098,120/18870,0.0013999727286509677,0.011549568616630418,0.008556476654521951,SFRP2/CRABP2/NOTCH2/GLI3/OSR1/TWIST1/RECK/IFT52/RUNX2/PRICKLE1/FZD6/RARG/AFF3/MYH3/GPC3/DYNC2H1/CACNA1C/SHOX2/CHST11/MSX1/OSR2/HOXD9/HAND2/CYP26B1/LEF1,25
GO:0035113,embryonic appendage morphogenesis,25/2098,120/18870,0.0013999727286509677,0.011549568616630418,0.008556476654521951,SFRP2/CRABP2/NOTCH2/GLI3/OSR1/TWIST1/RECK/IFT52/RUNX2/PRICKLE1/FZD6/RARG/AFF3/MYH3/GPC3/DYNC2H1/CACNA1C/SHOX2/CHST11/MSX1/OSR2/HOXD9/HAND2/CYP26B1/LEF1,25
GO:0002287,alpha-beta T cell activation involved in immune response,18/2098,76/18870,0.0014027855921684318,0.011549568616630418,0.008556476654521951,TMEM98/STAT6/LOXL3/RORC/HLA-DRB1/ANXA1/HLA-DRA/LGALS9/ENTPD7/BCL6/SPN/CD86/GPR183/IL4R/IRF4/NFKBID/SLAMF6/LEF1,18
GO:0002293,alpha-beta T cell differentiation involved in immune response,18/2098,76/18870,0.0014027855921684318,0.011549568616630418,0.008556476654521951,TMEM98/STAT6/LOXL3/RORC/HLA-DRB1/ANXA1/HLA-DRA/LGALS9/ENTPD7/BCL6/SPN/CD86/GPR183/IL4R/IRF4/NFKBID/SLAMF6/LEF1,18
GO:0086003,cardiac muscle cell contraction,18/2098,76/18870,0.0014027855921684318,0.011549568616630418,0.008556476654521951,GSN/KCNJ5/PDE4D/SNTA1/CACNA1C/SCN5A/JUP/GPD1L/CACNB2/KCNE4/FLNA/PLN/ATP2A2/KCND3/SCN2B/ATP2A1/KCNE2/DSP,18
GO:0001894,tissue homeostasis,48/2098,279/18870,0.0014118858626358437,0.011549568616630418,0.008556476654521951,TMEM119/CTSK/COL3A1/SRC/JAM3/LIPA/VSTM4/NT5E/ACP5/P2RX7/SPP1/GPR137B/F2R/LAMA2/LTBP3/IL10RA/MBP/TCIRG1/CD34/PRICKLE1/TUB/TUBA1A/CSF1R/COMP/P2RX4/WWTR1/ADGRV1/CCN2/ACTG1/JAM2/JCHAIN/SYK/CXADR/F11R/SASH3/LYZ/PTK2B/NOX4/SNX10/PDK4/RAC3/RBP4/UBASH3B/TNFRSF11A/SLC22A5/SERPINA3/TLR9/CORO1A,48
GO:0060249,anatomical structure homeostasis,48/2098,279/18870,0.0014118858626358437,0.011549568616630418,0.008556476654521951,TMEM119/CTSK/COL3A1/SRC/JAM3/LIPA/VSTM4/NT5E/ACP5/P2RX7/SPP1/GPR137B/F2R/LAMA2/LTBP3/IL10RA/MBP/TCIRG1/CD34/PRICKLE1/TUB/TUBA1A/CSF1R/COMP/P2RX4/WWTR1/ADGRV1/CCN2/ACTG1/JAM2/JCHAIN/SYK/CXADR/F11R/SASH3/LYZ/PTK2B/NOX4/SNX10/PDK4/RAC3/RBP4/UBASH3B/TNFRSF11A/SLC22A5/SERPINA3/TLR9/CORO1A,48
GO:0070588,calcium ion transmembrane transport,58/2098,352/18870,0.0014119585993600653,0.011549568616630418,0.008556476654521951,THY1/PKD2/TRPC1/ADRA2A/NCS1/FYN/P2RX7/F2R/UBR3/PLCE1/JPH1/BDKRB1/VDAC1/MCUB/PDE4D/PKD2L2/P2RX4/CACNA1C/PLCB2/SCN5A/PRKD1/G6PD/TMEM37/CACNB3/TMEM38A/TRPV2/ORAI2/CLIC2/ATP1B1/PIK3CG/GRIN2D/FGF2/CACNB2/MCOLN3/GJC2/PTK2B/FLNA/CCL21/PLN/ATP2A2/ANXA2/TRPM2/PLP1/DHRS7C/PANX1/ATP2B2/ASIC1/ATP2A1/HTR2B/UBASH3B/CACNB4/TRPV4/ATP2B3/TLR9/CORO1A/CCR5/CCL3/CXCL9,58
GO:0043300,regulation of leukocyte degranulation,13/2098,47/18870,0.0014134105761743408,0.011549568616630418,0.008556476654521951,CD84/GAB2/ITGB2/FCGR2B/NCKAP1L/BCR/SYK/LGALS9/ITGAM/SPI1/IL4R/PTAFR/CD300A,13
GO:0046633,alpha-beta T cell proliferation,13/2098,47/18870,0.0014134105761743408,0.011549568616630418,0.008556476654521951,TNFRSF14/CD81/TGFBR2/TWSG1/PRKCQ/ELF4/SYK/LGALS9/MAPK8IP1/DOCK2/RASAL3/CD28/PTPN22,13
GO:0140353,lipid export from cell,13/2098,47/18870,0.0014134105761743408,0.011549568616630418,0.008556476654521951,DAB2/P2RX7/SPP1/PTGES/P2RX4/NKX3-1/C1QTNF1/PLA2G4A/INHBA/ABCC4/MAP2K6/TNFRSF11A/LEP,13
GO:0019724,B cell mediated immunity,38/2098,208/18870,0.001414111122167079,0.011549568616630418,0.008556476654521951,C1R/TGFB1/C1S/CD81/SVEP1/STAT6/C2/SERPING1/C7/C3/CLU/TCIRG1/SUSD4/PRKCD/CD74/SWAP70/FCGR2B/C1QA/C1QC/IL21R/MYD88/C1QB/FCER1G/C4B/BTK/BCL6/FCER1A/C4A/C6/NCR3LG1/IL4R/FCGR3A/CD28/IL2RB/CSF2RB/FCER2/CARD9/CD40LG,38
GO:0032905,transforming growth factor beta1 production,7/2098,17/18870,0.001471639063492815,0.011968918825914252,0.008867151485323802,COL3A1/LUM/TSKU/TYROBP/NRROS/THBS1/GATA6,7
GO:0050872,white fat cell differentiation,7/2098,17/18870,0.001471639063492815,0.011968918825914252,0.008867151485323802,SNAI2/PNPLA3/PDGFRA/CEBPA/PPARG/FABP4/RETREG1,7
GO:0072224,metanephric glomerulus development,7/2098,17/18870,0.001471639063492815,0.011968918825914252,0.008867151485323802,PDGFRB/OSR1/CD34/PDGFRA/LAMB2/ADIPOQ/EGR1,7
GO:0006959,humoral immune response,45/2098,258/18870,0.0014746520958426562,0.011976649958822805,0.008872879080911207,NOTCH2/C1R/SPON2/C1S/CD81/SVEP1/RARRES2/C2/SERPING1/C7/C3/H2BC12/TNFRSF21/CFH/CLU/CXCL14/HLA-DRB1/SUSD4/RNASE6/FCGR2B/C1QA/C1QC/JCHAIN/VSIG4/C1QB/ANG/C4B/LYZ/C4A/C6/GAPDH/NCR3LG1/GPR183/PSMB10/GATA6/CFB/CD28/CXCL1/CTSG/ALOX5/BLNK/FCER2/SH2D1A/CXCL9/H2BC7,45
GO:0090132,epithelium migration,61/2098,375/18870,0.0014871577226544498,0.012061347619349707,0.008935627186840246,SPARC/SRC/ADGRA2/DOCK1/TGFB1/CCN3/VSTM4/DCN/SNAI2/FSTL1/FAP/ENPP2/TGFBR2/APOE/GLIPR2/GRN/FGF7/CORO1B/PRCP/SPRED1/SMOC2/PLEKHG5/TMSB4X/PLXND1/NRP2/LOXL2/MEOX2/P2RX4/ITGA2/HDAC5/PTN/LGMN/PRKD1/PTP4A3/JUP/DPP4/FGF16/FGF18/SEMA5A/ANXA1/KANK2/ANGPT2/TACR1/PPARG/PIK3CG/FGF2/PTK2B/SRPX2/CCBE1/THBS1/GADD45A/GLUL/MMP9/TACSTD2/ANLN/FOXC2/CORO1A/ANGPT4/HBEGF/NR4A1/SCG2,61
GO:1903169,regulation of calcium ion transmembrane transport,33/2098,174/18870,0.001490987408920974,0.012075542376016869,0.008946143346193966,THY1/PKD2/TRPC1/ADRA2A/FYN/P2RX7/F2R/UBR3/JPH1/BDKRB1/VDAC1/PDE4D/P2RX4/CACNA1C/PRKD1/G6PD/CACNB3/TMEM38A/CLIC2/ATP1B1/PIK3CG/CACNB2/GJC2/PTK2B/PLN/PLP1/DHRS7C/ATP2A1/UBASH3B/CACNB4/TLR9/CORO1A/CXCL9,33
GO:0007272,ensheathment of neurons,29/2098,147/18870,0.0015024496566070256,0.012134527337853961,0.008989842246618716,MARVELD1/LPAR1/JAM3/TMEM98/NTRK2/ID4/TENM4/TNFRSF21/MBP/CLU/QKI/ARHGEF10/RARG/PTN/EPB41L3/NAB2/JAM2/ITGB4/NDRG1/CD9/ADGRG6/PLP1/CXCR4/POU3F1/MYOC/ABCD2/CLDN11/ITGAX/ZNF488,29
GO:0008366,axon ensheathment,29/2098,147/18870,0.0015024496566070256,0.012134527337853961,0.008989842246618716,MARVELD1/LPAR1/JAM3/TMEM98/NTRK2/ID4/TENM4/TNFRSF21/MBP/CLU/QKI/ARHGEF10/RARG/PTN/EPB41L3/NAB2/JAM2/ITGB4/NDRG1/CD9/ADGRG6/PLP1/CXCR4/POU3F1/MYOC/ABCD2/CLDN11/ITGAX/ZNF488,29
GO:0009306,protein secretion,60/2098,368/18870,0.001529494267517885,0.012291149074177055,0.009105875171736763,TGFB1/RCN3/CCN3/SOX4/IGF1/C1QTNF3/ADRA2A/PFKL/GSDMD/APOE/P3H1/P2RX7/LTBP2/MYOM1/F2R/TGFB3/PCSK5/TCIRG1/CD200/PDIA4/MYH10/OLFM2/HLA-DRB1/NLGN2/KCNJ11/NNAT/COMP/HADH/RAB12/ANXA1/PPARG/SAA1/SUCNR1/SFRP1/CD33/NR1H3/ANG/EFNA5/ARL4D/GPR68/SLC25A22/ACVR1C/EXPH5/PLEK/PCK2/TIAM1/CNR1/BMP8A/CTAGE1/CBLN4/RBP4/ALOX5/MIDN/RAB3C/F2RL2/PCLO/CCL5/ADCYAP1/LEP/SCG2,60
GO:0030834,regulation of actin filament depolymerization,14/2098,53/18870,0.0015319910289665305,0.012291149074177055,0.009105875171736763,LIMA1/ADD3/CAPG/PLEKHH2/SPTAN1/GSN/SWAP70/CARMIL1/SEMA5A/LMOD1/SPTB/VILL/PLEK/ACTN2,14
GO:0050982,detection of mechanical stimulus,14/2098,53/18870,0.0015319910289665305,0.012291149074177055,0.009105875171736763,PKD2/PIEZO2/PIEZO1/FYN/BACE1/PKD2L2/ITGA2/ADGRV1/JUP/COL11A1/TCAP/KCNA1/CXCR4/SERPINE2,14
GO:1904645,response to amyloid-beta,14/2098,53/18870,0.0015319910289665305,0.012291149074177055,0.009105875171736763,MMP2/LRP1/APP/IGF1/FYN/BACE1/LGMN/EPHB2/FCGR2B/NGFR/VCAM1/MMP9/ITGA4/MMP3,14
GO:0051403,stress-activated MAPK cascade,41/2098,230/18870,0.0015324249921997912,0.012291149074177055,0.009105875171736763,MAP3K12/APP/NOD1/PYCARD/CDC42EP5/MID1/EDA2R/LRRK2/EZR/IGFBP6/FCGR2B/CCN2/HGF/MYD88/TNFRSF19/LGALS9/TLR7/KLHL31/FZD7/MAPK8IP1/PTK2B/CCL21/RASSF2/NAIP/TRAF4/GADD45A/MAP2K6/SPI1/SPHK1/MAPK13/SEMA3A/MAP4K1/HAND2/TRPV4/TLR9/SCIMP/PTPN22/TRIB1/LEP/CARD9/GDF6,41
GO:0002768,immune response-regulating cell surface receptor signaling pathway,57/2098,346/18870,0.0015509501302708008,0.012422575733079368,0.009203242370115083,SRC/THY1/CD276/CD81/LIPA/LGALS3/CMKLR1/CMTM3/SH2B2/FYN/PLD2/TNFRSF21/SLC39A10/EZR/VAV2/RAB7B/CD24/PDE4D/FPR3/HLA-DRB1/LAPTM5/CD14/PRKCD/PRKCQ/LILRB4/FCGR2B/NCKAP1L/PIK3AP1/TYROBP/TRIL/CACNB3/SYK/C3AR1/HLA-DPB1/MYD88/FCER1G/NR1H3/LY96/BTK/FCER1A/CD200R1/FYB2/LILRB2/THEMIS2/FCGR3A/CD28/CACNB4/CD300A/SCIMP/BLNK/LILRB1/NFKBID/FCER2/CD8A/PTPN22/SH2D1A/CLEC7A,57
GO:0032945,negative regulation of mononuclear cell proliferation,20/2098,89/18870,0.0015659357699528075,0.012525329223300212,0.009279367104244055,GPNMB/TNFRSF14/TNFRSF21/TWSG1/HLA-DRB1/HAVCR2/LILRB4/FCGR2B/TYROBP/VSIG4/LGALS9/BTK/SPN/PDCD1LG2/CD86/LILRB2/SDC4/SOX11/CD300A/LILRB1,20
GO:0030866,cortical actin cytoskeleton organization,12/2098,42/18870,0.0015713646984391782,0.012551464654520368,0.009298729490365485,VPS4A/EPB41L1/EZR/CAVIN3/RTKN/EPB41L3/NCKAP1L/IQGAP2/PLEK/FMNL1/LCP1/ANLN,12
GO:0006022,aminoglycan metabolic process,25/2098,121/18870,0.0015819432647639494,0.012614738136027223,0.009345605532695252,TGFB1/DSEL/CHPF/DSE/CHST14/ITIH5/IDUA/CHPF2/ST3GAL4/CD44/HS3ST2/CSGALNACT1/SLC35D2/CHST11/XYLT1/CHI3L1/FGF2/UST/CHSY3/B3GNT7/HS3ST3A1/CHST6/GALNT5/HYAL3/UGDH,25
GO:0002886,regulation of myeloid leukocyte mediated immunity,15/2098,59/18870,0.0016078618533954647,0.012614738136027223,0.009345605532695252,C3/CD84/GAB2/ITGB2/FCGR2B/BCR/TYROBP/SYK/LGALS9/ITGAM/BTK/SPI1/IL4R/PTAFR/CD300A,15
GO:0010517,regulation of phospholipase activity,15/2098,59/18870,0.0016078618533954647,0.012614738136027223,0.009345605532695252,LRP1/LPAR1/PDGFRB/PLA2R1/PDGFRA/PLCB2/ANXA1/ANG/GNA15/FGF2/NMUR1/CD86/HTR2B/CCL5/LPAR2,15
GO:0002863,positive regulation of inflammatory response to antigenic stimulus,6/2098,13/18870,0.0016085226942377006,0.012614738136027223,0.009345605532695252,CD81/KARS1/C3/BTK/CNR1/CD28,6
GO:0006971,hypotonic response,6/2098,13/18870,0.0016085226942377006,0.012614738136027223,0.009345605532695252,FBP1/MYLK/ITGA2/SLC4A11/TRPV4/PCK1,6
GO:0032306,regulation of prostaglandin secretion,6/2098,13/18870,0.0016085226942377006,0.012614738136027223,0.009345605532695252,P2RX7/PTGES/P2RX4/PLA2G4A/MAP2K6/TNFRSF11A,6
GO:0032308,positive regulation of prostaglandin secretion,6/2098,13/18870,0.0016085226942377006,0.012614738136027223,0.009345605532695252,P2RX7/PTGES/P2RX4/PLA2G4A/MAP2K6/TNFRSF11A,6
GO:0036363,transforming growth factor beta activation,6/2098,13/18870,0.0016085226942377006,0.012614738136027223,0.009345605532695252,LTBP3/TNXB/LTBP1/NRROS/ITGB8/GATA6,6
GO:0042761,very long-chain fatty acid biosynthetic process,6/2098,13/18870,0.0016085226942377006,0.012614738136027223,0.009345605532695252,HACD4/ELOVL5/TECRL/ELOVL7/ELOVL6/ELOVL4,6
GO:0051764,actin crosslink formation,6/2098,13/18870,0.0016085226942377006,0.012614738136027223,0.009345605532695252,MARCKS/AIF1/FLNA/BAIAP2/LCP1/GAS2L3,6
GO:0061430,bone trabecula morphogenesis,6/2098,13/18870,0.0016085226942377006,0.012614738136027223,0.009345605532695252,COL1A1/MMP2/THBS3/CHAD/PLXNB1/SFRP1,6
GO:0090177,establishment of planar polarity involved in neural tube closure,6/2098,13/18870,0.0016085226942377006,0.012614738136027223,0.009345605532695252,SFRP2/CTHRC1/PTK7/FZD1/SFRP1/FZD2,6
GO:2001198,regulation of dendritic cell differentiation,6/2098,13/18870,0.0016085226942377006,0.012614738136027223,0.009345605532695252,TMEM176A/TMEM176B/FCGR2B/LGALS9/LILRB2/LILRB1,6
GO:0007492,endoderm development,19/2098,83/18870,0.001611871137753091,0.012614738136027223,0.009345605532695252,COL5A2/MMP14/MMP2/COL5A1/COL6A1/COL8A1/FN1/COL12A1/ITGB5/ITGB2/LAMB1/LAMA3/COL11A1/COL4A2/DUSP4/INHBA/MMP9/GATA6/ITGA4,19
GO:0051149,positive regulation of muscle cell differentiation,19/2098,83/18870,0.001611871137753091,0.012614738136027223,0.009345605532695252,MMP14/TGFB1/IGF1/NID1/PIEZO1/LAMA2/EFEMP2/OLFM2/NIBAN2/LAMB1/LAMB2/PRKD1/SHOX2/CAMK1/MYOG/MYLK3/SOD2/TBX1/CYP26B1,19
GO:0035592,establishment of protein localization to extracellular region,60/2098,369/18870,0.0016331868943477129,0.012764355713966578,0.009456449439964728,TGFB1/RCN3/CCN3/SOX4/IGF1/C1QTNF3/ADRA2A/PFKL/GSDMD/APOE/P3H1/P2RX7/LTBP2/MYOM1/F2R/TGFB3/PCSK5/TCIRG1/CD200/PDIA4/MYH10/OLFM2/HLA-DRB1/NLGN2/KCNJ11/NNAT/COMP/HADH/RAB12/ANXA1/PPARG/SAA1/SUCNR1/SFRP1/CD33/NR1H3/ANG/EFNA5/ARL4D/GPR68/SLC25A22/ACVR1C/EXPH5/PLEK/PCK2/TIAM1/CNR1/BMP8A/CTAGE1/CBLN4/RBP4/ALOX5/MIDN/RAB3C/F2RL2/PCLO/CCL5/ADCYAP1/LEP/SCG2,60
GO:0032729,positive regulation of type II interferon production,18/2098,77/18870,0.0016438976634999974,0.012830798026807103,0.009505673105156324,CD276/PYCARD/PDE4D/CD14/HAVCR2/IRF8/HLA-DPB1/HLA-DPA1/LGALS9/TLR7/SASH3/CD2/ARID5A/TLR9/LILRB1/PTPN22/SLAMF6/CLEC7A,18
GO:0031098,stress-activated protein kinase signaling cascade,42/2098,238/18870,0.0016533972924779635,0.012885321423467074,0.00954606666323039,MAP3K12/APP/NOD1/PYCARD/CDC42EP5/MID1/EDA2R/LRRK2/EZR/IGFBP6/FCGR2B/CCN2/HGF/MYD88/TNFRSF19/LGALS9/TLR7/KLHL31/FZD7/MAPK8IP1/PTK2B/CCL21/RASSF2/NAIP/STK26/TRAF4/GADD45A/MAP2K6/SPI1/SPHK1/MAPK13/SEMA3A/MAP4K1/HAND2/TRPV4/TLR9/SCIMP/PTPN22/TRIB1/LEP/CARD9/GDF6,42
GO:0042698,ovulation cycle,17/2098,71/18870,0.001657540055679336,0.012885321423467074,0.00954606666323039,MMP2/SRC/SLIT3/MDK/AXL/TGFB3/PDGFRA/PTN/TYRO3/GDF10/INHBA/CA12/MAP2K6/NPPC/OPRL1/LEP/EGR1,17
GO:0045600,positive regulation of fat cell differentiation,17/2098,71/18870,0.001657540055679336,0.012885321423467074,0.00954606666323039,SFRP2/CMKLR1/SNAI2/FRZB/WDFY2/RARRES2/ADIRF/ID2/CCDC3/CEBPA/PPARG/AAMDC/SFRP1/ZBTB7C/METRNL/LMO3/FNDC5,17
GO:0010863,positive regulation of phospholipase C activity,11/2098,37/18870,0.001713347018986043,0.013301345105951807,0.009854277042775061,LPAR1/PDGFRB/PDGFRA/PLCB2/ANG/GNA15/FGF2/NMUR1/CD86/HTR2B/LPAR2,11
GO:0033630,positive regulation of cell adhesion mediated by integrin,8/2098,22/18870,0.0017524047754068454,0.013568286041050068,0.01005203974328109,SFRP2/PIEZO1/NCKAP1L/SYK/CCL21/RAC3/FOXC2/CCL5,8
GO:0071305,cellular response to vitamin D,8/2098,22/18870,0.0017524047754068454,0.013568286041050068,0.01005203974328109,SNAI2/MN1/KANK2/SFRP1/PENK/VDR/TNC/PHEX,8
GO:0006979,response to oxidative stress,64/2098,400/18870,0.0017554197581933588,0.013573532005098315,0.010055926206091888,COL1A1/MMP14/MMP2/SRC/SLC23A2/GPX8/DAPK1/FXN/SESN3/APP/PKD2/DDR2/FBLN5/AXL/SCARA3/PXDN/STAT6/PDGFD/FYN/APOE/SQSTM1/NCOA7/PRKAA2/LRRK2/CAMKK2/PLA2R1/AIF1/PDK2/PDGFRA/PRKCD/SOD3/PRKD1/G6PD/ANXA1/ALDH3B1/HGF/SESN1/TACR1/PENK/SDC1/BTK/RIPK3/PTK2B/PPARGC1A/ATP2A2/STK26/PRR5L/TRPM2/MMP9/ANGPTL7/SOD2/SPHK1/MAPK13/DHCR24/MGST1/GJB2/ADIPOQ/MMP3/SLC4A11/ANKRD2/ALOX5/FOS/GGT7/DUOX1,64
GO:0072677,eosinophil migration,10/2098,32/18870,0.0018166347351985916,0.01400955897383562,0.01037895598344397,LGALS3/CCL22/CCL18/CCL14/CCL16/CCL3L3/CD300A/CCL5/CCL3/SCG2,10
GO:1904861,excitatory synapse assembly,10/2098,32/18870,0.0018166347351985916,0.01400955897383562,0.01037895598344397,PLXNB2/SRGAP2/SRGAP2C/PTPN13/NLGN2/PTPRS/PTPRD/PTK2B/LRRC4B/NPTX1,10
GO:0017157,regulation of exocytosis,35/2098,190/18870,0.0018428668320493156,0.014163654760330593,0.010493117563280458,ADRA2A/S100A10/VPS4A/MICAL1/CD84/LRRK2/GAB2/ITGB2/SEPTIN5/FCGR2B/RAB12/NCKAP1L/BCR/ANXA1/SYK/LGALS9/SDC1/ITGAM/ATP2A2/EXPH5/ANXA2/SPI1/HYAL3/IL4R/SYT15/PTAFR/P2RY1/CACNB4/SDC4/RAB3C/PCLO/CD300A/SYN1/IL1RAPL1/SCAMP5,35
GO:0010714,positive regulation of collagen metabolic process,9/2098,27/18870,0.0018463727662425106,0.014163654760330593,0.010493117563280458,TGFB1/VIM/DDR2/CREB3L1/F2R/TGFB3/ITGA2/RUNX1/INHBA,9
GO:0030204,chondroitin sulfate metabolic process,9/2098,27/18870,0.0018463727662425106,0.014163654760330593,0.010493117563280458,DSEL/CHPF/DSE/CHPF2/CSGALNACT1/CHST11/XYLT1/CHSY3/UGDH,9
GO:0099560,synaptic membrane adhesion,9/2098,27/18870,0.0018463727662425106,0.014163654760330593,0.010493117563280458,PTPRF/MDGA1/PTPRS/PTPRD/EFNA5/CDH6/FLRT3/LRFN5/LRRC4B,9
GO:0010906,regulation of glucose metabolic process,22/2098,103/18870,0.0018873068700853014,0.014439513826858163,0.010697487245043517,SRC/IGFBP4/IGF1/C1QTNF3/IGF2/FBP1/IGFBP3/RORC/LEPR/PGP/PDK2/GNB3/C1QTNF1/ACADM/PPARGC1A/PDK4/PPP1R3G/GPT2/ADIPOQ/MIDN/LEP/ERFE,22
GO:0045639,positive regulation of myeloid cell differentiation,22/2098,103/18870,0.0018873068700853014,0.014439513826858163,0.010697487245043517,NOTCH2/TGFB1/CD4/ID2/RAB7B/HLA-DRB1/RUNX1/CD74/NCKAP1L/IL34/TYROBP/CASP8/CCR1/GPR68/INHBA/KLF10/HCLS1/ROR2/FOS/TRIB1/CSF3/LEF1,22
GO:0048754,branching morphogenesis of an epithelial tube,30/2098,156/18870,0.0019087059493853276,0.014584020326421839,0.01080454461930448,SFRP2/MMP14/SRC/GLI3/DCHS1/PKD2/MDK/NFATC4/TGFBR2/CTSZ/CLIC4/ADAMTS16/PLXND1/GPC3/SOX8/GDF7/GLI2/MAGED1/NKX3-1/FGF2/TMEM59L/COL4A1/CELSR1/HS3ST3A1/VDR/TNC/TACSTD2/HHIP/FOXC2/LEF1,30
GO:0002764,immune response-regulating signaling pathway,77/2098,500/18870,0.0019114153917182922,0.014585531116567836,0.010805663885403776,SRC/THY1/CD276/CD81/LIPA/LGALS3/CMKLR1/CMTM3/NOD1/COLEC12/SH2B2/FYN/PYCARD/PLD2/TNFRSF21/SLC39A10/EZR/VAV2/RAB7B/CD24/PDE4D/FPR3/HLA-DRB1/LAPTM5/UNC93B1/CD14/HAVCR2/PRKCD/PTPRS/STING1/PRKCQ/PPP2CA/PRKD1/MAPKAPK3/LILRB4/FCGR2B/NCKAP1L/PIK3AP1/TYROBP/TRIL/CACNB3/SYK/C3AR1/HLA-DPB1/TYRO3/MYD88/CTSS/CD33/FCER1G/TLR7/NR1H3/LY96/BTK/NAIP/FBXL2/LACC1/FCER1A/MAP2K6/CD200R1/FYB2/LILRB2/IRF4/THEMIS2/FCGR3A/CD28/CACNB4/CD300A/TLR9/SCIMP/BLNK/LILRB1/NFKBID/FCER2/CD8A/PTPN22/SH2D1A/CLEC7A,77
GO:0008347,glial cell migration,15/2098,60/18870,0.0019271818880149051,0.01464809584254261,0.010852014847501952,MMP14/COL3A1/GLI3/SRGAP2/SRGAP2C/LAMB1/P2RX4/NTN1/NDN/CD9/TIAM1/GPR183/P2RY1/CSPG4/CCL3,15
GO:0045620,negative regulation of lymphocyte differentiation,15/2098,60/18870,0.0019271818880149051,0.01464809584254261,0.010852014847501952,GLI3/MDK/LOXL3/ID2/RUNX1/CD74/LILRB4/ANXA1/FGL2/SFRP1/BCL6/DTX1/INHBA/IL4R/RUNX3,15
GO:0050879,multicellular organismal movement,15/2098,60/18870,0.0019271818880149051,0.01464809584254261,0.010852014847501952,MYH8/CHRNA1/SYNM/CHRND/MYH3/MAP1A/COMP/PRKD1/MYH14/TCAP/DMPK/KBTBD13/ATP2A1/NPPC/NR4A1,15
GO:0019432,triglyceride biosynthetic process,12/2098,43/18870,0.001962356998523847,0.014895956980951608,0.011035642315744016,C3/PNPLA3/LPIN3/LPIN2/GPAT3/NR1H3/PCK2/DGAT2/PLIN5/PCK1/THRSP/LDLR,12
GO:0016358,dendrite development,41/2098,233/18870,0.0019689409725805744,0.014926423273858219,0.011058213212775605,DCLK1/LPAR1/CAMK1D/TPBG/APP/MAP1B/NFATC4/EPHB3/SYNGAP1/TANC2/SRGAP2/SRGAP2C/FYN/APOE/CAPRIN2/NEURL1/DBN1/PRICKLE1/LRRK2/COBL/NLGN2/MAP1A/PTN/PTPRS/PDLIM5/PTPRD/EPHB2/DOCK10/CELSR2/SDC2/CAMK1/PRKG1/MAP6/ZDHHC15/BAIAP2/TIAM1/LZTS1/SEMA3A/ZNF365/FLRT1/IL1RAPL1,41
GO:0021675,nerve development,21/2098,97/18870,0.0019858358813262937,0.015034874788607284,0.011138559317890019,GLI3/LPAR1/SULF1/SULF2/TCIRG1/NRP2/ERBB3/EPHB2/HOXD3/PLXNA3/NGFR/KCNA1/VCAM1/NTF4/ITGA4/TBX1/SEMA3A/PLXNA4/SERPINE2/KCNA3/NPTX1,21
GO:0001764,neuron migration,33/2098,177/18870,0.0019969961490761408,0.015099683121985872,0.011186572452404312,DCLK1/COL3A1/PLXNB2/IGSF10/MDK/TWIST1/MAP1B/AXL/NTRK2/SRGAP2/SRGAP2C/FYN/GPR173/SHTN1/TUBA1A/NRP2/MDGA1/NTN1/PLXNA3/CELSR2/NDN/PRKG1/TYRO3/CHL1/FLNA/CELSR1/SATB2/CXCR4/FLRT2/SEMA3A/GFRA3/TUBB2B/NRCAM,33
GO:0014074,response to purine-containing compound,28/2098,143/18870,0.0020143550349045946,0.015171672746680909,0.011239905833374399,COL1A1/PKD2/NT5E/AHR/FBP1/P2RX7/EZR/KCNJ11/P2RX4/ENPP1/PDE3A/TMEM38A/PENK/SDC1/TLR7/P2RY2/PIK3CG/PTK2B/TRPM2/PANX1/GATA6/PTAFR/P2RY1/ADIPOQ/CDO1/FOS/DUOX1/PCK1,28
GO:0034341,response to type II interferon,28/2098,143/18870,0.0020143550349045946,0.015171672746680909,0.011239905833374399,DAPK1/VIM/SHFL/GSN/RAB7B/CXCL16/AIF1/CD74/MRC1/CCL22/AQP4/ACTG1/PPARG/IRF8/CCL18/CCL14/HLA-DPA1/LGALS9/NR1H3/CCL21/GAPDH/CCL16/WAS/CCL3L3/RAB20/SLC22A5/CCL5/CCL3,28
GO:0051208,sequestering of calcium ion,28/2098,143/18870,0.0020143550349045946,0.015171672746680909,0.011239905833374399,THY1/PKD2/TRPC1/P2RX7/F2R/PLCE1/JPH1/BDKRB1/PDE4D/CACNA1C/PLCB2/PRKD1/TMEM38A/CLIC2/FGF2/MCOLN3/PTK2B/FLNA/CCL21/PLN/TRPM2/DHRS7C/HTR2B/UBASH3B/CORO1A/CCR5/CCL3/CXCL9,28
GO:0031099,regeneration,35/2098,191/18870,0.0020204824621041337,0.015198110955231483,0.011259492531523856,MMP2/PTGFRN/POSTN/THY1/CD81/CCN3/MDK/MAP1B/IGF1/HSPG2/AXL/SULF2/PTPRF/SPP1/GRN/CPQ/PTPRU/PTN/LAMB2/RUNX1/PTPRS/ANXA1/MYOZ1/ANGPT2/RTN4RL2/CD9/FZD7/IFRD1/FLNA/PTPN3/CCND1/TNC/MYMX/LCP1/GLI1,35
GO:0090263,positive regulation of canonical Wnt signaling pathway,23/2098,110/18870,0.0020251825552669656,0.015213758212723505,0.011271084773440578,COL1A1/SFRP2/SFRP4/SRC/ADGRA2/TGFB1/SOX4/UBE2B/RECK/PTK7/SULF2/CAPRIN2/LRRK2/GPC3/JUP/SEMA5A/WNK2/SFRP1/FGF2/PLEKHA4/TMEM198/PPM1B/LGR5,23
GO:0014911,positive regulation of smooth muscle cell migration,13/2098,49/18870,0.002136100714024036,0.016026274995268187,0.011873036336483388,SRC/POSTN/LPAR1/PDGFRB/CCN4/MDK/IGF1/DDR2/PDGFD/S100A11/AIF1/ITGA2/CCL5,13
GO:0042100,B cell proliferation,22/2098,104/18870,0.0021474257690599972,0.016069718351715726,0.011905221267157092,CD81/AHR/TNFRSF21/SLC39A10/PRKCD/CD74/EPHB2/FCGR2B/NCKAP1L/TYROBP/SASH3/BTK/BCL6/GPR183/PRLR/IKZF3/IL7R/CD300A/TLR9/CD180/LEF1/CD40LG,22
GO:0061326,renal tubule development,22/2098,104/18870,0.0021474257690599972,0.016069718351715726,0.011905221267157092,NOTCH2/GLI3/DCHS1/PKD2/OSR1/TTC8/ADAMTS16/PRICKLE1/CD24/GPC3/WWTR1/SOX8/FMN1/MAGED1/FGF2/TMEM59L/COL4A1/HS3ST3A1/LGR5/TACSTD2/KIF26B/IRX1,22
GO:0032965,regulation of collagen biosynthetic process,11/2098,38/18870,0.002172547874524287,0.016179231257210755,0.011986353701652335,EMILIN1/TGFB1/VIM/DDR2/CREB3L1/F2R/TGFB3/ITGA2/RUNX1/INHBA/NPPC,11
GO:0002693,positive regulation of cellular extravasation,7/2098,18/18870,0.0021787771384774945,0.016179231257210755,0.011986353701652335,THY1/JAM3/XG/MDK/PDGFD/PLVAP/PTAFR,7
GO:0036035,osteoclast development,7/2098,18/18870,0.0021787771384774945,0.016179231257210755,0.011986353701652335,SRC/NOTCH2/FBN1/TYROBP/GPR68/ANXA2/LILRB1,7
GO:0043649,dicarboxylic acid catabolic process,7/2098,18/18870,0.0021787771384774945,0.016179231257210755,0.011986353701652335,ALDH1L2/ALDH1L1/ADHFE1/GOT2/GOT1/GLUL/QPRT,7
GO:0090713,immunological memory process,7/2098,18/18870,0.0021787771384774945,0.016179231257210755,0.011986353701652335,TNFRSF14/CD81/HLA-DRB1/HLA-DRA/FGL2/BCL6/PCK1,7
GO:0098751,bone cell development,7/2098,18/18870,0.0021787771384774945,0.016179231257210755,0.011986353701652335,SRC/NOTCH2/FBN1/TYROBP/GPR68/ANXA2/LILRB1,7
GO:1902075,cellular response to salt,36/2098,199/18870,0.002211864526840044,0.016389203314784166,0.012141911114086067,COL1A1/PKD2/NFATC4/FYN/ADCY7/P2RX7/PRKAA2/PNPLA3/CLIC4/CHRND/TUBA1A/P2RX4/LGMN/ADGRV1/AGRN/CEBPA/SCN5A/MYOG/P2RY2/GNA15/CPNE5/CPNE8/PPP1R1B/BAIAP2/TRPM2/FABP4/SYT15/RASA4B/MAPK13/AKR1C3/P2RY1/FOS/TLR9/LEP/EGR1/NPTX1,36
GO:0031345,negative regulation of cell projection organization,35/2098,192/18870,0.002212697675011329,0.016389203314784166,0.012141911114086067,THY1/LPAR1/VIM/NFATC4/SYNGAP1/DAB2/SRGAP2C/FYN/APOE/SPP1/LRRK2/TSKU/SEMA3B/ARHGAP24/NTN1/PRKCD/NEU4/PTPRS/PLXNB3/EPHB2/LIMK2/PLXNA3/ARHGAP4/SEMA5A/NR2F1/SEMA3D/RTN4RL2/IFRD1/FLNA/CCL21/STX1B/TACSTD2/SEMA3A/ZNF365/TRPV4,35
GO:0048661,positive regulation of smooth muscle cell proliferation,21/2098,98/18870,0.0022679919975446537,0.016777362458269815,0.012429478101193428,MMP2/SRC/PDGFRB/TGFB1/CCN4/IGF1/DDR2/PDGFD/DNMT1/ID2/AIF1/MFN2/ITGA2/CALCRL/MYD88/FGF2/THBS1/MMP9/PTAFR/CCL5/HBEGF,21
GO:0035914,skeletal muscle cell differentiation,17/2098,73/18870,0.002282606123982253,0.016821184977112873,0.012461943933630065,CDON/SOX8/ASB2/MYOG/HLF/MYLK2/BTG2/MEGF10/KLHL40/TBX1/ATF3/SOX11/FOS/CYP26B1/EGR1/NR4A1/MAFF,17
GO:0042093,T-helper cell differentiation,17/2098,73/18870,0.002282606123982253,0.016821184977112873,0.012461943933630065,TMEM98/STAT6/LOXL3/RORC/HLA-DRB1/ANXA1/HLA-DRA/ENTPD7/BCL6/SPN/CD86/GPR183/IL4R/IRF4/NFKBID/SLAMF6/LEF1,17
GO:0055002,striated muscle cell development,17/2098,73/18870,0.002282606123982253,0.016821184977112873,0.012461943933630065,PDGFRB/MYH3/PDGFRA/PRKD1/FLNC/ACTG1/MYOZ1/LMOD1/TCAP/SDC1/NRAP/ACTC1/MYLK3/MYOM2/ACTN2/MYL9/TNNT2,17
GO:0032611,interleukin-1 beta production,23/2098,111/18870,0.002291308270143133,0.016842565980659713,0.012477784010759474,APP/IGF1/NOD1/GSDMD/ACP5/P2RX7/PYCARD/F2R/TMEM106A/LILRB4/TYROBP/ELF4/IFI16/MYD88/CD33/LGALS9/CASP8/NAIP/SPHK1/PANX1/CCL3/EGR1/CLEC7A,23
GO:0032651,regulation of interleukin-1 beta production,23/2098,111/18870,0.002291308270143133,0.016842565980659713,0.012477784010759474,APP/IGF1/NOD1/GSDMD/ACP5/P2RX7/PYCARD/F2R/TMEM106A/LILRB4/TYROBP/ELF4/IFI16/MYD88/CD33/LGALS9/CASP8/NAIP/SPHK1/PANX1/CCL3/EGR1/CLEC7A,23
GO:0032233,positive regulation of actin filament bundle assembly,15/2098,61/18870,0.0022975630140865733,0.016867191432112176,0.012496027731148879,LPAR1/S100A10/TGFB3/ARHGEF10/SWAP70/CARMIL1/CCN2/TACR1/SYNPO/SFRP1/FLNA/PLEK/GPR65/MYOC/SDC4,15
GO:0035115,embryonic forelimb morphogenesis,10/2098,33/18870,0.0023502442995250498,0.017145563627314026,0.012702259259665272,CRABP2/OSR1/TWIST1/RECK/RUNX2/CACNA1C/SHOX2/MSX1/OSR2/HOXD9,10
GO:0045671,negative regulation of osteoclast differentiation,10/2098,33/18870,0.0023502442995250498,0.017145563627314026,0.012702259259665272,LRRC17/GPR137B/FBN1/LILRB4/FSTL3/SFRP1/UBASH3B/LILRB1/CCL3/ERFE,10
GO:0048566,embryonic digestive tract development,10/2098,33/18870,0.0023502442995250498,0.017145563627314026,0.012702259259665272,GLI3/RARRES2/PCSK5/ID2/PDGFRA/SCT/SHOX2/GLI2/PKDCC/SOX11,10
GO:0048799,animal organ maturation,10/2098,33/18870,0.0023502442995250498,0.017145563627314026,0.012702259259665272,ADAMTS7/THBS3/DCHS1/IGF1/PLXNB1/ADAMTS12/XYLT1/SNX10/PHOSPHO1/LEP,10
GO:0050869,negative regulation of B cell activation,10/2098,33/18870,0.0023502442995250498,0.017145563627314026,0.012702259259665272,TNFRSF21/ID2/LAPTM5/FCGR2B/TYROBP/SFRP1/BTK/BCL6/INHBA/CD300A,10
GO:0048732,gland development,69/2098,443/18870,0.0023968262575549655,0.017463450536539128,0.012937765191345367,MMP2/SRC/NOTCH2/GLI3/TGFB1/DKK3/LIPA/PKD2/CYP7B1/MDK/SNAI2/EPHB3/ID4/SULF1/FRZB/STAT6/SULF2/TGFBR2/IGF2/IGSF3/FGF7/TGFB3/NEURL1/ID2/TWSG1/RARG/PLXND1/COBL/CSF1R/PDGFRA/ITGA2/NTN1/PTN/CEBPA/GDF7/HOXD3/ANXA1/HGF/ACO2/GLI2/SFRP1/NKX3-1/FGF2/MSX1/RIPK3/ACADM/TBX19/FASN/PCK2/CCDC40/PTPN3/SOD2/CCND1/VDR/GATA6/TBX1/TNC/CDO1/HOXD9/SERPINE2/PRLR/TNFRSF11A/HAND2/CDKN2B/CACNB4/GLI1/PCK1/LEF1/CYP1A1,69
GO:0071772,response to BMP,33/2098,179/18870,0.0024112578863314054,0.01752462396236104,0.012983085411285756,SFRP2/HTRA1/SFRP4/NBL1/NOTCH2/ADAMTS7/CHRDL1/FSTL1/SULF1/ADAMTS12/RUNX2/FBN1/TWSG1/UBE2D1/FZD1/GPC3/FST/CHRD/COMP/GDF7/FSTL3/SMAD6/PPARG/SFRP1/GREM2/MSX1/SMAD9/KCP/GATA6/SOX11/GDF6/EGR1/LEF1,33
GO:0071773,cellular response to BMP stimulus,33/2098,179/18870,0.0024112578863314054,0.01752462396236104,0.012983085411285756,SFRP2/HTRA1/SFRP4/NBL1/NOTCH2/ADAMTS7/CHRDL1/FSTL1/SULF1/ADAMTS12/RUNX2/FBN1/TWSG1/UBE2D1/FZD1/GPC3/FST/CHRD/COMP/GDF7/FSTL3/SMAD6/PPARG/SFRP1/GREM2/MSX1/SMAD9/KCP/GATA6/SOX11/GDF6/EGR1/LEF1,33
GO:0007565,female pregnancy,34/2098,186/18870,0.0024193313597044097,0.017561321507254386,0.013010272719884107,MMP2/FBLN1/TRO/COL16A1/HSPG2/ADRA2A/RECK/ADCY7/SPP1/SYDE1/TIMP1/TGFB3/PCSK5/IGFBP7/HSD11B2/ITGA2/HAVCR2/PTN/LDOC1/ANGPT2/ITGB4/LGALS9/SLC38A2/ACVR1C/MMP9/CNR1/VDR/PRDM1/GJB2/PTHLH/PRLR/FOS/ADCYAP1/LEP,34
GO:0045591,positive regulation of regulatory T cell differentiation,8/2098,23/18870,0.0024278682345157346,0.017579340196799093,0.01302362183287283,HLA-DRB1/LILRB4/HLA-DRA/LGALS9/BCL6/SOX12/IL2RG/LILRB2,8
GO:0046058,cAMP metabolic process,8/2098,23/18870,0.0024278682345157346,0.017579340196799093,0.01302362183287283,ADCY3/ADCY7/ADCY2/ADCY9/PDE4D/PDE7A/PTHLH/CACNB4,8
GO:0110020,regulation of actomyosin structure organization,22/2098,105/18870,0.0024373014478923354,0.017625665638743203,0.013057941951282657,LPAR1/S100A10/TGFB3/TTC8/ARHGEF10/CARMIL1/PRKD1/CCN2/ACTG1/PHLDB2/TACR1/SFRP1/F11R/RHPN1/MYLK3/CGNL1/GPR65/MYOC/TACSTD2/WAS/SDC4/FRMD7,22
GO:0048245,eosinophil chemotaxis,9/2098,28/18870,0.002455808912546616,0.017737415864624625,0.013140731900468735,LGALS3/CCL22/CCL18/CCL14/CCL16/CCL3L3/CCL5/CCL3/SCG2,9
GO:0042552,myelination,28/2098,145/18870,0.002489258198244438,0.017952719846379514,0.013300239459119772,MARVELD1/LPAR1/JAM3/TMEM98/NTRK2/ID4/TENM4/TNFRSF21/MBP/CLU/QKI/ARHGEF10/RARG/PTN/EPB41L3/NAB2/JAM2/ITGB4/NDRG1/CD9/ADGRG6/PLP1/CXCR4/POU3F1/MYOC/ABCD2/ITGAX/ZNF488,28
GO:0055013,cardiac muscle cell development,19/2098,86/18870,0.0024918016525196985,0.017952719846379514,0.013300239459119772,PDGFRB/IGF1/PRICKLE1/PI16/PDGFRA/ALPK3/PDLIM5/G6PD/ALPK2/SHOX2/ASB2/PRKG1/TCAP/CXADR/NRAP/ACTC1/MYLK3/ACTN2/TBX18,19
GO:0071216,cellular response to biotic stimulus,45/2098,265/18870,0.002533602926263746,0.018231266657761553,0.013506600351711903,SRC/NOTCH2/PLSCR4/SPON2/VIM/AXL/AHR/PYCARD/CD14/HAVCR2/HDAC5/MRC1/EPHB2/FCGR2B/HADHB/BCR/LDOC1/IRF8/SYK/TRIM5/MYD88/NR1H3/LY96/BTK/PDCD1LG2/MMP9/CD86/SPI1/PTAFR/LILRB2/MMP3/ARID5A/CXCL1/CTSG/TLR9/SCIMP/CD180/LILRB1/PTPN22/TRIB1/LY86/CCR5/CXCL9/CSF3/CLEC7A,45
GO:0002524,hypersensitivity,6/2098,14/18870,0.0025515963885099384,0.018315352568698654,0.013568895244083166,C3/FCGR2B/BTK/FCER1A/SPN/FCGR3A,6
GO:0098883,synapse pruning,6/2098,14/18870,0.0025515963885099384,0.018315352568698654,0.013568895244083166,C3/C1QA/C1QC/C1QB/ITGAM/PLXNC1,6
GO:0006898,receptor-mediated endocytosis,44/2098,258/18870,0.0025824311708040927,0.018513799764023908,0.01371591448352999,SFRP4/LRP1/LPAR1/CD81/RAB31/HSPG2/DAB2/DNM1/APOE/ARRB1/ANKRD13D/STAB1/C3/GRK3/CLU/MSR1/EZR/PLA2R1/CXCL16/WASF1/ITGB2/CD14/SIGLEC1/MRC1/LILRB4/STON1/FCGR2B/DPP4/SYK/CD9/CALCRL/FCER1G/SDC1/ITGAM/CCL21/CLTCL1/ANXA2/ITGA4/HTR2B/ADIPOQ/LILRB1/FCER2/MARCO/LDLR,44
GO:0043114,regulation of vascular permeability,13/2098,50/18870,0.0025977675049034224,0.018600784094912667,0.013780356664988369,SRC/TGFB1/BDKRB2/APOE/PLVAP/HRH1/PTP4A3/BCR/PDE3A/TACR1/MYLK3/AKAP12/TRPV4,13
GO:0002361,"CD4-positive, CD25-positive, alpha-beta regulatory T cell differentiation",5/2098,10/18870,0.0026324555798238145,0.018687860088064657,0.013844866754265769,HLA-DRB1/HLA-DRA/LGALS9/IL2RG/TOX,5
GO:0031666,positive regulation of lipopolysaccharide-mediated signaling pathway,5/2098,10/18870,0.0026324555798238145,0.018687860088064657,0.013844866754265769,CD14/LY96/SCIMP/CD180/LY86,5
GO:0032329,serine transport,5/2098,10/18870,0.0026324555798238145,0.018687860088064657,0.013844866754265769,SFXN3/SLC1A5/SLC38A2/SLC7A10/SLC38A5,5
GO:0060346,bone trabecula formation,5/2098,10/18870,0.0026324555798238145,0.018687860088064657,0.013844866754265769,COL1A1/MMP2/THBS3/CHAD/SFRP1,5
GO:1904627,response to phorbol 13-acetate 12-myristate,5/2098,10/18870,0.0026324555798238145,0.018687860088064657,0.013844866754265769,FBP1/PRKD1/MAP4K1/FOS/PCK1,5
GO:1904628,cellular response to phorbol 13-acetate 12-myristate,5/2098,10/18870,0.0026324555798238145,0.018687860088064657,0.013844866754265769,FBP1/PRKD1/MAP4K1/FOS/PCK1,5
GO:2000563,"positive regulation of CD4-positive, alpha-beta T cell proliferation",5/2098,10/18870,0.0026324555798238145,0.018687860088064657,0.013844866754265769,CD81/TGFBR2/PRKCQ/LGALS9/CD28,5
GO:0008361,regulation of cell size,34/2098,187/18870,0.00264837765560031,0.018777935343188033,0.01391159884125502,CRABP2/FN1/MAP1B/SLC12A7/APOE/P2RX7/SPP1/SLC12A9/SLC12A4/SHTN1/RARG/VAV2/SEMA3B/NTN1/PTPRS/PRKD1/SCT/PLXNA3/ARHGAP4/AQP4/SEMA5A/SEMA3D/GNB3/TRPV2/EFNA5/IFRD1/PLEK/SEMA3A/PLXNA4/SLC12A8/TRPV4/IL7R/NRCAM/LRRC8E,34
GO:0030900,forebrain development,64/2098,407/18870,0.0026820841157316503,0.018993734707382554,0.014071473403074783,DCLK1/COL3A1/SRC/GLI3/CDON/FAT4/LPAR1/APP/MDK/EPHB3/TACC2/AXL/NTRK2/ID4/SRGAP2/SRGAP2C/FYN/TTC8/ID2/TWSG1/LRRK2/TSKU/NUMBL/TUBA1A/NRP2/CSF1R/FOXP2/MDGA1/LAMB1/DYNC2H1/PTPRS/SCN5A/EPHB2/SCT/GDF7/PLXNA3/AKNA/SEMA5A/TYROBP/PRKG1/GLI2/TUBB2A/TYRO3/PRDM8/ITGAM/KCNA1/FGF2/MSX1/SLC38A2/FLNA/BTG2/TBX19/INHBA/GSC/CXCR4/POU3F1/RAC3/SEMA3A/PLXNA4/TOX/TUBB2B/GLI1/KCNA3/LEF1,64
GO:0038093,Fc receptor signaling pathway,14/2098,56/18870,0.002691449567593339,0.019036842434853252,0.014103409683638666,SRC/FYN/PLD2/VAV2/PRKCD/PRKCQ/FCGR2B/SYK/FCER1G/BTK/FCER1A/CD200R1/FCGR3A/FCER2,14
GO:0150116,regulation of cell-substrate junction organization,16/2098,68/18870,0.0027116073548646797,0.01915608748138588,0.014191752156911187,MMP14/SRC/THY1/COL16A1/S100A10/EPHA3/ACTG1/PHLDB2/FMN1/SFRP1/EFNA5/THBS1/FAM107A/MYOC/SDC4/CAMSAP3,16
GO:0015695,organic cation transport,15/2098,62/18870,0.0027250345590522193,0.01916931920814407,0.014201554857329145,ADRA2A/SLC44A1/SLC47A2/SLC29A3/SLC47A1/SLC19A3/SLC19A2/SLC38A2/SLC18B1/SLC22A3/P2RY1/SLC22A18/SLC22A5/SLC44A3/ADORA3,15
GO:0055006,cardiac cell development,20/2098,93/18870,0.002726304697583527,0.01916931920814407,0.014201554857329145,PDGFRB/IGF1/PRICKLE1/PI16/PDGFRA/ALPK3/PDLIM5/G6PD/ALPK2/SHOX2/ASB2/PRKG1/TCAP/CXADR/NRAP/ACTC1/MYLK3/INHBA/ACTN2/TBX18,20
GO:0014037,Schwann cell differentiation,11/2098,39/18870,0.002726684633360944,0.01916931920814407,0.014201554857329145,NTRK2/LAMA2/ARHGEF10/LAMB2/ERBB3/NAB2/ITGB4/NDRG1/ADGRG6/POU3F1/MYOC,11
GO:1900274,regulation of phospholipase C activity,11/2098,39/18870,0.002726684633360944,0.01916931920814407,0.014201554857329145,LPAR1/PDGFRB/PDGFRA/PLCB2/ANG/GNA15/FGF2/NMUR1/CD86/HTR2B/LPAR2,11
GO:0009100,glycoprotein metabolic process,59/2098,370/18870,0.002797971048187643,0.019646696344408274,0.01455521883019525,GXYLT2/SLC2A10/FBXO17/ADAMTS7/GAL3ST4/DSEL/CHPF/DSE/IGF1/MAN1C1/GALNT16/MAN1A1/MAN2B1/SULF1/SULF2/CHST14/BACE2/B3GNT9/IDUA/MGAT5/ST8SIA2/CHPF2/ADAMTS12/ITM2A/ST3GAL4/TMEM106A/IL33/POGLUT2/NEU4/CST3/HS3ST2/POGLUT3/CSGALNACT1/FBXO27/COL11A1/SLC35D2/CHST11/XYLT1/GALNT7/UST/CHSY3/TET1/BTK/CCL21/B3GNT7/B3GALT1/HS3ST3A1/GALNT12/B3GALNT1/GALNT5/HS6ST2/GALNT17/GCNT1/B3GNT5/UGDH/ST6GALNAC6/PHLDA1/LEP/HBEGF,59
GO:0031668,cellular response to extracellular stimulus,47/2098,281/18870,0.002809566886562067,0.01970429336988638,0.014597889480522718,COL1A1/SFRP2/CTSK/POSTN/DAP/SESN3/PRR5/SNAI2/AXL/GSDMD/PLD1/P2RX7/PRKAA2/LRRK2/MN1/PDK2/PRKD1/PRKAG2/SESN1/KANK2/PLIN2/IFI16/FOLR2/SFRP1/FADS1/PENK/VCAM1/GABARAPL1/SLC38A2/STK26/PDK4/CYSLTR1/GLUL/FAM107A/KLF10/VDR/ITGA4/TNC/AKR1C3/MAP1LC3C/TNFRSF11A/CDKN2B/ATF3/FOS/PHEX/LEP/PCK1,47
GO:0043200,response to amino acid,25/2098,126/18870,0.0028267587283615087,0.01980095046513303,0.014669497711654482,COL5A2/COL1A1/COL1A2/MMP2/COL3A1/COL6A1/COL16A1/SESN3/NTRK2/PDGFD/SH3BP4/FYN/DNMT1/PNPLA3/NEURL1/TUBA1A/PDGFRA/CYBB/SESN1/MYD88/GDF10/COL4A1/BAIAP2/CDO1/PCK1,25
GO:0017015,regulation of transforming growth factor beta receptor signaling pathway,30/2098,160/18870,0.002847931062030324,0.019925223707482037,0.01476156531454399,ASPN/LOX/HTRA1/SLC2A10/EMILIN1/CD109/TGFB1/DKK3/IL17RD/CILP/TGFB3/SPRED1/FBN1/VASN/TNXB/SMAD6/LTBP1/PPARG/CHST11/NRROS/LTBP4/TET1/ADAMTSL2/THBS1/CIDEA/CDKN2B/TGFBR3L/HTRA4/SOX11/WFIKKN1,30
GO:0030509,BMP signaling pathway,31/2098,167/18870,0.0028742732549242055,0.020085324658658078,0.014880175809582912,SFRP2/HTRA1/SFRP4/NBL1/NOTCH2/CHRDL1/FSTL1/SULF1/RUNX2/FBN1/TWSG1/UBE2D1/FZD1/GPC3/FST/CHRD/COMP/GDF7/FSTL3/SMAD6/PPARG/SFRP1/GREM2/MSX1/SMAD9/KCP/GATA6/SOX11/GDF6/EGR1/LEF1,31
GO:0048701,embryonic cranial skeleton morphogenesis,12/2098,45/18870,0.002983429365750457,0.02079804841166015,0.015408195890341968,MMP14/GLI3/TWIST1/TGFBR2/MMP16/TGFB3/RUNX2/PDGFRA/CHST11/TBX1/MTHFD1L/FOXC2,12
GO:0140894,endolysosomal toll-like receptor signaling pathway,12/2098,45/18870,0.002983429365750457,0.02079804841166015,0.015408195890341968,SRC/COLEC12/RAB7B/UNC93B1/HAVCR2/PTPRS/PIK3AP1/MYD88/TLR7/TLR9/SCIMP/PTPN22,12
GO:0003151,outflow tract morphogenesis,18/2098,81/18870,0.0029870164215243878,0.02079808676234067,0.015408224302373057,ELN/SFRP2/PARVA/TWIST1/TGFBR2/PRICKLE1/DHRS3/PLXND1/FZD1/NRP2/SMAD6/FZD2/NPY1R/GATA6/TBX1/FOXC2/HAND2/SOX11,18
GO:0032743,positive regulation of interleukin-2 production,10/2098,34/18870,0.003002628520220658,0.020806997394894226,0.015414825728101784,CD4/PDE4D/RUNX1/PRKCQ/ANXA1/SASH3/CD86/IRF4/CD28/CLEC7A,10
GO:0043372,"positive regulation of CD4-positive, alpha-beta T cell differentiation",10/2098,34/18870,0.003002628520220658,0.020806997394894226,0.015414825728101784,HLA-DRB1/NCKAP1L/ANXA1/HLA-DRA/LGALS9/SASH3/CD86/IL4R/IL2RG/NFKBID,10
GO:0045879,negative regulation of smoothened signaling pathway,10/2098,34/18870,0.003002628520220658,0.020806997394894226,0.015414825728101784,GLI3/GLIS2/RUNX2/KIF7/GPC3/PTCH2/ENPP1/GPR161/SERPINE2/HHIP,10
GO:0046320,regulation of fatty acid oxidation,10/2098,34/18870,0.003002628520220658,0.020806997394894226,0.015414825728101784,TWIST1/FMO1/PRKAG2/FMO4/PPARGC1A/PDK4/CNR1/ABCD2/FABP3/PLIN5,10
GO:0071346,cellular response to type II interferon,24/2098,120/18870,0.003045077623597175,0.021076002098008098,0.015614117367344148,DAPK1/VIM/GSN/RAB7B/AIF1/MRC1/CCL22/AQP4/ACTG1/PPARG/IRF8/CCL18/CCL14/HLA-DPA1/LGALS9/NR1H3/CCL21/GAPDH/CCL16/WAS/CCL3L3/RAB20/CCL5/CCL3,24
GO:0016042,lipid catabolic process,54/2098,334/18870,0.003060759534284997,0.021159322161420212,0.015675844882985943,ALDH1L2/LIPA/TWIST1/ADRA2A/ENPP2/APOE/RARRES2/PLD1/SPP1/PLD2/PNPLA3/LPIN3/PLCE1/FAAH/GM2A/LPIN2/HADH/PRKCD/NEU4/PLCB2/SCT/LDAH/HADHB/ABHD15/HSD17B14/ABHD2/PIK3CG/PLA2G4A/LIPJ/ACADM/PCK2/CPT1B/CIDEA/PDE3B/LIPE/SPHK1/CNR1/PLA2G4F/PLCXD3/HCAR1/AKR1C3/ABCD2/ADIPOQ/DPEP2/CIDEC/PLIN1/AOAH/PLA2G7/PLIN5/CPT1C/LEP/CYP26B1/PCK1/LDLR,54
GO:0051492,regulation of stress fiber assembly,20/2098,94/18870,0.003108867950777133,0.02145383580761492,0.015894034775764676,LPAR1/S100A10/TGFB3/TTC8/ARHGEF10/CARMIL1/CCN2/ACTG1/PHLDB2/TACR1/SFRP1/F11R/RHPN1/CGNL1/GPR65/MYOC/TACSTD2/WAS/SDC4/FRMD7,20
GO:0001845,phagolysosome assembly,7/2098,19/18870,0.0031218342099939055,0.02145383580761492,0.015894034775764676,SRPX/RAB34/P2RX7/RAB7B/RAB39A/RAB20/CORO1A,7
GO:0032305,positive regulation of icosanoid secretion,7/2098,19/18870,0.0031218342099939055,0.02145383580761492,0.015894034775764676,P2RX7/PTGES/PLA2R1/P2RX4/PLA2G4A/MAP2K6/TNFRSF11A,7
GO:0034162,toll-like receptor 9 signaling pathway,7/2098,19/18870,0.0031218342099939055,0.02145383580761492,0.015894034775764676,RAB7B/UNC93B1/HAVCR2/PTPRS/PIK3AP1/TLR9/PTPN22,7
GO:0043031,negative regulation of macrophage activation,7/2098,19/18870,0.0031218342099939055,0.02145383580761492,0.015894034775764676,GRN/CD200/FCGR2B/VSIG4/NR1H3/LRFN5/LDLR,7
GO:0038084,vascular endothelial growth factor signaling pathway,13/2098,51/18870,0.0031379259131873397,0.021538931179525864,0.01595707752544066,EMILIN1/ADGRA2/PDGFRB/DCN/SMOC2/TNXB/NRP2/PDGFRA/PRKD1/VEGFD/PTP4A3/CCBE1/ADAMTS3,13
GO:0043123,positive regulation of canonical NF-kappaB signal transduction,35/2098,196/18870,0.0031475083935642886,0.021549837396388823,0.01596515737613246,LPAR1/ECM1/NOD1/S100A4/TRAF5/FYN/CD4/F2R/S100A13/EDA2R/PLEKHG5/TRIM22/TMEM106A/HLA-DRB1/CD74/LURAP1L/PRKD1/TRIM5/ROR1/MYD88/TNFRSF19/LGALS9/CASP8/FLNA/CCL21/IKBKE/GAPDH/AJUBA/HTR2B/LURAP1/ADIPOQ/TRIM6/TLR9/CARD9/CLEC7A,35
GO:0003206,cardiac chamber morphogenesis,25/2098,127/18870,0.0031562459250800007,0.021549837396388823,0.01596515737613246,SFRP2/NOTCH2/SLIT3/PARVA/TGFB1/SOX4/TGFBR2/DHRS3/FZD1/NRP2/CPE/SMAD6/SHOX2/COL11A1/ADGRG6/FZD2/DNAH11/GATA6/TBX1/RBP4/FOXC2/HAND2/TNNT2/SOX11/DSP,25
GO:0090288,negative regulation of cellular response to growth factor stimulus,25/2098,127/18870,0.0031562459250800007,0.021549837396388823,0.01596515737613246,SFRP2/HTRA1/NBL1/EMILIN1/ADGRA2/CHRDL1/DCN/SULF1/SULF2/CREB3L1/ADAMTS12/FBN1/TWSG1/UBE2D1/FZD1/NIBAN2/CHRD/FSTL3/SMAD6/NGFR/PPARG/SFRP1/GREM2/FGF2/THBS1,25
GO:0003205,cardiac chamber development,31/2098,168/18870,0.0031580698509259325,0.021549837396388823,0.01596515737613246,SFRP2/NOTCH2/SLIT3/PARVA/TGFB1/SOX4/PTK7/TGFBR2/LUZP1/DHRS3/PLXND1/FZD1/NRP2/CPE/SCN5A/SMAD6/SHOX2/COL11A1/ADGRG6/FZD2/DNAH11/GATA6/TBX1/PRDM1/RBP4/ADAMTS6/FOXC2/HAND2/TNNT2/SOX11/DSP,31
GO:0050731,positive regulation of peptidyl-tyrosine phosphorylation,31/2098,168/18870,0.0031580698509259325,0.021549837396388823,0.01596515737613246,SRC/TGFB1/TNFRSF14/IGF1/ADRA2A/ENPP2/FYN/IGF2/THBS4/CD4/FGF7/CD44/CSF1R/ERBB3/CD74/IL34/HGF/SYK/EFNA5/PTK2B/CRLF1/NOX4/EHD4/HCLS1/CSPG4/ADIPOQ/CCL5/ANGPT4/LEP/CSF3/HBEGF,31
GO:0043547,positive regulation of GTPase activity,41/2098,239/18870,0.003174163178433786,0.02160886937533997,0.01600889110909963,THY1/TBC1D16/TBC1D2B/SRGAP2/S100A10/RGL1/TBC1D4/RGS11/SYDE1/F2R/PLXNB1/DOCK11/RASGRP3/ARHGEF10/ARHGEF26/TBC1D8B/ARHGAP24/AGRN/AGAP11/ARHGAP22/CCL22/DOCK10/BCR/CCL18/CCL14/SFRP1/CCL21/RGS9/ARHGAP45/TIAM1/GMIP/GPR65/CCL16/RGS1/CCL3L3/ARHGEF19/ADRB1/CCL5/FZD10/ADCYAP1/CCL3,41
GO:0071219,cellular response to molecule of bacterial origin,41/2098,239/18870,0.003174163178433786,0.02160886937533997,0.01600889110909963,SRC/PLSCR4/SPON2/VIM/AXL/AHR/PYCARD/CD14/HAVCR2/HDAC5/MRC1/EPHB2/FCGR2B/HADHB/BCR/LDOC1/IRF8/TRIM5/MYD88/NR1H3/LY96/PDCD1LG2/MMP9/CD86/SPI1/PTAFR/LILRB2/MMP3/ARID5A/CXCL1/CTSG/TLR9/SCIMP/CD180/LILRB1/PTPN22/TRIB1/LY86/CCR5/CXCL9/CSF3,41
GO:0043113,receptor clustering,14/2098,57/18870,0.003209482925281238,0.021780821236902097,0.0161362813292884,THY1/CD81/CHRDL1/SYNGAP1/APOE/MUSK/GSN/NLGN2/ITGB2/PTN/AGRN/FLNA/ITGA4/COLQ,14
GO:0003416,endochondral bone growth,9/2098,29/18870,0.0032144246254563625,0.021780821236902097,0.0161362813292884,EVC/THBS3/ECM1/DDR2/TGFBR2/RARG/TSKU/COMP/NPPC,9
GO:0043949,regulation of cAMP-mediated signaling,9/2098,29/18870,0.0032144246254563625,0.021780821236902097,0.0161362813292884,LPAR1/UBE2B/PDE4D/SCT/PDE3A/GNAI1/PDE3B/OPRL1/PEX5L,9
GO:0072012,glomerulus vasculature development,9/2098,29/18870,0.0032144246254563625,0.021780821236902097,0.0161362813292884,NOTCH2/PDGFRB/OSR1/PDGFD/CD34/PDGFRA/ANGPT2/FOXC2/EGR1,9
GO:0043523,regulation of neuron apoptotic process,40/2098,232/18870,0.003227234711620151,0.021842135163610974,0.016181705639052333,MAP3K12/NRBP2/MDK/NFATC4/PCDHGC3/SYNGAP1/AXL/NTRK2/APOE/GRN/BOK/F2R/TGFB3/ST8SIA2/CLU/PLXND1/FZD1/BACE1/ERBB3/LGMN/FCGR2B/G6PD/TYRO3/CHL1/CASP8/NES/PTK2B/PPARGC1A/BTG2/NAIP/CRLF1/NTF4/SOD2/CCND1/RETREG1/NPPC/VSTM2L/CORO1A/CCL3/EGR1,40
GO:0006639,acylglycerol metabolic process,26/2098,134/18870,0.0032480304966528936,0.021957291145591796,0.01626701873637691,LIPA/APOE/C3/PNPLA3/LPIN3/PLCE1/FAAH/TNXB/LPIN2/CIDEB/DGKA/GPAT3/GNB3/ABHD2/NR1H3/ANG/PIK3CG/PLA2G4A/PCK2/LIPE/DGAT2/CIDEC/PLIN5/PCK1/THRSP/LDLR,26
GO:0050650,chondroitin sulfate proteoglycan biosynthetic process,8/2098,24/18870,0.003291172232627547,0.022197255696710997,0.01644479603245771,CHPF/DSE/CHPF2/CSGALNACT1/CHST11/XYLT1/CHSY3/UGDH,8
GO:1903902,positive regulation of viral life cycle,8/2098,24/18870,0.003291172232627547,0.022197255696710997,0.01644479603245771,AXL/VPS4A/CD4/HLA-DRB1/CD74/TYRO3/LGALS9/CD209,8
GO:0001101,response to acid chemical,27/2098,141/18870,0.0033218282762531703,0.022378024130164917,0.016578717993707054,COL5A2/COL1A1/COL1A2/MMP2/COL3A1/COL6A1/COL16A1/SESN3/PKD2/COL18A1/NTRK2/PDGFD/SH3BP4/FYN/DNMT1/PNPLA3/NEURL1/TUBA1A/PDGFRA/CYBB/SESN1/MYD88/GDF10/COL4A1/BAIAP2/CDO1/PCK1,27
GO:0031667,response to nutrient levels,75/2098,495/18870,0.0033257465329774895,0.022378459000000326,0.01657904016622431,COL1A1/SFRP2/CTSK/SRC/POSTN/DAP/SESN3/LIPA/PRR5/MAP1B/SNAI2/APOE/PLD1/C2/FBP1/SPP1/PRKAA2/RUNX2/LRRK2/MN1/HSD11B2/PDK2/ITGA2/CYBB/PRKD1/SCT/CIDEB/PRKAG2/G6PD/SESN1/KANK2/PLIN2/IFI16/PPARG/FOLR2/SFRP1/FADS1/PENK/ADSS1/VCAM1/GABARAPL1/SLC38A2/ACADM/PPARGC1A/SLC22A3/ACVR1C/STK26/PCK2/PDK4/CYSLTR1/GLUL/SOD2/FAM107A/CNR1/KLF10/VDR/BMP8A/TNC/GPT2/AKR1C3/ADIPOQ/MAP1LC3C/NPPC/TNFRSF11A/CDKN2B/TRPV4/ATF3/ADRB1/FOS/PHEX/LEP/CYP26B1/PCK1/CYP1A1/LDLR,75
GO:0048738,cardiac muscle tissue development,42/2098,247/18870,0.0033629758456604625,0.022576648249422317,0.016725868306923408,NOTCH2/PDGFRB/TGFB1/IGF1/TENM4/ID2/PRICKLE1/PI16/KCNJ11/PDGFRA/ALPK3/RUNX1/ERBB3/PDLIM5/SCN5A/MSC/G6PD/ALPK2/SHOX2/COL11A1/ASB2/PRKG1/TCAP/CXADR/NRAP/FGF2/FZD7/MSX1/ACADM/ACTC1/MYLK2/MYLK3/PLN/NOX4/ACTN2/TBX18/GATA6/RBP4/FOXC2/TNNT2/GLI1/DSP,42
GO:0090257,regulation of muscle system process,42/2098,247/18870,0.0033629758456604625,0.022576648249422317,0.016725868306923408,IGF1/ADRA2A/MYL5/F2R/MYBPH/PLCE1/PDE4D/PI16/MLIP/P2RX4/ITGA2/CACNA1C/SCN5A/PRKD1/JUP/G6PD/TACR1/MYOG/PRKG1/PPARG/TMEM38A/DMPK/KBTBD13/CLIC2/ATP1B1/KCNA1/PIK3CG/EHD3/MYLK2/PLN/ATP2A2/LMCD1/TRIM63/MYL9/SPHK1/ATP2A1/PTAFR/HAND2/TRPV4/TNNT2/DSP/NR4A1,42
GO:0070482,response to oxygen levels,55/2098,343/18870,0.003373979336855858,0.022624362597138528,0.016761217393618442,COL1A1/MMP14/MMP2/SRC/POSTN/LPAR1/TGFB1/SOX4/TWIST1/HSPG2/DDR2/TGFB3/VASN/CD24/SDHD/LOXL2/HSD11B2/KCNJ11/ITGA2/SOD3/CYBB/VEGFD/PLOD2/PTGIS/DPP4/WTIP/ANGPT2/PPARG/NDRG1/SLC2A4/SFRP1/PENK/ANG/NKX3-1/ARNT2/VCAM1/KCND2/PTK2B/HILPDA/THBS1/CYSLTR1/SOD2/CXCR4/AJUBA/GATA6/ADIPOQ/NPPC/TRPV4/FOS/ANGPT4/LEP/EGR1/PCK1/PLAU/CYP1A1,55
GO:0009595,detection of biotic stimulus,11/2098,40/18870,0.003389312050200161,0.022648717002891065,0.01677926031029987,SSC5D/SRPX/NOD1/FAP/HLA-DRB1/C4B/LY96/NAIP/TLR9/NR4A1/CLEC7A,11
GO:0032570,response to progesterone,11/2098,40/18870,0.003389312050200161,0.022648717002891065,0.01677926031029987,SRC/TGFB1/TGFB3/TRERF1/PTGER2/TACR1/ABHD2/NR1H3/THBS1/GJB2/FOS,11
GO:0052652,cyclic purine nucleotide metabolic process,11/2098,40/18870,0.003389312050200161,0.022648717002891065,0.01677926031029987,ADCY3/ADCY7/PDE1A/ADCY2/ADCY9/PDE4D/AMPD2/PDE7A/NPPC/PTHLH/CACNB4,11
GO:0030510,regulation of BMP signaling pathway,24/2098,121/18870,0.003407090248463132,0.02274134835956943,0.016847886080422043,SFRP2/HTRA1/SFRP4/NBL1/NOTCH2/CHRDL1/FSTL1/SULF1/FBN1/TWSG1/UBE2D1/FZD1/GPC3/FST/CHRD/FSTL3/SMAD6/PPARG/SFRP1/GREM2/MSX1/KCP/GATA6/SOX11,24
GO:0021915,neural tube development,30/2098,162/18870,0.003449496309380164,0.02299796219124066,0.017037997965359517,SFRP2/GLI3/CTHRC1/PLXNB2/TGFB1/DCHS1/PKD2/TWIST1/PTK7/MARCKS/IFT52/LUZP1/PRICKLE1/FZD6/RARG/FZD1/COBL/CHRD/CC2D2A/GDF7/GLI2/SFRP1/GPR161/CELSR1/GSC/FZD2/ST14/MTHFD1L/SDC4/PHGDH,30
GO:1905952,regulation of lipid localization,33/2098,183/18870,0.0034646816666829773,0.023047889841168442,0.01707498677292477,LRP1/DAB2/APOE/SAR1B/P2RX7/SPP1/C3/MSR1/PTGES/PLA2R1/PLTP/P2RX4/PRKCD/PLIN2/PPARG/SYK/FITM1/NR1H3/NKX3-1/C1QTNF1/PLA2G4A/HILPDA/THBS1/MAP2K6/IKBKE/CIDEA/ANXA2/ADIPOQ/FABP3/TNFRSF11A/PLIN5/LEP/ERFE,33
GO:0010634,positive regulation of epithelial cell migration,32/2098,176/18870,0.0034700498408467245,0.023047889841168442,0.01707498677292477,SPARC/SRC/ADGRA2/DOCK1/TGFB1/ENPP2/TGFBR2/GLIPR2/GRN/FGF7/SMOC2/TMSB4X/NRP2/P2RX4/ITGA2/LGMN/PRKD1/FGF16/FGF18/SEMA5A/ANXA1/TACR1/PIK3CG/FGF2/PTK2B/SRPX2/CCBE1/THBS1/MMP9/FOXC2/ANGPT4/HBEGF,32
GO:0043542,endothelial cell migration,47/2098,284/18870,0.0034712560755600854,0.023047889841168442,0.01707498677292477,SPARC/ADGRA2/TGFB1/CCN3/VSTM4/DCN/SNAI2/FSTL1/FAP/APOE/GRN/CORO1B/PRCP/SPRED1/SMOC2/PLEKHG5/TMSB4X/PLXND1/NRP2/LOXL2/MEOX2/P2RX4/HDAC5/PTN/LGMN/PRKD1/PTP4A3/JUP/DPP4/FGF16/FGF18/SEMA5A/ANXA1/ANGPT2/PPARG/PIK3CG/FGF2/PTK2B/SRPX2/CCBE1/THBS1/GADD45A/GLUL/FOXC2/ANGPT4/NR4A1/SCG2,47
GO:0060828,regulation of canonical Wnt signaling pathway,44/2098,262/18870,0.003472860962807368,0.023047889841168442,0.01707498677292477,COL1A1/SFRP2/SFRP4/SRC/GLI3/ADGRA2/CTHRC1/TGFB1/TPBG/SOX4/DKK3/IGFBP4/MDK/UBE2B/SNAI2/DAB2/RECK/FRZB/PTK7/SULF2/APOE/CAPRIN2/PRICKLE1/LRRK2/FZD6/FZD1/GPC3/IGFBP6/PTPRU/WWTR1/DACT3/JUP/SEMA5A/WNK2/SFRP1/FGF2/PLEKHA4/TMEM198/FZD7/PPM1B/TBX18/LGR5/GLI1/EGR1,44
GO:0045638,negative regulation of myeloid cell differentiation,20/2098,95/18870,0.0035352817222384114,0.023408644197307246,0.01734225097376029,LRRC17/GPR137B/FBN1/LILRB4/FSTL3/C1QC/SFRP1/H4C6/PTK2B/H4C5/GPR68/INHBA/H4C8/ADIPOQ/UBASH3B/H4C9/LILRB1/TRIB1/CCL3/ERFE,20
GO:0060996,dendritic spine development,20/2098,95/18870,0.0035352817222384114,0.023408644197307246,0.01734225097376029,LPAR1/EPHB3/TANC2/SRGAP2/SRGAP2C/APOE/CAPRIN2/NEURL1/DBN1/LRRK2/NLGN2/PTPRS/PDLIM5/EPHB2/DOCK10/CAMK1/ZDHHC15/BAIAP2/TIAM1/ZNF365,20
GO:0071222,cellular response to lipopolysaccharide,39/2098,226/18870,0.003545760483165972,0.023451288298114804,0.017373843777364017,SRC/PLSCR4/SPON2/VIM/AXL/PYCARD/CD14/HAVCR2/HDAC5/MRC1/EPHB2/HADHB/BCR/LDOC1/IRF8/TRIM5/MYD88/NR1H3/LY96/PDCD1LG2/MMP9/CD86/SPI1/PTAFR/LILRB2/MMP3/ARID5A/CXCL1/CTSG/TLR9/SCIMP/CD180/LILRB1/PTPN22/TRIB1/LY86/CCR5/CXCL9/CSF3,39
GO:0006638,neutral lipid metabolic process,26/2098,135/18870,0.003607104990112655,0.023829873353338096,0.017654317818801772,LIPA/APOE/C3/PNPLA3/LPIN3/PLCE1/FAAH/TNXB/LPIN2/CIDEB/DGKA/GPAT3/GNB3/ABHD2/NR1H3/ANG/PIK3CG/PLA2G4A/PCK2/LIPE/DGAT2/CIDEC/PLIN5/PCK1/THRSP/LDLR,26
GO:0003009,skeletal muscle contraction,12/2098,46/18870,0.003635284683803187,0.023961518909018282,0.017751847186455137,MYH8/CHRNA1/SYNM/CHRND/MYH3/PRKD1/MYH14/TCAP/DMPK/KBTBD13/ATP2A1/NR4A1,12
GO:0048483,autonomic nervous system development,12/2098,46/18870,0.003635284683803187,0.023961518909018282,0.017751847186455137,FN1/SOX4/NRP2/SOX8/PLXNA3/VCAM1/TBX1/SEMA3A/PLXNA4/GFRA3/HAND2/SOX11,12
GO:0043405,regulation of MAP kinase activity,27/2098,142/18870,0.0036773446129420126,0.024211270031013907,0.017936874845559142,PDGFRB/TGFB1/MAP3K12/ADRA2A/PDGFD/APOE/NEK10/LRRK2/TENM1/CD24/PRKCD/FGF18/IL34/PPARG/PIK3CG/FGF2/MAPK8IP1/THBS1/PIK3R5/HTR2B/ADIPOQ/TNFRSF11A/UCHL1/CD300A/FZD10/PTPN22/TRIB1,27
GO:0022411,cellular component disassembly,75/2098,497/18870,0.0036876977594845375,0.024251937587006465,0.017967003329574186,MMP14/MMP2/CTSK/LIMA1/SH3PXD2B/LRP1/STMN3/TGFB1/SNX7/ADD3/MAP1B/SNAI2/CAPG/PLEKHH2/DDR2/SPTAN1/FAP/SHFL/ADAMTS15/VPS4A/SQSTM1/NAV3/BOK/C3/PRKAA2/FSCN1/MICAL1/TGFB3/FUNDC2/MID1/GSN/PRICKLE1/CAMKK2/VDAC1/MID1IP1/HMGA1/MFN2/MAP1A/CST3/STING1/SWAP70/CARMIL1/STON1/C1QA/TOMM7/OPTN/DPP4/C1QC/SEMA5A/LMOD1/PLIN2/SPTB/CTSS/C1QB/MELTF/VILL/ITGAM/PLXNC1/TPSAB1/GABARAPL1/NES/ATP2A2/ACVR1C/MMP11/PLEK/ACTN2/CIDEA/MMP9/NCKAP5/RETREG1/MMP3/MAP1LC3C/LCP1/CTSG/TRPV4,75
GO:0000302,response to reactive oxygen species,36/2098,205/18870,0.00369227527902847,0.024254573015065978,0.017968955781601997,COL1A1/MMP2/SRC/FXN/SESN3/PKD2/DDR2/FBLN5/AXL/STAT6/PDGFD/FYN/APOE/SQSTM1/LRRK2/CAMKK2/PDK2/PDGFRA/PRKCD/SOD3/ANXA1/HGF/SESN1/TACR1/SDC1/BTK/RIPK3/PTK2B/STK26/TRPM2/MMP9/SOD2/SPHK1/MAPK13/MMP3/FOS,36
GO:0048662,negative regulation of smooth muscle cell proliferation,16/2098,70/18870,0.003697326993970511,0.02426031395930707,0.017973208949577733,OGN/APOE/IGFBP3/TGFB3/EFEMP2/AIF1/VIPR2/MFN2/PRKG1/PPARG/ANG/PPARGC1A/SOD2/PTGIR/ADIPOQ/TRIB1,16
GO:0030838,positive regulation of actin filament polymerization,13/2098,52/18870,0.0037660275603434044,0.024683127694587643,0.01828644972724021,KIRREL1/PYCARD/CDC42EP5/TENM1/FCHSD1/CARMIL1/NCKAP1L/LMOD1/FMN1/PTK2B/CCL21/BAIAP2/CSF3,13
GO:0002820,negative regulation of adaptive immune response,15/2098,64/18870,0.0037774004204056116,0.024683127694587643,0.01828644972724021,TNFRSF14/SVEP1/AHR/LOXL3/IL33/SUSD4/HAVCR2/LILRB4/FCGR2B/NCKAP1L/BCL6/SPN/IL4R/IL7R/LILRB1,15
GO:0051494,negative regulation of cytoskeleton organization,30/2098,163/18870,0.0037886310457443985,0.024683127694587643,0.01828644972724021,LIMA1/CLIP3/ADD3/MAP1B/CAPG/PLEKHH2/SPTAN1/TMSB10/NAV3/CORO1B/MID1/GSN/TMSB4X/MID1IP1/PRKCD/SWAP70/CARMIL1/PHLDB2/LMOD1/KANK2/SPTB/VILL/F11R/RHPN1/CGNL1/MYOC/TACSTD2/WAS/CORO1A/FRMD7,30
GO:1903844,regulation of cellular response to transforming growth factor beta stimulus,30/2098,163/18870,0.0037886310457443985,0.024683127694587643,0.01828644972724021,ASPN/LOX/HTRA1/SLC2A10/EMILIN1/CD109/TGFB1/DKK3/IL17RD/CILP/TGFB3/SPRED1/FBN1/VASN/TNXB/SMAD6/LTBP1/PPARG/CHST11/NRROS/LTBP4/TET1/ADAMTSL2/THBS1/CIDEA/CDKN2B/TGFBR3L/HTRA4/SOX11/WFIKKN1,30
GO:0006884,cell volume homeostasis,10/2098,35/18870,0.003791518839946991,0.024683127694587643,0.01828644972724021,SLC12A7/P2RX7/SLC12A9/SLC12A4/SCT/AQP4/GNB3/SLC12A8/TRPV4/LRRC8E,10
GO:0034389,lipid droplet organization,10/2098,35/18870,0.003791518839946991,0.024683127694587643,0.01828644972724021,PTGFRN/PRKAA2/PNPLA3/CIDEB/PLIN2/FITM1/CIDEA/SQLE/CIDEC/PLIN5,10
GO:2000406,positive regulation of T cell migration,10/2098,35/18870,0.003791518839946991,0.024683127694587643,0.01828644972724021,TNFRSF14/APP/PYCARD/AIF1/CCL21/SPN/TMEM102/ITGA4/CCL5/CORO1A,10
GO:0051402,neuron apoptotic process,46/2098,278/18870,0.0038164765528102126,0.024817782018106277,0.018386208135009536,MAP3K12/APP/NRBP2/MDK/NFATC4/PCDHGC3/SYNGAP1/AXL/NTRK2/APOE/GRN/BOK/F2R/TGFB3/ST8SIA2/TNFRSF21/CLU/PLXND1/TUBA1A/FZD1/BACE1/ERBB3/LGMN/FCGR2B/G6PD/NGFR/TYRO3/CHL1/CASP8/NES/PTK2B/PPARGC1A/BTG2/NAIP/CRLF1/BID/GAPDH/NTF4/SOD2/CCND1/RETREG1/NPPC/VSTM2L/CORO1A/CCL3/EGR1,46
GO:0007567,parturition,6/2098,15/18870,0.0038558415668847323,0.024934155878507395,0.01847242349532048,MMP2/LDOC1/PTGFR/PTAFR/CYP1A1/MAFF,6
GO:0010226,response to lithium ion,6/2098,15/18870,0.0038558415668847323,0.024934155878507395,0.01847242349532048,NFATC4/ADCY7/IMPA2/CEBPA/MYOG/FABP4,6
GO:0043374,"CD8-positive, alpha-beta T cell differentiation",6/2098,15/18870,0.0038558415668847323,0.024934155878507395,0.01847242349532048,RUNX1/LILRB4/NCKAP1L/TNFSF8/RUNX3/TOX,6
GO:0070365,hepatocyte differentiation,6/2098,15/18870,0.0038558415668847323,0.024934155878507395,0.01847242349532048,FRZB/ITGA2/ANXA1/PCK2/PCK1/CYP1A1,6
GO:0099509,regulation of presynaptic cytosolic calcium ion concentration,6/2098,15/18870,0.0038558415668847323,0.024934155878507395,0.01847242349532048,CACNB2/CALB2/CNR1/P2RY1/CACNB4/ATP2B3,6
GO:2001056,positive regulation of cysteine-type endopeptidase activity,25/2098,129/18870,0.003913096887478705,0.025276255423346872,0.018725867313536055,DAP/DAPK1/NOD1/FYN/PYCARD/BOK/F2R/GSN/PERP/LAPTM5/LGMN/CIDEB/F3/NGFR/IFI16/PPARG/SYK/LGALS9/NKX3-1/CASP8/ACVR1C/BID/PRR7/CARD9/CLEC7A,25
GO:0035023,regulation of Rho protein signal transduction,18/2098,83/18870,0.003943319550748144,0.025443174034660523,0.01884952865954113,COL3A1/LPAR1/EPS8L2/APOE/ARRB1/F2R/MYO9B/BCR/KANK2/F11R/ABRA/BCL6/ARHGAP20/ARHGEF28/GPR65/MYOC/F2RL2/LPAR2,18
GO:0046777,protein autophosphorylation,35/2098,199/18870,0.004053644719024154,0.02612598766190151,0.019355389878674824,GPNMB/SRC/PDGFRB/DAPK1/RAP2B/MAP3K12/EPHB3/LTK/DDR2/NTRK2/PDGFD/MUSK/NEK10/LRRK2/CAMKK2/CSF1R/PDGFRA/MKNK2/PRKD1/MAPKAPK3/WNK2/ENPP1/MEX3B/TYRO3/RIPK3/PTK2B/MYLK2/RASSF2/STK17B/STK26/ADIPOQ/ERRFI1/MAP4K1/PRLR/MAPK15,35
GO:1901136,carbohydrate derivative catabolic process,32/2098,178/18870,0.004145692300661476,0.026661284707373934,0.01975196370968564,FBXO17/TGFB1/NT5E/MAN1C1/MAN1A1/APOBEC3C/PDE1A/IDUA/ADAMTS12/GM2A/PDE4D/CD44/FUCA2/ADA2/NT5C2/PRKCD/NEU4/CST3/APOBEC3F/FBXO27/GPD1L/RENBP/PDE7A/CHI3L1/FGF2/ENTPD7/APOBEC2/BTK/APOBEC3G/NUDT18/HYAL3/AOAH,32
GO:0043032,positive regulation of macrophage activation,9/2098,30/18870,0.0041458825711656044,0.026661284707373934,0.01975196370968564,KARS1/LRRK2/IL33/HAVCR2/CEBPA/PLA2G4A/THBS1/IL4R/CCL3,9
GO:0009187,cyclic nucleotide metabolic process,11/2098,41/18870,0.004174893274497492,0.026729443489533558,0.019802459018013405,ADCY3/ADCY7/PDE1A/ADCY2/ADCY9/PDE4D/AMPD2/PDE7A/NPPC/PTHLH/CACNB4,11
GO:0035136,forelimb morphogenesis,11/2098,41/18870,0.004174893274497492,0.026729443489533558,0.019802459018013405,CRABP2/OSR1/TWIST1/RECK/RUNX2/CACNA1C/SHOX2/FMN1/MSX1/OSR2/HOXD9,11
GO:0045923,positive regulation of fatty acid metabolic process,11/2098,41/18870,0.004174893274497492,0.026729443489533558,0.019802459018013405,TWIST1/MID1IP1/CD74/ANXA1/PPARG/ELOVL5/NR1H3/PPARGC1A/ABCD2/ADIPOQ/PLIN5,11
GO:0150077,regulation of neuroinflammatory response,11/2098,41/18870,0.004174893274497492,0.026729443489533558,0.019802459018013405,IGF1/GRN/LRRK2/CD200/IL33/MMP9/SPHK1/CD200R1/MMP3/CCL3/LDLR,11
GO:0022600,digestive system process,21/2098,103/18870,0.004237644557643357,0.027101323729333673,0.02007796580928403,LIMA1/LIPA/MDK/ADRA2A/IL10RA/EZR/PTGER3/SCT/NR1H3/F11R/AKR1C1/SNX10/VDR/HRH2/NPPC/RBP4/SLC22A5/SERPINA3/TLR9/LEP/LDLR,21
GO:0030239,myofibril assembly,16/2098,71/18870,0.004290719557837033,0.027410570376633275,0.02030707061881762,PDGFRB/MYH3/PDGFRA/PRKD1/FLNC/ACTG1/MYOZ1/LMOD1/TCAP/NRAP/ACTC1/MYLK3/MYOM2/ACTN2/MYL9/TNNT2,16
GO:0002396,MHC protein complex assembly,7/2098,20/18870,0.004347262340122415,0.02742619336736487,0.020318644882749537,HLA-DRB1/HLA-DRA/HLA-DPB1/HLA-DQA1/HLA-DPA1/HLA-DMB/HLA-DRB5,7
GO:0002501,peptide antigen assembly with MHC protein complex,7/2098,20/18870,0.004347262340122415,0.02742619336736487,0.020318644882749537,HLA-DRB1/HLA-DRA/HLA-DPB1/HLA-DQA1/HLA-DPA1/HLA-DMB/HLA-DRB5,7
GO:0006071,glycerol metabolic process,7/2098,20/18870,0.004347262340122415,0.02742619336736487,0.020318644882749537,PGP/GOT1/PLA2G4A/PCK2/DGAT2/LEP/PCK1,7
GO:0032332,positive regulation of chondrocyte differentiation,7/2098,20/18870,0.004347262340122415,0.02742619336736487,0.020318644882749537,GLI3/RUNX2/LOXL2/FGF18/SOX5/PKDCC/GDF6,7
GO:0043586,tongue development,7/2098,20/18870,0.004347262340122415,0.02742619336736487,0.020318644882749537,GLI3/NTF4/TBX1/KCNE2/HAND2/CYP26B1/LEF1,7
GO:0051900,regulation of mitochondrial depolarization,7/2098,20/18870,0.004347262340122415,0.02742619336736487,0.020318644882749537,SRC/DCN/P2RX7/BOK/LRRK2/MLLT11/MYOC,7
GO:1904862,inhibitory synapse assembly,7/2098,20/18870,0.004347262340122415,0.02742619336736487,0.020318644882749537,SRGAP2/SRGAP2C/PLXNB1/NLGN2/CLSTN2/LGI2/CBLN4,7
GO:0046641,positive regulation of alpha-beta T cell proliferation,8/2098,25/18870,0.0043747927950083445,0.02742619336736487,0.020318644882749537,CD81/TGFBR2/PRKCQ/SYK/LGALS9/RASAL3/CD28/PTPN22,8
GO:0086013,membrane repolarization during cardiac muscle cell action potential,8/2098,25/18870,0.0043747927950083445,0.02742619336736487,0.020318644882749537,KCNJ5/ATP1B1/KCNE4/FLNA/KCND3/SCN2B/KCNE2/KCNIP2,8
GO:1903306,negative regulation of regulated secretory pathway,8/2098,25/18870,0.0043747927950083445,0.02742619336736487,0.020318644882749537,ADRA2A/CD84/FCGR2B/NCKAP1L/BCR/LGALS9/SPI1/CD300A,8
GO:0033632,regulation of cell-cell adhesion mediated by integrin,5/2098,11/18870,0.0043866229321077735,0.02742619336736487,0.020318644882749537,PIEZO1/SWAP70/DPP4/FERMT3/CCL5,5
GO:0035581,sequestering of extracellular ligand from receptor,5/2098,11/18870,0.0043866229321077735,0.02742619336736487,0.020318644882749537,NBL1/FBN1/LTBP1/NRROS/GREM2,5
GO:0046643,regulation of gamma-delta T cell activation,5/2098,11/18870,0.0043866229321077735,0.02742619336736487,0.020318644882749537,SOX4/NCKAP1L/SYK/LILRB1/LEF1,5
GO:0071476,cellular hypotonic response,5/2098,11/18870,0.0043866229321077735,0.02742619336736487,0.020318644882749537,FBP1/MYLK/SLC4A11/TRPV4/PCK1,5
GO:0090179,planar cell polarity pathway involved in neural tube closure,5/2098,11/18870,0.0043866229321077735,0.02742619336736487,0.020318644882749537,SFRP2/PTK7/FZD1/SFRP1/FZD2,5
GO:0098885,modification of postsynaptic actin cytoskeleton,5/2098,11/18870,0.0043866229321077735,0.02742619336736487,0.020318644882749537,WASF1/SPTB/CTTNBP2/BAIAP2/TIAM1,5
GO:1901731,positive regulation of platelet aggregation,5/2098,11/18870,0.0043866229321077735,0.02742619336736487,0.020318644882749537,EMILIN1/EMILIN2/MMRN1/F11R/CTSG,5
GO:2001204,regulation of osteoclast development,5/2098,11/18870,0.0043866229321077735,0.02742619336736487,0.020318644882749537,NOTCH2/FBN1/TYROBP/GPR68/LILRB1,5
GO:0003044,regulation of systemic arterial blood pressure mediated by a chemical signal,12/2098,47/18870,0.004397070092133062,0.02742619336736487,0.020318644882749537,CTSZ/F2R/PCSK5/PDE4D/HSD11B2/TACR1/SUCNR1/CPA3/RASL10B/SOD2/CTSG/ADRB1,12
GO:0010830,regulation of myotube differentiation,12/2098,47/18870,0.004397070092133062,0.02742619336736487,0.020318644882749537,TMEM119/MMP14/CCN3/PIEZO1/NIBAN2/RPL3L/HDAC5/SHOX2/MYOG/DMPK/TBX1/CYP26B1,12
GO:0046636,negative regulation of alpha-beta T cell activation,12/2098,47/18870,0.004397070092133062,0.02742619336736487,0.020318644882749537,GLI3/TNFRSF14/LOXL3/TWSG1/RUNX1/ANXA1/LGALS9/BCL6/IL4R/RUNX3/CD300A/LILRB1,12
GO:0072538,T-helper 17 type immune response,12/2098,47/18870,0.004397070092133062,0.02742619336736487,0.020318644882749537,LOXL3/RORC/PRKCQ/EPHB2/ENTPD7/IL17RA/IRF4/ARID5A/NFKBID/CARD9/SLAMF6/CLEC7A,12
GO:0010812,negative regulation of cell-substrate adhesion,15/2098,65/18870,0.0044163609106626185,0.02751696116761569,0.020385890040521937,COL1A1/MMP14/SRC/POSTN/FBLN1/PHLDB2/ANGPT2/MELTF/EFNA5/FZD7/BCL6/THBS1/FAM107A/MYOC/TACSTD2,15
GO:0072175,epithelial tube formation,26/2098,137/18870,0.004426157972326822,0.027548445171813353,0.020409214907090568,SFRP2/CTHRC1/PLXNB2/TGFB1/OSR1/TWIST1/PTK7/IFT52/LUZP1/PRICKLE1/FZD6/RARG/FZD1/COBL/CC2D2A/SOX8/GDF7/TCAP/SFRP1/FGF2/CELSR1/FZD2/ST14/MTHFD1L/SDC4/IRX1,26
GO:0002823,negative regulation of adaptive immune response based on somatic recombination of immune receptors built from immunoglobulin superfamily domains,14/2098,59/18870,0.004490169517131751,0.02780976901670411,0.02060281619665371,SVEP1/AHR/LOXL3/IL33/SUSD4/HAVCR2/LILRB4/FCGR2B/NCKAP1L/BCL6/SPN/IL4R/IL7R/LILRB1,14
GO:0050881,musculoskeletal movement,14/2098,59/18870,0.004490169517131751,0.02780976901670411,0.02060281619665371,MYH8/CHRNA1/SYNM/CHRND/MYH3/MAP1A/COMP/PRKD1/MYH14/TCAP/DMPK/KBTBD13/ATP2A1/NR4A1,14
GO:0045778,positive regulation of ossification,13/2098,53/18870,0.004492089433040891,0.02780976901670411,0.02060281619665371,TMEM119/OSR1/TENT5A/P2RX7/PTN/ADGRV1/SLC20A2/TACR1/OSR2/VDR/PKDCC/ALOX5/SOX11,13
GO:0060390,regulation of SMAD protein signal transduction,13/2098,53/18870,0.004492089433040891,0.02780976901670411,0.02060281619665371,LRP1/TGFB1/CCN3/CILP/DAB2/TGFBR2/TGFB3/WWTR1/GDF7/SMAD6/PPARG/INHBA/GDF6,13
GO:0086002,cardiac muscle cell action potential involved in contraction,13/2098,53/18870,0.004492089433040891,0.02780976901670411,0.02060281619665371,KCNJ5/SNTA1/CACNA1C/SCN5A/JUP/GPD1L/CACNB2/KCNE4/FLNA/KCND3/SCN2B/KCNE2/DSP,13
GO:0048678,response to axon injury,18/2098,84/18870,0.004508771124649472,0.027824053050838984,0.020613398497055086,MMP2/MAP1B/AXL/PTPRF/SPP1/GRN/P2RX4/PTN/LAMB2/PTPRS/TYROBP/RTN4RL2/FGF2/FLNA/SOD2/FLRT3/TNC/NPPC,18
GO:0050871,positive regulation of B cell activation,18/2098,84/18870,0.004508771124649472,0.027824053050838984,0.020613398497055086,MMP14/TGFB1/CD81/STAT6/SLC39A10/CD74/EPHB2/NCKAP1L/SYK/SASH3/BTK/BCL6/SPI1/GPR183/IL2RG/CD28/PRLR/TLR9,18
GO:0060395,SMAD protein signal transduction,18/2098,84/18870,0.004508771124649472,0.027824053050838984,0.020613398497055086,LRP1/TGFB1/CCN3/VIM/CILP/DAB2/TGFBR2/TGFB3/RUNX2/WWTR1/GDF7/SMAD6/PPARG/GDF11/SMAD9/INHBA/FOS/GDF6,18
GO:0046883,regulation of hormone secretion,42/2098,251/18870,0.004514170440122824,0.02782780015476989,0.020616174532106363,CCN3/SOX4/C1QTNF3/DAB2/ADRA2A/PFKL/SPP1/TCIRG1/GABBR1/HLA-DRB1/NLGN2/KCNJ11/NNAT/HADH/PRKD1/SCT/ANXA1/TACR1/PPARG/SFRP1/NKX3-1/C1QTNF1/EFNA5/GPR68/SLC25A22/ACVR1C/PCK2/RASL10B/INHBA/TIAM1/CNR1/BMP8A/P2RY1/ADIPOQ/RBP4/ALOX5/MIDN/F2RL2/SOX11/CCL5/ADCYAP1/LEP,42
GO:0051153,regulation of striated muscle cell differentiation,20/2098,97/18870,0.004534881487566552,0.027925829054399758,0.020688799061990847,TMEM119/MMP14/TGFB1/CCN3/IGF1/PIEZO1/PI16/NIBAN2/RPL3L/HDAC5/PRKD1/G6PD/SHOX2/MYOG/DMPK/FZD7/MSX1/MYLK3/TBX1/CYP26B1,20
GO:0051091,positive regulation of DNA-binding transcription factor activity,41/2098,244/18870,0.004617770262847257,0.028406135504612313,0.021044633211704664,CAMK1D/TGFB1/APP/NOD1/DDR2/TRAF5/PYCARD/CLU/EDA2R/RAB7B/CD200/FZD1/TRIM22/TRIM14/HDAC5/STING1/PRKCQ/PRKD1/JUP/PPARG/TRAF1/TRIM5/ROR1/MYD88/LGALS9/ABRA/BTK/RIPK3/PPARGC1A/IKBKE/FZD2/SPHK1/LPAR5/HCLS1/TRIM6/TNFRSF11A/TLR9/CARD9/CSF3/CLEC7A/CD40LG,41
GO:0045589,regulation of regulatory T cell differentiation,10/2098,36/18870,0.004735759546601948,0.029070354848961425,0.02153671889057768,MDK/HLA-DRB1/LILRB4/HLA-DRA/LGALS9/BCL6/SOX12/IL2RG/LILRB2/CD28,10
GO:0045920,negative regulation of exocytosis,10/2098,36/18870,0.004735759546601948,0.029070354848961425,0.02153671889057768,ADRA2A/CD84/FCGR2B/NCKAP1L/BCR/ANXA1/LGALS9/SPI1/CD300A/IL1RAPL1,10
GO:0060191,regulation of lipase activity,17/2098,78/18870,0.004744854294199518,0.02909542649040824,0.021555293170003258,LRP1/LPAR1/PDGFRB/PLA2R1/PDGFRA/PLCB2/ANXA1/NR1H3/ANG/GNA15/FGF2/NMUR1/CD86/HTR2B/CCL5/PLIN5/LPAR2,17
GO:0001841,neural tube formation,21/2098,104/18870,0.004766495094513843,0.029197296428103252,0.021630763325869506,SFRP2/CTHRC1/PLXNB2/TGFB1/TWIST1/PTK7/IFT52/LUZP1/PRICKLE1/FZD6/RARG/FZD1/COBL/CC2D2A/GDF7/SFRP1/CELSR1/FZD2/ST14/MTHFD1L/SDC4,21
GO:0070098,chemokine-mediated signaling pathway,19/2098,91/18870,0.004837133280287864,0.029567613640664868,0.02190511215128698,SLIT3/CMKLR1/ACKR1/CCL22/CCL18/CCL14/CCR1/PTK2B/CCL21/ACKR2/CXCR4/ACKR4/CCL16/CXCL1/CCL3L3/CCL5/CCR5/CCL3/CXCL9,19
GO:0106027,neuron projection organization,19/2098,91/18870,0.004837133280287864,0.029567613640664868,0.02190511215128698,APP/EPHB3/TANC2/FYN/APOE/CAPRIN2/DBN1/LRRK2/MAP1A/LGMN/PDLIM5/EPHB2/FCGR2B/DOCK10/ZDHHC15/BAIAP2/TIAM1/ABCD2/ZNF365,19
GO:0045834,positive regulation of lipid metabolic process,27/2098,145/18870,0.004941889805080658,0.03017618727455666,0.0223559728079746,PDGFRB/TGFB1/TWIST1/DAB2/APOE/MID1IP1/CCDC3/PDGFRA/PRKCD/CD74/PRKD1/SCT/ANXA1/PPARG/ELOVL5/NR1H3/FGF2/HSD17B13/CCL21/PPARGC1A/HTR2B/ABCD2/ADIPOQ/FABP3/PLIN5/PCK1/LDLR,27
GO:0031341,regulation of cell killing,22/2098,111/18870,0.004958735898882172,0.030189916158356308,0.022366143826271785,TGFB1/P2RX7/CFH/MR1/HLA-DRB1/HAVCR2/FCGR2B/NCKAP1L/HLA-DRA/TYROBP/SYK/LGALS9/ITGAM/RIPK3/SPI1/IL7R/LILRB1/FCER2/SH2D1A/LEP/SLAMF6/CLEC7A,22
GO:0071347,cellular response to interleukin-1,22/2098,111/18870,0.004958735898882172,0.030189916158356308,0.022366143826271785,MMP2/ADAMTS7/PYCARD/ADAMTS12/CCL22/PTGIS/CCL18/CCL14/SFRP1/MYD88/NKX3-1/CCL21/MYLK3/AKAP12/HYAL3/MAPK13/CCL16/CCL3L3/CCL5/CCL3/EGR1/PCK1,22
GO:0006801,superoxide metabolic process,16/2098,72/18870,0.004959734805419652,0.030189916158356308,0.022366143826271785,SH3PXD2B/TGFB1/FBLN5/ACP5/ITGB2/PRKCD/SOD3/CYBB/TYROBP/SYK/ITGAM/NOX4/SOD2/NCF4/DUOX1/CLEC7A,16
GO:0032733,positive regulation of interleukin-10 production,11/2098,42/18870,0.0050987259950343086,0.03097102704305882,0.02294482838769568,PYCARD/HGF/SYK/LGALS9/SASH3/IRF4/RBM47/CD28/TLR9/CLEC7A/CD40LG,11
GO:0045124,regulation of bone resorption,11/2098,42/18870,0.0050987259950343086,0.03097102704305882,0.02294482838769568,TMEM119/SRC/P2RX7/SPP1/GPR137B/LTBP3/CSF1R/SYK/PDK4/UBASH3B/TNFRSF11A,11
GO:0060993,kidney morphogenesis,20/2098,98/18870,0.005116135202956779,0.031044302114493223,0.02299911408951697,GLI3/SOX4/DCHS1/PKD2/OSR1/ADAMTS16/BASP1/LRRK2/GPC3/WWTR1/SOX8/FMN1/MAGED1/FGF2/TMEM59L/HS3ST3A1/GCNT1/TACSTD2/KIF26B/IRX1,20
GO:0001935,endothelial cell proliferation,35/2098,202/18870,0.005172300878502578,0.03135234989714454,0.023227330722382197,MMP14/SPARC/COL8A1/ECM1/COL8A2/LIPA/VSTM4/MDK/HSPG2/SULF1/IGF2/THBS4/APOE/FGF7/CD34/NRP2/LOXL2/PLXNB3/PRKD1/VEGFD/F3/SEMA5A/NGFR/PPARG/VASH2/ANG/TNMD/FGF2/THBS1/ITGA4/HTR2B/ALOX5/LEP/NR4A1/SCG2,35
GO:0001838,embryonic epithelial tube formation,24/2098,125/18870,0.00523733953058296,0.03168044859801589,0.02347040204111026,SFRP2/CTHRC1/PLXNB2/TGFB1/OSR1/TWIST1/PTK7/IFT52/LUZP1/PRICKLE1/FZD6/RARG/FZD1/COBL/CC2D2A/SOX8/GDF7/SFRP1/CELSR1/FZD2/ST14/MTHFD1L/SDC4/IRX1,24
GO:0001952,regulation of cell-matrix adhesion,24/2098,125/18870,0.00523733953058296,0.03168044859801589,0.02347040204111026,MMP14/SRC/POSTN/THY1/COL16A1/PLEKHA2/S100A10/EPHA3/EFEMP2/JUP/ACTG1/PHLDB2/FMN1/SFRP1/EFNA5/BCL6/PTK2B/CCL21/THBS1/FAM107A/MYOC/SDC4/PLAU/CAMSAP3,24
GO:0007566,embryo implantation,14/2098,60/18870,0.005270209230341205,0.03177714885111247,0.023542042245655728,MMP2/FBLN1/TRO/HSPG2/RECK/SPP1/SYDE1/TIMP1/PCSK5/IGFBP7/ITGB4/ACVR1C/MMP9/PRLR,14
GO:0060193,positive regulation of lipase activity,14/2098,60/18870,0.005270209230341205,0.03177714885111247,0.023542042245655728,LPAR1/PDGFRB/PDGFRA/PLCB2/NR1H3/ANG/GNA15/FGF2/NMUR1/CD86/HTR2B/CCL5/PLIN5/LPAR2,14
GO:0090322,regulation of superoxide metabolic process,9/2098,31/18870,0.0052752146534307594,0.03177714885111247,0.023542042245655728,TGFB1/FBLN5/ACP5/ITGB2/PRKCD/TYROBP/SYK/ITGAM/CLEC7A,9
GO:1902547,regulation of cellular response to vascular endothelial growth factor stimulus,9/2098,31/18870,0.0052752146534307594,0.03177714885111247,0.023542042245655728,EMILIN1/ADGRA2/DCN/ADAMTS12/SMOC2/TNXB/PTP4A3/CCBE1/ADAMTS3,9
GO:0002861,regulation of inflammatory response to antigenic stimulus,12/2098,48/18870,0.005281405024903302,0.03178147044519531,0.023545243890678805,SRC/CD81/KARS1/FYN/C3/HLA-DRB1/FCGR2B/SYK/BTK/SPN/CNR1/CD28,12
GO:0086009,membrane repolarization,13/2098,54/18870,0.005326660098203071,0.032020616138990925,0.02372241453781841,KCNJ5/SNTA1/SCN5A/CACNB3/ATP1B1/KCNA1/KCNE4/KCND2/FLNA/KCND3/SCN2B/KCNE2/KCNIP2,13
GO:0035296,regulation of tube diameter,27/2098,146/18870,0.005436822173422448,0.03261531648870264,0.02416299719745275,UTS2R/MMP2/VSTM4/ADD3/BDKRB2/ADRA2A/APOE/F2R/FAAH/COMP/SNTA1/SOD3/HRH1/TACR1/PRKG1/HTR7/P2RY2/CYSLTR1/SOD2/SMTNL1/HRH2/HTR2B/P2RY1/NPPC/FOXC2/ADRB1/LEP,27
GO:0097746,blood vessel diameter maintenance,27/2098,146/18870,0.005436822173422448,0.03261531648870264,0.02416299719745275,UTS2R/MMP2/VSTM4/ADD3/BDKRB2/ADRA2A/APOE/F2R/FAAH/COMP/SNTA1/SOD3/HRH1/TACR1/PRKG1/HTR7/P2RY2/CYSLTR1/SOD2/SMTNL1/HRH2/HTR2B/P2RY1/NPPC/FOXC2/ADRB1/LEP,27
GO:1901653,cellular response to peptide,58/2098,374/18870,0.005553113153086302,0.033278563550022865,0.024654362562233134,SRC/LRP1/SESN3/RAB31/APP/VIM/MAP1B/IGF1/NOD1/DDR2/STAT6/SH2B2/FYN/GPR173/IGF2/RARRES2/TBC1D4/FBP1/PNPLA3/LPIN3/FBN1/PIP4K2A/BACE1/PDK2/LPIN2/HDAC5/PRKCD/LGMN/PRKCQ/EPHB2/PRKD1/FCGR2B/NGFR/ENPP1/LDOC1/PPARG/SLC2A4/GOT1/VCAM1/PTPRE/PCK2/INHBA/ACTN2/PDK4/BAIAP2/PDE3B/ITGA4/GPT2/GJB2/TRARG1/ADIPOQ/FOXC2/FOS/PTPN22/LEP/PCK1/NR4A1/ERFE,58
GO:0030852,regulation of granulocyte differentiation,6/2098,16/18870,0.00559514641375003,0.033358331852819736,0.02471345876255957,RUNX1/C1QC/HCLS1/ADIPOQ/TRIB1/LEF1,6
GO:0034112,positive regulation of homotypic cell-cell adhesion,6/2098,16/18870,0.00559514641375003,0.033358331852819736,0.02471345876255957,EMILIN1/EMILIN2/MMRN1/F11R/CTSG/CCL5,6
GO:0045579,positive regulation of B cell differentiation,6/2098,16/18870,0.00559514641375003,0.033358331852819736,0.02471345876255957,MMP14/NCKAP1L/SYK/BTK/SPI1/IL2RG,6
GO:0050665,hydrogen peroxide biosynthetic process,6/2098,16/18870,0.00559514641375003,0.033358331852819736,0.02471345876255957,FYN/MAOB/CYBB/SOD2/DUOX1/CYP1A1,6
GO:0090136,epithelial cell-cell adhesion,6/2098,16/18870,0.00559514641375003,0.033358331852819736,0.02471345876255957,CCN3/ITGB5/THBS4/JUP/DSP/CAMSAP3,6
GO:0006929,substrate-dependent cell migration,8/2098,26/18870,0.00571290653890518,0.03381737846220426,0.025053542598321234,FN1/SNAI2/ITGA11/SHTN1/ITGA2/NTN1/STON1/CSPG4,8
GO:0022038,corpus callosum development,8/2098,26/18870,0.00571290653890518,0.03381737846220426,0.025053542598321234,LPAR1/EPHB3/TSKU/PTPRS/EPHB2/PRDM8/KCNA1/KCNA3,8
GO:0060391,positive regulation of SMAD protein signal transduction,8/2098,26/18870,0.00571290653890518,0.03381737846220426,0.025053542598321234,TGFB1/DAB2/TGFBR2/TGFB3/GDF7/PPARG/INHBA/GDF6,8
GO:0060740,prostate gland epithelium morphogenesis,8/2098,26/18870,0.00571290653890518,0.03381737846220426,0.025053542598321234,MMP2/CYP7B1/ID4/SULF1/RARG/SFRP1/NKX3-1/TNC,8
GO:0062009,secondary palate development,8/2098,26/18870,0.00571290653890518,0.03381737846220426,0.025053542598321234,TGFBR2/TGFB3/FZD1/ITGB8/FZD2/TBX1/SOX11/LEF1,8
GO:1904996,positive regulation of leukocyte adhesion to vascular endothelial cell,8/2098,26/18870,0.00571290653890518,0.03381737846220426,0.025053542598321234,MDK/ST3GAL4/ITGB2/SELP/GCNT1/ITGA4/PTAFR/ALOX5,8
GO:2000050,regulation of non-canonical Wnt signaling pathway,8/2098,26/18870,0.00571290653890518,0.03381737846220426,0.025053542598321234,SFRP2/SFRP4/DAB2/GPC3/SFRP1/PLEKHA4/LBX2/TIAM1,8
GO:0006942,regulation of striated muscle contraction,20/2098,99/18870,0.005757366321093273,0.0339766526692974,0.025171540601527823,MYBPH/PDE4D/P2RX4/CACNA1C/SCN5A/PRKD1/JUP/TMEM38A/DMPK/KBTBD13/CLIC2/ATP1B1/PIK3CG/EHD3/PLN/ATP2A2/ATP2A1/TRPV4/DSP/NR4A1,20
GO:1990868,response to chemokine,20/2098,99/18870,0.005757366321093273,0.0339766526692974,0.025171540601527823,LOX/SLIT3/CMKLR1/ACKR1/CCL22/CCL18/CCL14/CCR1/PTK2B/CCL21/ACKR2/CXCR4/ACKR4/CCL16/CXCL1/CCL3L3/CCL5/CCR5/CCL3/CXCL9,20
GO:1990869,cellular response to chemokine,20/2098,99/18870,0.005757366321093273,0.0339766526692974,0.025171540601527823,LOX/SLIT3/CMKLR1/ACKR1/CCL22/CCL18/CCL14/CCR1/PTK2B/CCL21/ACKR2/CXCR4/ACKR4/CCL16/CXCL1/CCL3L3/CCL5/CCR5/CCL3/CXCL9,20
GO:0030308,negative regulation of cell growth,33/2098,189/18870,0.005764979269194751,0.03398704021950651,0.02517923619898365,SFRP2/SLIT3/TGFB1/CCN3/DAB2/FRZB/SH3BP4/CAPRIN2/FBP1/SPP1/BDKRB1/RERG/SEMA3B/PI16/NTN1/PTPRS/DACT3/PPP2CA/PLXNA3/ARHGAP4/G6PD/SEMA5A/ENPP1/SEMA3D/SFRP1/MSX1/IFRD1/BCL6/MEG3/INHBA/OSGIN1/SEMA3A/SERPINE2,33
GO:0007389,pattern specification process,71/2098,475/18870,0.005817963132586946,0.03425534940336688,0.02537801256406704,SFRP2/NBL1/NOTCH2/GLI3/CDON/BMP1/CHRDL1/DCHS1/PKD2/OSR1/SYNGAP1/TGFBR2/C3/MEIS3/MID1/IFT52/TTC8/PCSK5/PRICKLE1/BASP1/RARG/DMRT3/GPC3/FST/NRP2/COBL/LEFTY2/CHRD/MEOX2/DYNC2H1/CC2D2A/LBX1/C1QA/HOXD3/TLL1/SMAD6/CELSR2/HOXC4/ASB2/GLI2/TCAP/SFRP1/GREM2/ITGAM/LFNG/NKX3-1/FGF2/HOXB5/GDF11/GPR161/MSX1/HOXD4/BTG2/HOXB6/MDFI/CCDC40/GSC/TBX18/SATB2/NTF4/DNAH11/TBX1/HOXD9/HHIP/FOXC2/HAND2/IRX1/GLI1/CYP26B1/HES6/LEF1,71
GO:0050679,positive regulation of epithelial cell proliferation,37/2098,218/18870,0.005830121421112893,0.03425534940336688,0.02537801256406704,NOTCH2/ECM1/OSR1/CYP7B1/MDK/TWIST1/IGF1/HSPG2/IGF2/THBS4/GRN/FGF7/RUNX2/NRP2/LAMB1/PTN/PLXNB3/SCN5A/PRKD1/VEGFD/F3/SEMA5A/TACR1/VASH2/SFRP1/ANG/FGF2/FZD7/BTK/OSR2/CCND1/ITGA4/TBX1/HTR2B/SOX11/NR4A1/SCG2,37
GO:0048736,appendage development,32/2098,182/18870,0.005834286582736097,0.03425534940336688,0.02537801256406704,SFRP2/COL3A1/CRABP2/NOTCH2/GLI3/OSR1/TWIST1/RECK/IFT52/PCSK5/RUNX2/PRICKLE1/FZD6/RARG/AFF3/MYH3/GPC3/COMP/MEOX2/DYNC2H1/CACNA1C/SHOX2/ITGB4/FMN1/CHST11/MSX1/OSR2/PKDCC/HOXD9/HAND2/CYP26B1/LEF1,32
GO:0060173,limb development,32/2098,182/18870,0.005834286582736097,0.03425534940336688,0.02537801256406704,SFRP2/COL3A1/CRABP2/NOTCH2/GLI3/OSR1/TWIST1/RECK/IFT52/PCSK5/RUNX2/PRICKLE1/FZD6/RARG/AFF3/MYH3/GPC3/COMP/MEOX2/DYNC2H1/CACNA1C/SHOX2/ITGB4/FMN1/CHST11/MSX1/OSR2/PKDCC/HOXD9/HAND2/CYP26B1/LEF1,32
GO:0008589,regulation of smoothened signaling pathway,18/2098,86/18870,0.005839985519086139,0.03425534940336688,0.02537801256406704,EVC/GLI3/GAS1/GLIS2/RAB34/RUNX2/KIF7/GPC3/PTCH2/DYNC2H1/SHOX2/ENPP1/SFRP1/GPR161/SERPINE2/HHIP/ARMC9/GLI1,18
GO:0060323,head morphogenesis,10/2098,37/18870,0.0058551715938670755,0.034309769369915345,0.025418329496133346,COL1A1/MMP2/TGFB3/PRICKLE1/MYH3/PDGFRA/CRISPLD1/MSX1/TBX1/LEF1,10
GO:0002888,positive regulation of myeloid leukocyte mediated immunity,7/2098,21/18870,0.005903681440753233,0.03452434856641896,0.02557730009896482,C3/ITGB2/TYROBP/ITGAM/BTK/SPI1/PTAFR,7
GO:2001185,"regulation of CD8-positive, alpha-beta T cell activation",7/2098,21/18870,0.005903681440753233,0.03452434856641896,0.02557730009896482,RUNX1/LILRB4/NCKAP1L/MAPK8IP1/RUNX3/LILRB1/PTPN22,7
GO:0010977,negative regulation of neuron projection development,26/2098,140/18870,0.005942804785166996,0.03463170843701297,0.025656837461515966,THY1/LPAR1/VIM/SYNGAP1/DAB2/APOE/SPP1/LRRK2/TSKU/SEMA3B/NTN1/NEU4/PTPRS/EPHB2/PLXNA3/ARHGAP4/SEMA5A/NR2F1/SEMA3D/RTN4RL2/IFRD1/FLNA/STX1B/SEMA3A/ZNF365/TRPV4,26
GO:0051701,biological process involved in interaction with host,36/2098,211/18870,0.005945000630299924,0.03463170843701297,0.025656837461515966,SRC/LRRC15/TNFRSF14/CD81/AXL/ITGB5/VPS4A/CD4/KPNA3/GSN/SLC7A1/TRIM22/HLA-DRB1/FUCA2/ANPEP/ITGA2/SIGLEC1/CD74/MRC1/DPP4/SLC20A2/WWP1/TRIM5/TYRO3/CXADR/LGALS9/F11R/CD209/SLC1A5/NCAM1/CD86/CXCR4/SELPLG/TRIM6/CCR5/LDLR,36
GO:0001655,urogenital system development,15/2098,67/18870,0.0059578227533280455,0.03463170843701297,0.025656837461515966,MMP2/OSR1/CYP7B1/EPHB3/ID4/SULF1/RARG/EPHB2/ANXA1/SFRP1/NKX3-1/OSR2/TNC/PRLR/GLI1,15
GO:0015909,long-chain fatty acid transport,15/2098,67/18870,0.0059578227533280455,0.03463170843701297,0.025656837461515966,BDKRB2/APOE/SLC27A3/PLA2R1/ANXA1/PLIN2/PPARG/SYK/PLA2G4A/THBS1/CPT1B/FABP4/PLA2G4F/ABCD2/FABP3,15
GO:0051057,positive regulation of small GTPase mediated signal transduction,15/2098,67/18870,0.0059578227533280455,0.03463170843701297,0.025656837461515966,COL3A1/SRC/NOTCH2/CDON/LPAR1/IGF1/ARRB1/F2R/F11R/PIK3CG/ABRA/GPR65/F2RL2/FRMD7/LPAR2,15
GO:0071300,cellular response to retinoic acid,15/2098,67/18870,0.0059578227533280455,0.03463170843701297,0.025656837461515966,COL1A1/OSR1/LTK/PTK7/EPHA3/RARG/FZD7/PTK2B/TBX1/TNC/HAND2/FZD10/LEP/CYP26B1/PCK1,15
GO:0035150,regulation of tube size,27/2098,147/18870,0.005972386099657644,0.03468164608071194,0.0256938336729482,UTS2R/MMP2/VSTM4/ADD3/BDKRB2/ADRA2A/APOE/F2R/FAAH/COMP/SNTA1/SOD3/HRH1/TACR1/PRKG1/HTR7/P2RY2/CYSLTR1/SOD2/SMTNL1/HRH2/HTR2B/P2RY1/NPPC/FOXC2/ADRB1/LEP,27
GO:0034614,cellular response to reactive oxygen species,28/2098,154/18870,0.005979571049810487,0.03468868040584365,0.025699045039776502,MMP2/SRC/FXN/PKD2/DDR2/FBLN5/AXL/STAT6/PDGFD/FYN/SQSTM1/LRRK2/CAMKK2/PDK2/PDGFRA/PRKCD/SOD3/ANXA1/HGF/BTK/RIPK3/TRPM2/MMP9/SOD2/SPHK1/MAPK13/MMP3/FOS,28
GO:0032526,response to retinoic acid,21/2098,106/18870,0.005988486657586312,0.03470573055948475,0.02571167661472346,COL1A1/MMP2/OSR1/LTK/PTK7/EPHA3/RARG/IGFBP7/FZD7/PTK2B/RXRG/GATA6/TBX1/TNC/GJB2/RBP4/HAND2/FZD10/LEP/CYP26B1/PCK1,21
GO:0050994,regulation of lipid catabolic process,14/2098,61/18870,0.006155678316034093,0.0356391066612263,0.026403166581971286,TWIST1/ADRA2A/RARRES2/PRKCD/SCT/PIK3CG/CIDEA/PDE3B/CNR1/HCAR1/ABCD2/CIDEC/PLIN5/LDLR,14
GO:0007200,phospholipase C-activating G protein-coupled receptor signaling pathway,22/2098,113/18870,0.0061733249983669455,0.03568198798472199,0.026434935131566945,LPAR1/CMKLR1/ADRA2A/F2R/PLCE1/PTGER3/FPR3/HRH1/PLCB2/TACR1/C3AR1/GPR157/P2RY2/GNA15/ACTN2/NMUR1/GPR65/PTAFR/HTR2B/P2RY1/OPRL1/F2RL2,22
GO:1904646,cellular response to amyloid-beta,11/2098,43/18870,0.006176852837584785,0.03568198798472199,0.026434935131566945,LRP1/APP/IGF1/FYN/BACE1/LGMN/EPHB2/FCGR2B/NGFR/VCAM1/ITGA4,11
GO:2000106,regulation of leukocyte apoptotic process,19/2098,93/18870,0.006181518841506857,0.03568198798472199,0.026434935131566945,LGALS3/AXL/P2RX7/SLC39A10/CD74/PRKCQ/ANXA1/MERTK/LGALS9/BTK/BCL6/RIPK3/CCL21/HCLS1/IL7R/CCL5/LILRB1/MIAT/CCR5,19
GO:0048844,artery morphogenesis,17/2098,80/18870,0.0062021746708650315,0.035765668633280276,0.026496929786050682,FKBP10/COL3A1/LRP1/PDGFRB/SOX4/PKD2/MDK/TGFBR2/APOE/EFEMP2/MYLK/COMP/TBX1/PRDM1/FOXC2/HAND2/LDLR,17
GO:0002686,negative regulation of leukocyte migration,13/2098,55/18870,0.00628077829692041,0.03618301544664367,0.026806120404671802,NBL1/EMILIN1/CCN3/CD200/CNN2/IL33/SLAMF8/BCR/DPP4/MMP28/CCL21/CD200R1/CD300A,13
GO:0010518,positive regulation of phospholipase activity,12/2098,49/18870,0.006301503720323595,0.036230526835563485,0.026841319129716032,LPAR1/PDGFRB/PDGFRA/PLCB2/ANG/GNA15/FGF2/NMUR1/CD86/HTR2B/CCL5/LPAR2,12
GO:0072337,modified amino acid transport,12/2098,49/18870,0.006301503720323595,0.036230526835563485,0.026841319129716032,SLC7A2/SLC7A1/SLC6A8/SLC47A1/FOLR2/SLC19A2/SLC38A2/SLC38A4/SLC22A15/SLC7A7/SLC22A5/SLC6A20,12
GO:0046879,hormone secretion,49/2098,308/18870,0.006313057445124705,0.036243690682251875,0.026851071541309203,CCN3/SOX4/C1QTNF3/DAB2/ADRA2A/SLC16A2/PFKL/SPP1/TCIRG1/GABBR1/HLA-DRB1/CPE/NLGN2/NIBAN2/KCNJ11/NNAT/HADH/PRKD1/SCT/ANXA1/TACR1/PPARG/SFRP1/NKX3-1/C1QTNF1/LTBP4/EFNA5/BTK/GPR68/SLC25A22/ACVR1C/PCK2/RASL10B/INHBA/TIAM1/CNR1/BMP8A/P2RY1/ADIPOQ/RBP4/TRPV4/ALOX5/MIDN/F2RL2/SOX11/PCLO/CCL5/ADCYAP1/LEP,49
GO:0072009,nephron epithelium development,23/2098,120/18870,0.006316276041060599,0.036243690682251875,0.026851071541309203,NOTCH2/GLI3/DCHS1/PKD2/OSR1/CD34/ADAMTS16/BASP1/CD24/GPC3/WWTR1/LAMB2/SOX8/FMN1/MAGED1/FGF2/TMEM59L/HS3ST3A1/TACSTD2/ADIPOQ/KIF26B/FOXC2/IRX1,23
GO:0050678,regulation of epithelial cell proliferation,62/2098,407/18870,0.006324591355852046,0.03625557947031868,0.026859879328069117,SFRP2/SPARC/NOTCH2/CD109/TGFB1/ECM1/OSR1/CYP7B1/MDK/TWIST1/IGF1/HSPG2/SNAI2/DAB2/SULF1/SULF2/IGF2/THBS4/APOE/GRN/FGF7/IFT52/RUNX2/GPC3/NRP2/LAMB1/PTN/PLXNB3/SCN5A/PRKD1/VEGFD/F3/SEMA5A/NGFR/TACR1/PPARG/VASH2/SFRP1/MAGED1/ANG/TNMD/NKX3-1/FGF2/FZD7/BTK/OSR2/BID/THBS1/CCND1/VDR/ITGA4/TBX1/TACSTD2/HTR2B/RUNX3/CDKN2B/ALOX5/SOX11/GLI1/LEP/NR4A1/SCG2,62
GO:1903305,regulation of regulated secretory pathway,24/2098,127/18870,0.006421612082595336,0.03677544513178611,0.027245020846638785,ADRA2A/MICAL1/CD84/LRRK2/GAB2/ITGB2/SEPTIN5/FCGR2B/NCKAP1L/BCR/SYK/LGALS9/ITGAM/ATP2A2/SPI1/HYAL3/IL4R/SYT15/PTAFR/P2RY1/CACNB4/CD300A/SYN1/SCAMP5,24
GO:0048565,digestive tract development,25/2098,134/18870,0.006493384915110325,0.037136068685635806,0.027512188142839147,SFRP2/COL3A1/SRC/GLI3/DCHS1/CLMP/EPHB3/RARRES2/TGFB3/PCSK5/ID2/COBL/PDGFRA/SCT/SHOX2/GLI2/SFRP1/CCDC40/GATA6/PRDM1/PKDCC/SOX11/TLR9/GLI1/CYP1A1,25
GO:0060070,canonical Wnt signaling pathway,50/2098,316/18870,0.006497373133219559,0.037136068685635806,0.027512188142839147,COL1A1/SFRP2/SFRP4/SRC/GLI3/ADGRA2/CTHRC1/TGFB1/TPBG/SOX4/DKK3/IGFBP4/MDK/UBE2B/SNAI2/NID1/DAB2/RECK/FRZB/PTK7/SULF2/APOE/CAPRIN2/PRICKLE1/LRRK2/FZD6/RARG/FZD1/GPC3/IGFBP6/PTPRU/WWTR1/DACT3/JUP/SEMA5A/WNK2/SFRP1/SDC1/FGF2/PLEKHA4/TMEM198/FZD7/PPM1B/TBX18/FZD2/LGR5/FZD10/GLI1/EGR1/LEF1,50
GO:0048592,eye morphogenesis,29/2098,162/18870,0.006515969314649211,0.03720573629318384,0.02756380126167917,COL5A2/COL5A1/MFAP2/NOTCH2/GLI3/CDON/THY1/COL8A1/COL8A2/FAT1/TWIST1/NTRK2/TTC8/FBN1/RARG/TSKU/MFN2/EFEMP1/SOX8/EPHB2/FGF2/GDF11/MFAP5/FJX1/PRDM1/RBP4/SOX11/SDK2/VSX1,29
GO:0097553,calcium ion transmembrane import into cytosol,35/2098,205/18870,0.006540649653304258,0.03730997302233578,0.02764102485064058,THY1/PKD2/TRPC1/FYN/P2RX7/F2R/PLCE1/JPH1/BDKRB1/PDE4D/P2RX4/CACNA1C/PLCB2/SCN5A/PRKD1/CACNB3/TMEM38A/TRPV2/CLIC2/GRIN2D/FGF2/MCOLN3/PTK2B/FLNA/CCL21/PLN/TRPM2/DHRS7C/HTR2B/UBASH3B/TRPV4/CORO1A/CCR5/CCL3/CXCL9,35
GO:0007224,smoothened signaling pathway,27/2098,148/18870,0.006551060467750986,0.0373326870816781,0.027657852519702788,EVC/GLI3/CDON/HSPG2/GAS1/GLIS2/RAB34/TGFBR2/DZIP1/IFT52/RUNX2/KIF7/TUBA1A/GPC3/EVC2/PTCH2/DYNC2H1/CC2D2A/SHOX2/ENPP1/GLI2/SFRP1/GPR161/SERPINE2/HHIP/ARMC9/GLI1,27
GO:0001516,prostaglandin biosynthetic process,9/2098,32/18870,0.006628572012738981,0.03751668389666205,0.027794166221467343,PTGES/CD74/CBR1/PTGIS/ANXA1/PRXL2B/PLA2G4A/PLA2G4F/AKR1C3,9
GO:0001958,endochondral ossification,9/2098,32/18870,0.006628572012738981,0.03751668389666205,0.027794166221467343,COL1A1/TMEM119/MMP14/MMP16/RUNX2/CSGALNACT1/FGF18/NAB2/PHOSPHO1,9
GO:0034694,response to prostaglandin,9/2098,32/18870,0.006628572012738981,0.03751668389666205,0.027794166221467343,PRKAA2/GNG2/PTGER2/SFRP1/PTGFR/CCL21/PTGDR/TNC/AKR1C3,9
GO:0036075,replacement ossification,9/2098,32/18870,0.006628572012738981,0.03751668389666205,0.027794166221467343,COL1A1/TMEM119/MMP14/MMP16/RUNX2/CSGALNACT1/FGF18/NAB2/PHOSPHO1,9
GO:0046457,prostanoid biosynthetic process,9/2098,32/18870,0.006628572012738981,0.03751668389666205,0.027794166221467343,PTGES/CD74/CBR1/PTGIS/ANXA1/PRXL2B/PLA2G4A/PLA2G4F/AKR1C3,9
GO:0050654,chondroitin sulfate proteoglycan metabolic process,9/2098,32/18870,0.006628572012738981,0.03751668389666205,0.027794166221467343,DSEL/CHPF/DSE/CHPF2/CSGALNACT1/CHST11/XYLT1/CHSY3/UGDH,9
GO:0061036,positive regulation of cartilage development,9/2098,32/18870,0.006628572012738981,0.03751668389666205,0.027794166221467343,GLI3/BMP1/MDK/RUNX2/LOXL2/FGF18/SOX5/PKDCC/GDF6,9
GO:0010936,negative regulation of macrophage cytokine production,5/2098,12/18870,0.0068372457352584145,0.03832421427089345,0.02839242361308793,TGFB1/TWIST1/AXL/ACP5/TGFB3,5
GO:0014831,gastro-intestinal system smooth muscle contraction,5/2098,12/18870,0.0068372457352584145,0.03832421427089345,0.02839242361308793,SULF1/SULF2/PTGER3/PTAFR/HTR2B,5
GO:0016554,cytidine to uridine editing,5/2098,12/18870,0.0068372457352584145,0.03832421427089345,0.02839242361308793,APOBEC3C/APOBEC3F/APOBEC2/APOBEC3G/RBM47,5
GO:0033629,negative regulation of cell adhesion mediated by integrin,5/2098,12/18870,0.0068372457352584145,0.03832421427089345,0.02839242361308793,JAM3/SNAI2/SWAP70/PDE3B/MUC1,5
GO:0043380,regulation of memory T cell differentiation,5/2098,12/18870,0.0068372457352584145,0.03832421427089345,0.02839242361308793,HLA-DRB1/HLA-DRA/FGL2/BCL6/PCK1,5
GO:0043589,skin morphogenesis,5/2098,12/18870,0.0068372457352584145,0.03832421427089345,0.02839242361308793,COL1A1/COL1A2/ITGA2/ITGB4/ERRFI1,5
GO:0045060,negative thymic T cell selection,5/2098,12/18870,0.0068372457352584145,0.03832421427089345,0.02839242361308793,GLI3/CD74/SPN/DOCK2/CD28,5
GO:0061303,cornea development in camera-type eye,5/2098,12/18870,0.0068372457352584145,0.03832421427089345,0.02839242361308793,PRICKLE1/LIMK2/KERA/ANGPTL7/SOX11,5
GO:0072497,mesenchymal stem cell differentiation,5/2098,12/18870,0.0068372457352584145,0.03832421427089345,0.02839242361308793,LTBP3/FZD1/PDGFRA/SOX5/SLC4A11,5
GO:0090178,regulation of establishment of planar polarity involved in neural tube closure,5/2098,12/18870,0.0068372457352584145,0.03832421427089345,0.02839242361308793,SFRP2/PTK7/FZD1/SFRP1/FZD2,5
GO:0034394,protein localization to cell surface,15/2098,68/18870,0.006876562960440309,0.03850742633681473,0.028528155934953607,JAM3/SNX33/FBLN5/FGF7/RIC3/NLGN2/MAP1A/PTPRU/EPHB2/GPD1L/TYROBP/KCNAB2/FLNA/ACTN2/PRRT1,15
GO:0035265,organ growth,31/2098,177/18870,0.006965393920892291,0.03896728564414406,0.02886884185649203,EVC/THBS3/ECM1/FXN/IGF1/DDR2/TGFBR2/TENM4/IGF2/FGF7/BASP1/RARG/LEPR/TSKU/PI16/COMP/YBX3/RUNX1/PDLIM5/G6PD/PRKG1/NLGN4X/FGF2/SASH3/GATA6/NPPC/RBP4/PRLR/FOXC2/GLI1/LEP,31
GO:0010952,positive regulation of peptidase activity,30/2098,170/18870,0.007043474743927352,0.039361536672885236,0.02916092200557983,CTSK/DAP/RCN3/DAPK1/NOD1/FYN/PYCARD/GRN/BOK/F2R/MBP/GSN/PERP/LAPTM5/LGMN/CIDEB/F3/NGFR/IFI16/PPARG/SYK/CTSS/LGALS9/NKX3-1/CASP8/ACVR1C/BID/PRR7/CARD9/CLEC7A,30
GO:0048644,muscle organ morphogenesis,17/2098,81/18870,0.0070562010808461395,0.039361536672885236,0.02916092200557983,COL3A1/TGFB1/EFEMP2/FZD1/MYLK/SHOX2/COL11A1/TCAP/ACTC1/MYLK2/GSC/FZD2/SMTNL1/TBX1/FOXC2/TNNT2/DSP,17
GO:0061333,renal tubule morphogenesis,17/2098,81/18870,0.0070562010808461395,0.039361536672885236,0.02916092200557983,GLI3/DCHS1/PKD2/OSR1/ADAMTS16/GPC3/SOX8/FMN1/MAGED1/FGF2/TMEM59L/COL4A1/HS3ST3A1/LGR5/TACSTD2/KIF26B/IRX1,17
GO:0010927,cellular component assembly involved in morphogenesis,24/2098,128/18870,0.007091774750253319,0.039522011492054726,0.029279809480033656,PDGFRB/PHLDB1/TENM4/MYH3/PDGFRA/PRKD1/EPB41L3/FLNC/ACTG1/MYOZ1/PHLDB2/LMOD1/ITGB4/TCAP/CD9/NRAP/ACTC1/MYLK3/PLN/MYOM2/ACTN2/MYL9/ACRBP/TNNT2,24
GO:0003180,aortic valve morphogenesis,10/2098,38/18870,0.007170394350775216,0.03984543540186764,0.029519417488409274,ELN/EMILIN1/SLIT3/TGFB1/TWIST1/SNAI2/CDH11/TGFBR2/NFATC1/SMAD6,10
GO:0043516,"regulation of DNA damage response, signal transduction by p53 class mediator",10/2098,38/18870,0.007170394350775216,0.03984543540186764,0.029519417488409274,SOX4/TWIST1/SNAI2/HIC1/SPRED1/PLA2R1/PTTG1IP/CD44/CD74/MSX1,10
GO:0086091,regulation of heart rate by cardiac conduction,10/2098,38/18870,0.007170394350775216,0.03984543540186764,0.029519417488409274,KCNJ5/CACNA1C/SCN5A/JUP/CACNB2/KCNE4/KCND3/SCN2B/KCNE2/DSP,10
GO:0010884,positive regulation of lipid storage,8/2098,27/18870,0.007340920758973688,0.04059878747367639,0.030077536984386432,C3/MSR1/PLIN2/FITM1/HILPDA/IKBKE/CIDEA/PLIN5,8
GO:0032740,positive regulation of interleukin-17 production,8/2098,27/18870,0.007340920758973688,0.04059878747367639,0.030077536984386432,TGFB1/PRKCQ/MYD88/BTK/SPHK1/ARID5A/CARD9/SLAMF6,8
GO:0048714,positive regulation of oligodendrocyte differentiation,8/2098,27/18870,0.007340920758973688,0.04059878747367639,0.030077536984386432,MDK/TENM4/IL33/PTN/IL34/CXCR4/ZNF365/ZNF488,8
GO:0050995,negative regulation of lipid catabolic process,8/2098,27/18870,0.007340920758973688,0.04059878747367639,0.030077536984386432,ADRA2A/PIK3CG/CIDEA/PDE3B/CNR1/HCAR1/CIDEC/PLIN5,8
GO:0060384,innervation,8/2098,27/18870,0.007340920758973688,0.04059878747367639,0.030077536984386432,SULF1/SULF2/VCAM1/NTF4/ITGA4/SEMA3A/SERPINE2/NPTX1,8
GO:0006509,membrane protein ectodomain proteolysis,11/2098,44/18870,0.007425957144269881,0.040913219294853136,0.030310483220444433,TIMP2/SNX33/ADRA2A/BACE2/APOE/P2RX7/TIMP1/SPPL2A/BACE1/PRKCQ/PTPN3,11
GO:0030501,positive regulation of bone mineralization,11/2098,44/18870,0.007425957144269881,0.040913219294853136,0.030310483220444433,TMEM119/OSR1/TENT5A/P2RX7/PTN/ADGRV1/SLC20A2/OSR2/VDR/PKDCC/ALOX5,11
GO:0030835,negative regulation of actin filament depolymerization,11/2098,44/18870,0.007425957144269881,0.040913219294853136,0.030310483220444433,LIMA1/ADD3/CAPG/PLEKHH2/SPTAN1/GSN/SWAP70/CARMIL1/LMOD1/SPTB/VILL,11
GO:0046640,regulation of alpha-beta T cell proliferation,11/2098,44/18870,0.007425957144269881,0.040913219294853136,0.030310483220444433,TNFRSF14/CD81/TGFBR2/TWSG1/PRKCQ/SYK/LGALS9/MAPK8IP1/RASAL3/CD28/PTPN22,11
GO:0043406,positive regulation of MAP kinase activity,18/2098,88/18870,0.0074751583130153974,0.041145255283109396,0.030482386655319462,PDGFRB/TGFB1/MAP3K12/ADRA2A/PDGFD/NEK10/LRRK2/TENM1/CD24/FGF18/IL34/PIK3CG/FGF2/THBS1/PIK3R5/HTR2B/TNFRSF11A/FZD10,18
GO:0031669,cellular response to nutrient levels,41/2098,251/18870,0.007549382851180505,0.04151445664470189,0.030755908804600007,COL1A1/CTSK/POSTN/DAP/SESN3/PRR5/SNAI2/PLD1/PRKAA2/LRRK2/MN1/PDK2/PRKD1/PRKAG2/SESN1/KANK2/PLIN2/IFI16/FOLR2/SFRP1/FADS1/PENK/GABARAPL1/SLC38A2/STK26/PDK4/CYSLTR1/GLUL/FAM107A/KLF10/VDR/TNC/AKR1C3/MAP1LC3C/TNFRSF11A/CDKN2B/ATF3/FOS/PHEX/LEP/PCK1,41
GO:0033559,unsaturated fatty acid metabolic process,22/2098,115/18870,0.007622423215521053,0.04187645374884651,0.031024093693008556,FAAH/PTGES/CD74/FADS2/CBR1/PTGIS/ANXA1/SCD5/PRXL2B/FADS1/ELOVL5/PLA2G4A/AKR1C1/PLA2G4F/SCD/ELOVL7/AKR1C3/ABCD2/ELOVL6/ALOX5/CYP1A1/ELOVL4,22
GO:0006837,serotonin transport,7/2098,22/18870,0.007840943884581566,0.04269169383733264,0.03162806281224629,MAOB/SLC29A3/SYK/SLC18B1/SLC22A3/CNR1/LILRB1,7
GO:0019400,alditol metabolic process,7/2098,22/18870,0.007840943884581566,0.04269169383733264,0.03162806281224629,PGP/GOT1/PLA2G4A/PCK2/DGAT2/LEP/PCK1,7
GO:0048485,sympathetic nervous system development,7/2098,22/18870,0.007840943884581566,0.04269169383733264,0.03162806281224629,SOX4/NRP2/SEMA3A/PLXNA4/GFRA3/HAND2/SOX11,7
GO:0051220,cytoplasmic sequestering of protein,7/2098,22/18870,0.007840943884581566,0.04269169383733264,0.03162806281224629,PKD2/DZIP1/DBN1/TMSB4X/G3BP2/FLNA/MDFI,7
GO:0001991,regulation of systemic arterial blood pressure by circulatory renin-angiotensin,6/2098,17/18870,0.007844332241163066,0.04269169383733264,0.03162806281224629,CTSZ/F2R/PCSK5/SUCNR1/CPA3/CTSG,6
GO:0010919,regulation of inositol phosphate biosynthetic process,6/2098,17/18870,0.007844332241163066,0.04269169383733264,0.03162806281224629,HRH1/PRKG1/PTK2B/PLEK/PTAFR/P2RY1,6
GO:0033623,regulation of integrin activation,6/2098,17/18870,0.007844332241163066,0.04269169383733264,0.03162806281224629,SRC/JAM3/PIEZO1/FBLIM1/PLEK/SELP,6
GO:0033631,cell-cell adhesion mediated by integrin,6/2098,17/18870,0.007844332241163066,0.04269169383733264,0.03162806281224629,PIEZO1/SWAP70/DPP4/FERMT3/ITGA4/CCL5,6
GO:0070206,protein trimerization,6/2098,17/18870,0.007844332241163066,0.04269169383733264,0.03162806281224629,COL1A2/PXDN/SCARA5/CD74/SLC1A5/ASIC1,6
GO:1900120,regulation of receptor binding,6/2098,17/18870,0.007844332241163066,0.04269169383733264,0.03162806281224629,PTPRF/GREM2/ATP2A2/ANXA2/MMP9/ADIPOQ,6
GO:0051651,maintenance of location in cell,39/2098,237/18870,0.007976750563739839,0.04337171397344311,0.03213185447861691,THY1/KDELR3/PKD2/TRPC1/TMSB10/APOE/P2RX7/CD4/F2R/DZIP1/PLCE1/GSN/JPH1/DBN1/GM2A/TMSB4X/BDKRB1/PDE4D/CACNA1C/PLCB2/PRKD1/TMEM38A/CLIC2/FGF2/MCOLN3/PTK2B/FLNA/CCL21/PLN/CHCHD10/TRPM2/DHRS7C/ATP2A1/HTR2B/UBASH3B/CORO1A/CCR5/CCL3/CXCL9,39
GO:0045862,positive regulation of proteolysis,54/2098,350/18870,0.008030628243045778,0.043623814974150445,0.03231862304103992,MMP14/CTSK/SPON1/SRC/DAP/RCN3/DAPK1/SNX33/NOD1/DAB2/ADRA2A/S100A10/FYN/APOE/RAD23A/PYCARD/GRN/BOK/F2R/MBP/CLU/GSN/PRICKLE1/ZYG11B/LRRK2/PERP/IL33/LAPTM5/USP13/LGMN/CEBPA/CIDEB/F3/NGFR/CLEC3B/IFI16/PPARG/SYK/CTSS/MELTF/LGALS9/NKX3-1/CASP8/PTK2B/ACVR1C/CCBE1/BID/ANXA2/KLHL40/PRR7/KCNE2/TRIB1/CARD9/CLEC7A,54
GO:0032872,regulation of stress-activated MAPK cascade,32/2098,186/18870,0.008063970875731838,0.04376399894894839,0.0324224780807831,APP/NOD1/PYCARD/MID1/EDA2R/EZR/IGFBP6/FCGR2B/CCN2/HGF/MYD88/TNFRSF19/KLHL31/FZD7/MAPK8IP1/PTK2B/CCL21/RASSF2/NAIP/TRAF4/GADD45A/SPI1/SPHK1/SEMA3A/HAND2/TRPV4/TLR9/SCIMP/PTPN22/LEP/CARD9/GDF6,32
GO:0038094,Fc-gamma receptor signaling pathway,9/2098,33/18870,0.008232944905194226,0.044597678231775066,0.03304010784321367,SRC/FYN/PLD2/VAV2/PRKCD/FCGR2B/SYK/FCER1G/FCGR3A,9
GO:0050858,negative regulation of antigen receptor-mediated signaling pathway,9/2098,33/18870,0.008232944905194226,0.044597678231775066,0.03304010784321367,THY1/LGALS3/EZR/LAPTM5/LILRB4/FCGR2B/CD300A/PTPN22/SH2D1A,9
GO:0002931,response to ischemia,14/2098,63/18870,0.00828206804418102,0.0447802319670011,0.03317535244199533,P2RX7/SQSTM1/RNLS/CSF1R/KCNJ11/P2RX4/NPR3/PTK2B/MAP2K6/PANX1/GJB2/NPPC/UCHL1/EGR1,14
GO:0046173,polyol biosynthetic process,14/2098,63/18870,0.00828206804418102,0.0447802319670011,0.03317535244199533,PGP/IMPA2/HRH1/PRKG1/GOT1/FGF2/PTK2B/PLEK/PCK2/SPHK1/PTAFR/P2RY1/LEP/PCK1,14
GO:0001776,leukocyte homeostasis,21/2098,109/18870,0.008293601827052906,0.04480087982297323,0.03319064936809325,JAM3/LIPA/AXL/SH2B2/P2RX7/F2R/DOCK11/TCIRG1/CD74/PPP2CA/DOCK10/NCKAP1L/ANXA1/MERTK/LGALS9/SASH3/BTK/RIPK3/GPR183/IL7R/CORO1A,21
GO:0035051,cardiocyte differentiation,29/2098,165/18870,0.008419860466052951,0.045406335840435456,0.03363920034438649,PDGFRB/TGFB1/TWIST1/IGF1/TENM4/PRICKLE1/PI16/PDGFRA/ALPK3/PDLIM5/G6PD/ALPK2/SHOX2/ASB2/PRKG1/TCAP/CXADR/NRAP/VCAM1/FZD7/ACADM/ACTC1/MYLK3/NOX4/INHBA/ACTN2/TBX18/GATA6/HAND2,29
GO:0006112,energy reserve metabolic process,18/2098,89/18870,0.008421323178947648,0.045406335840435456,0.03363920034438649,IGF1/IGF2/PPP1R1A/LEPR/PRKAG2/ENPP1/PPP1R2B/GYG1/PYGM/MRAP2/GABARAPL1/PPP1R3C/ACADM/PYGL/PPP1R3G/PPP1R3A/GYG2/LEP,18
GO:0005977,glycogen metabolic process,16/2098,76/18870,0.008532973284153427,0.045965654787642814,0.03405357075708921,IGF1/IGF2/PPP1R1A/LEPR/PRKAG2/ENPP1/PPP1R2B/GYG1/PYGM/GABARAPL1/PPP1R3C/ACADM/PYGL/PPP1R3G/PPP1R3A/GYG2,16
GO:0002448,mast cell mediated immunity,13/2098,57/18870,0.00859396365695092,0.04620846940362407,0.034233459518477984,SPON2/CD84/S100A13/GAB2/MILR1/SYK/LGALS9/PIK3CG/BTK/PTGDR/FCER1A/IL4R/CD300A,13
GO:0060998,regulation of dendritic spine development,13/2098,57/18870,0.00859396365695092,0.04620846940362407,0.034233459518477984,LPAR1/TANC2/SRGAP2C/APOE/CAPRIN2/NEURL1/DBN1/NLGN2/PTPRS/EPHB2/CAMK1/BAIAP2/TIAM1,13
GO:0055094,response to lipoprotein particle,10/2098,39/18870,0.00870270804643532,0.04666355090087711,0.03457060580821418,TGFB1/CD81/APOE/ITGB2/PPARG/SYK/CD9/MYD88/FCER1G/LDLR,10
GO:0060999,positive regulation of dendritic spine development,10/2098,39/18870,0.00870270804643532,0.04666355090087711,0.03457060580821418,LPAR1/APOE/CAPRIN2/NEURL1/DBN1/NLGN2/EPHB2/CAMK1/BAIAP2/TIAM1,10
GO:0099622,cardiac muscle cell membrane repolarization,10/2098,39/18870,0.00870270804643532,0.04666355090087711,0.03457060580821418,KCNJ5/SNTA1/SCN5A/ATP1B1/KCNE4/FLNA/KCND3/SCN2B/KCNE2/KCNIP2,10
GO:0045581,negative regulation of T cell differentiation,12/2098,51/18870,0.008804390389615946,0.047121746536866176,0.03491005920190189,GLI3/MDK/LOXL3/RUNX1/CD74/LILRB4/ANXA1/FGL2/BCL6/DTX1/IL4R/RUNX3,12
GO:0051489,regulation of filopodium assembly,12/2098,51/18870,0.008804390389615946,0.047121746536866176,0.03491005920190189,PALM/SRGAP2C/FSCN1/TGFB3/NEURL1/DOCK11/TENM1/PRKCD/AGRN/EPHB2/CCL21/TRPM2,12
GO:0030890,positive regulation of B cell proliferation,11/2098,45/18870,0.008863245543202638,0.04730594381376628,0.03504652141550811,CD81/SLC39A10/CD74/EPHB2/NCKAP1L/SASH3/BTK/BCL6/GPR183/PRLR/TLR9,11
GO:0045687,positive regulation of glial cell differentiation,11/2098,45/18870,0.008863245543202638,0.04730594381376628,0.03504652141550811,TGFB1/MDK/TENM4/ID2/IL33/PTN/IL34/CXCR4/SERPINE2/ZNF365/ZNF488,11
GO:0048713,regulation of oligodendrocyte differentiation,11/2098,45/18870,0.008863245543202638,0.04730594381376628,0.03504652141550811,MDK/TMEM98/ID4/TENM4/TNFRSF21/IL33/PTN/IL34/CXCR4/ZNF365/ZNF488,11
GO:0051279,regulation of release of sequestered calcium ion into cytosol,17/2098,83/18870,0.009048143538679004,0.04822984346644723,0.035730990772909255,THY1/PKD2/TRPC1/F2R/JPH1/BDKRB1/PDE4D/CACNA1C/PRKD1/TMEM38A/CLIC2/PTK2B/PLN/DHRS7C/UBASH3B/CORO1A/CXCL9,17
GO:1901880,negative regulation of protein depolymerization,15/2098,70/18870,0.009052958391325552,0.04822984346644723,0.035730990772909255,LIMA1/ADD3/MAP1B/CAPG/PLEKHH2/SPTAN1/NAV3/MID1/GSN/MID1IP1/SWAP70/CARMIL1/LMOD1/SPTB/VILL,15
GO:2000116,regulation of cysteine-type endopeptidase activity,33/2098,195/18870,0.009227948411508074,0.04910484646672713,0.036379235135365444,SRC/DAP/DAPK1/NOD1/FYN/PYCARD/BOK/F2R/GSN/PERP/CD44/LAPTM5/CST3/LGMN/CIDEB/F3/NGFR/HGF/IFI16/PPARG/SYK/LGALS9/NKX3-1/CASP8/NAIP/ACVR1C/BID/THBS1/MMP9/PRR7/DHCR24/CARD9/CLEC7A,33
GO:0032868,response to insulin,43/2098,269/18870,0.00923411268153367,0.04910484646672713,0.036379235135365444,COL1A1/CTSK/SRC/SESN3/RAB31/SH2B2/IGF2/RARRES2/TBC1D4/FBP1/PNPLA3/LPIN3/PIP4K2A/HSD11B2/PDK2/LPIN2/HDAC5/HADH/PRKCD/PRKCQ/TWIST2/ENPP1/PPARG/SLC2A4/GOT1/PTPRE/ACVR1C/PCK2/PDK4/BAIAP2/PDE3B/GCNT1/GPT2/TRARG1/ADIPOQ/TNFRSF11A/FOXC2/TRPV4/FOS/LEP/EGR1/PCK1/ERFE,43
GO:0044403,biological process involved in symbiotic interaction,50/2098,322/18870,0.009269291813921799,0.04915834667052906,0.036418870662893656,EEF1A1/SRC/LRRC15/TNFRSF14/FN1/PPIB/CD81/AXL/ITGB5/APOE/VPS4A/CD4/KPNA3/GSN/SLC7A1/TRIM22/HLA-DRB1/FUCA2/CSF1R/ANPEP/ITGA2/SIGLEC1/CD74/MRC1/DPP4/SLC20A2/WWP1/TRIM5/TYRO3/MYD88/CXADR/LGALS9/F11R/CD209/SLC1A5/FBXL2/FASN/NCAM1/GAPDH/CD86/CXCR4/SELPLG/TRIM6/CTSG/CCL5/CCR5/CARD9/CCL3/LEF1/LDLR,50
GO:0003094,glomerular filtration,8/2098,28/18870,0.0092949654975445,0.04915834667052906,0.036418870662893656,KIRREL1/SULF1/SULF2/F2R/CD34/TBC1D8B/MCAM/JCHAIN,8
GO:0007202,activation of phospholipase C activity,8/2098,28/18870,0.0092949654975445,0.04915834667052906,0.036418870662893656,LPAR1/PLCB2/ANG/GNA15/NMUR1/CD86/HTR2B/LPAR2,8
GO:0048668,collateral sprouting,8/2098,28/18870,0.0092949654975445,0.04915834667052906,0.036418870662893656,CRABP2/APP/SPP1/COBL/PTPRS/PRKG1/EFNA5/IFRD1,8
GO:0060512,prostate gland morphogenesis,8/2098,28/18870,0.0092949654975445,0.04915834667052906,0.036418870662893656,MMP2/CYP7B1/ID4/SULF1/RARG/SFRP1/NKX3-1/TNC,8
GO:0090594,inflammatory response to wounding,8/2098,28/18870,0.0092949654975445,0.04915834667052906,0.036418870662893656,TGFB1/MDK/GRN/TIMP1/F2R/IL33/PPARG/ALOX5,8
GO:0016331,morphogenesis of embryonic epithelium,27/2098,152/18870,0.009349209413232265,0.04940023572578687,0.036598073724323804,SFRP2/CTHRC1/PLXNB2/TGFB1/OSR1/TWIST1/SULF1/PTK7/IFT52/LUZP1/PRICKLE1/FZD6/RARG/FZD1/COBL/CC2D2A/SOX8/GDF7/SFRP1/CELSR1/TBX18/FZD2/ST14/MTHFD1L/SDC4/IRX1/SOX11,27
GO:0055007,cardiac muscle cell differentiation,24/2098,131/18870,0.009454328303613115,0.049910258599164876,0.036975923231451484,PDGFRB/TGFB1/IGF1/PRICKLE1/PI16/PDGFRA/ALPK3/PDLIM5/G6PD/ALPK2/SHOX2/ASB2/PRKG1/TCAP/CXADR/NRAP/FZD7/ACADM/ACTC1/MYLK3/NOX4/ACTN2/TBX18/GATA6,24
